[
  {
    "name": "Dry",
    "characteristics": "small pores, feels tight in the morning, dull, rough skin, prone to redness and flaking",
    "image": "dry",
    "position": {
      "top": 0,
      "left": 0
    }
  },
  {
    "name": "Oily",
    "characteristics": "larger pores, shiny/greasy skin, may have blemishes or blackheads",
    "image": "oily",
    "position": {
      "top": 18,
      "left": 35
    }
  },
  {
    "name": "Combination",
    "characteristics": "medium sized pores in T-zone (forehead and nose), oily in T-zone;, may have blemishes or blackheads",
    "image": "normal",
    "position": {
      "top": 35,
      "left": 65
    }
  },
  {
    "name": "Dehydrated",
    "characteristics": "dry skin, may have rough or flakey spots but produces excessive sebum, should be treated as oily skin, despite dry appearance",
    "image": "dry",
    "position": {
      "top": 70,
      "left": 60
    }
  },
  {
    "name": "Sensitive",
    "characteristics": "fine/larger pores, redness, itching and dryness of skin, prone to irritation",
    "image": "normal",
    "position": {
      "top": 0,
      "left": 70
    }
  },
  {
    "name": "Acne-prone",
    "characteristics": "usually oily or combination skin, products easily irritate, caused by sensitivity or hormonal imbalances",
    "image": "oily",
    "position": {
      "top": 65,
      "left": 23
    }
  },
  {
    "name": "Normal",
    "characteristics": "pores barely visible, even skin tone, minimal skin sensitivities and blemishes",
    "image": "normal",
    "position": {
      "top": 35,
      "left": 0
    }
  }
]
