{"v":"5.12.1","fr":60,"ip":70,"op":130,"w":500,"h":500,"nm":"system-regular-41-home","ddd":0,"assets":[{"id":"comp_0","nm":"in-home","fr":60,"layers":[{"ddd":0,"ind":1,"ty":4,"nm":".primary.design","cl":"primary design","sr":1,"ks":{"o":{"a":0,"k":100,"ix":11},"r":{"a":0,"k":0,"ix":10},"p":{"a":0,"k":[250.003,249.679,0],"ix":2,"l":2},"a":{"a":0,"k":[0,0,0],"ix":1,"l":2},"s":{"a":0,"k":[100,100,100],"ix":6,"l":2}},"ao":0,"hasMask":true,"masksProperties":[{"inv":false,"mode":"a","pt":{"a":0,"k":{"i":[[0,0],[0,0],[0,0],[0,0]],"o":[[0,0],[0,0],[0,0],[0,0]],"v":[[153.997,10.321],[-142.003,10.321],[-142.003,220.321],[153.997,220.321]],"c":true},"ix":1},"o":{"a":0,"k":100,"ix":3},"x":{"a":0,"k":0,"ix":4},"nm":"Mask 1"}],"shapes":[{"ty":"gr","it":[{"ind":0,"ty":"sh","ix":1,"ks":{"a":1,"k":[{"i":{"x":0.339,"y":1},"o":{"x":0.587,"y":0},"t":1,"s":[{"i":[[0.253,0],[0,0],[0,0.007],[0,0],[0.208,0],[0,0],[0,0],[0,0],[-0.018,0],[-7.446,-0.013],[-7.875,0.013],[0,0],[0,0],[0,0],[0.483,0],[0,0],[0.094,-0.031],[0,0]],"o":[[0,0],[-0.554,0],[0,0],[-0.135,-0.031],[0,0],[0,0],[0,0],[0,0],[0,0],[7.313,0.013],[6.325,-0.011],[0.039,0],[0,0],[0,0.502],[0,0],[-0.206,0],[0,0],[0,0.002]],"v":[[45.997,173.196],[-46.003,173.195],[-47.376,173.183],[-47.243,173.227],[-47.625,173.2],[-171.503,173.2],[-171.503,173.2],[-172.012,172.991],[-171.965,172.991],[-12.101,173.307],[11.836,173.307],[171.649,172.991],[171.801,172.991],[171.879,172.321],[170.992,173.204],[47.219,173.2],[46.84,173.196],[46.407,173.192]],"c":true}]},{"t":60,"s":[{"i":[[12.854,0],[0,0],[0,-14.084],[0,0],[22.986,0],[0,0],[0,11.944],[0,0],[-3.485,2.056],[-7.446,5.179],[-7.875,-5.212],[0,0],[0,-10.358],[0,0],[11.347,0],[0,0],[0,22.851],[0,0]],"o":[[0,0],[-8.424,0],[0,0],[0,23.124],[0,0],[-11.874,0],[0,0],[0,-8.653],[0,0],[7.313,-5.087],[6.325,4.186],[2.307,1.351],[0,0],[0,11.807],[0,0],[-22.627,0],[0,0],[0,-10.116]],"v":[[26.081,36.689],[-26.017,36.807],[-46.876,57.717],[-47.248,130.327],[-88.871,172.2],[-150.004,172.2],[-171.503,150.572],[-171.914,-46.089],[-162.893,-63.173],[-12.003,-168.343],[11.934,-168.405],[162.878,-63.155],[171.899,-46.009],[171.879,151.446],[151.025,172.204],[88.464,172.2],[46.841,130.508],[46.907,57.624]],"c":true}]}],"ix":2},"nm":"Path 1","mn":"ADBE Vector Shape - Group","hd":false},{"ty":"st","c":{"a":0,"k":[0.169,0.278,0.208,1],"ix":3,"x":"var $bm_rt;\n$bm_rt = comp('system-regular-41-home').layer('control').effect('primary')('Color');"},"o":{"a":0,"k":100,"ix":4},"w":{"a":0,"k":31.3,"ix":5},"lc":2,"lj":2,"bm":0,"nm":".primary","mn":"ADBE Vector Graphic - Stroke","hd":false,"cl":"primary"},{"ty":"tr","p":{"a":0,"k":[0,0],"ix":2},"a":{"a":0,"k":[0,0],"ix":1},"s":{"a":0,"k":[100,100],"ix":3},"r":{"a":0,"k":0,"ix":6},"o":{"a":0,"k":100,"ix":7},"sk":{"a":0,"k":0,"ix":4},"sa":{"a":0,"k":0,"ix":5},"nm":"Transform"}],"nm":"Group 1","np":2,"cix":2,"bm":0,"ix":1,"mn":"ADBE Vector Group","hd":false},{"ty":"tm","s":{"a":1,"k":[{"i":{"x":[0.833],"y":[0.833]},"o":{"x":[0.167],"y":[0.167]},"t":17,"s":[37]},{"t":60,"s":[36]}],"ix":1},"e":{"a":1,"k":[{"i":{"x":[0.833],"y":[0.833]},"o":{"x":[0.167],"y":[0.167]},"t":17,"s":[80]},{"t":60,"s":[76]}],"ix":2},"o":{"a":0,"k":168,"ix":3},"m":1,"ix":2,"nm":"Trim Paths 1","mn":"ADBE Vector Filter - Trim","hd":false}],"ip":1,"op":60,"st":0,"ct":1,"bm":0},{"ddd":0,"ind":2,"ty":4,"nm":".primary.design","cl":"primary design","sr":1,"ks":{"o":{"a":0,"k":100,"ix":11},"r":{"a":0,"k":0,"ix":10},"p":{"a":0,"k":[250.003,249.679,0],"ix":2,"l":2},"a":{"a":0,"k":[0,0,0],"ix":1,"l":2},"s":{"a":0,"k":[100,100,100],"ix":6,"l":2}},"ao":0,"shapes":[{"ty":"gr","it":[{"ind":0,"ty":"sh","ix":1,"ks":{"a":1,"k":[{"i":{"x":0.01,"y":1},"o":{"x":0.167,"y":0.167},"t":1,"s":[{"i":[[0.253,0],[0,0],[0,0.007],[0,0],[0.208,0],[0,0],[0,0],[0,0],[-0.018,0],[-7.446,-0.013],[-7.875,0.013],[0,0],[0,0],[0,0],[0.483,0],[0,0],[0.094,-0.031],[0,0]],"o":[[0,0],[-0.554,0],[0,0],[-0.135,-0.031],[0,0],[0,0],[0,0],[0,0],[0,0],[7.313,0.013],[6.325,-0.011],[0.039,0],[0,0],[0,0.502],[0,0],[-0.206,0],[0,0],[0,0.002]],"v":[[45.997,173.196],[-46.003,173.195],[-47.376,173.183],[-47.243,173.227],[-47.625,173.2],[-171.503,173.2],[-171.503,173.2],[-172.012,172.991],[-171.965,172.991],[-12.101,173.307],[11.836,173.307],[171.649,172.991],[171.801,172.991],[171.879,172.321],[170.992,173.204],[47.219,173.2],[46.84,173.196],[46.407,173.192]],"c":true}]},{"t":60,"s":[{"i":[[12.854,0],[0,0],[0,-14.084],[0,0],[22.986,0],[0,0],[0,11.944],[0,0],[-3.485,2.056],[-7.446,5.179],[-7.875,-5.212],[0,0],[0,-10.358],[0,0],[11.347,0],[0,0],[0,22.851],[0,0]],"o":[[0,0],[-8.424,0],[0,0],[0,23.124],[0,0],[-11.874,0],[0,0],[0,-8.653],[0,0],[7.313,-5.087],[6.325,4.186],[2.307,1.351],[0,0],[0,11.807],[0,0],[-22.627,0],[0,0],[0,-10.116]],"v":[[26.081,36.689],[-26.017,36.807],[-46.876,57.717],[-47.248,130.327],[-88.871,172.2],[-150.004,172.2],[-171.503,150.572],[-171.914,-46.089],[-162.893,-63.173],[-12.003,-168.343],[11.934,-168.405],[162.878,-63.155],[171.899,-46.009],[171.879,151.446],[151.025,172.204],[88.464,172.2],[46.841,130.508],[46.907,57.624]],"c":true}]}],"ix":2},"nm":"Path 1","mn":"ADBE Vector Shape - Group","hd":false},{"ty":"st","c":{"a":0,"k":[0.169,0.278,0.208,1],"ix":3,"x":"var $bm_rt;\n$bm_rt = comp('system-regular-41-home').layer('control').effect('primary')('Color');"},"o":{"a":0,"k":100,"ix":4},"w":{"a":0,"k":31.3,"ix":5},"lc":2,"lj":2,"bm":0,"nm":".primary","mn":"ADBE Vector Graphic - Stroke","hd":false,"cl":"primary"},{"ty":"tr","p":{"a":0,"k":[0,0],"ix":2},"a":{"a":0,"k":[0,0],"ix":1},"s":{"a":0,"k":[100,100],"ix":3},"r":{"a":0,"k":0,"ix":6},"o":{"a":0,"k":100,"ix":7},"sk":{"a":0,"k":0,"ix":4},"sa":{"a":0,"k":0,"ix":5},"nm":"Transform"}],"nm":"Group 1","np":2,"cix":2,"bm":0,"ix":1,"mn":"ADBE Vector Group","hd":false},{"ty":"tm","s":{"a":1,"k":[{"i":{"x":[0.833],"y":[0.833]},"o":{"x":[0.167],"y":[0.167]},"t":1,"s":[21]},{"t":60,"s":[19]}],"ix":1},"e":{"a":1,"k":[{"i":{"x":[0.833],"y":[0.833]},"o":{"x":[0.167],"y":[0.167]},"t":1,"s":[83]},{"t":60,"s":[84]}],"ix":2},"o":{"a":0,"k":0,"ix":3},"m":1,"ix":2,"nm":"Trim Paths 1","mn":"ADBE Vector Filter - Trim","hd":false}],"ip":1,"op":60,"st":0,"ct":1,"bm":0},{"ddd":0,"ind":3,"ty":4,"nm":".primary.design","cl":"primary design","sr":1,"ks":{"o":{"a":0,"k":100,"ix":11},"r":{"a":0,"k":0,"ix":10},"p":{"a":0,"k":[250.002,249.637,0],"ix":2,"l":2},"a":{"a":0,"k":[0,0,0],"ix":1,"l":2},"s":{"a":0,"k":[2083,2083,100],"ix":6,"l":2}},"ao":0,"shapes":[{"ty":"gr","it":[{"ind":0,"ty":"sh","ix":1,"ks":{"a":0,"k":{"i":[[0,0],[0.14,0],[0,0],[0,0.69],[0,0],[0.96,0],[0,0],[0,-0.96],[0,0],[0.69,0],[0,0],[0,0.14],[0,0],[-0.07,0.05],[0,0],[-0.09,-0.06],[0,0],[0,-0.09],[0,0]],"o":[[0,0.14],[0,0],[-0.69,0],[0,0],[0,-0.96],[0,0],[-0.96,0],[0,0],[0,0.69],[0,0],[-0.14,0],[0,0],[0,-0.08],[0,0],[0.09,-0.06],[0,0],[0.07,0.05],[0,0],[0,0]],"v":[[7.5,7.268],[7.25,7.518],[4.25,7.518],[3,6.268],[3,2.768],[1.25,1.018],[-1.25,1.018],[-3,2.768],[-3,6.268],[-4.25,7.518],[-7.25,7.518],[-7.5,7.268],[-7.5,-2.212],[-7.39,-2.423],[-0.14,-7.473],[0.15,-7.473],[7.4,-2.423],[7.51,-2.212],[7.51,7.268]],"c":true},"ix":2},"nm":"Path 1","mn":"ADBE Vector Shape - Group","hd":false},{"ind":1,"ty":"sh","ix":2,"ks":{"a":0,"k":{"i":[[0.47,0.32],[0,0],[0.6,-0.42],[0,0],[0,-0.57],[0,0],[-0.96,0],[0,0],[0,1.52],[0,0],[-0.14,0],[0,0],[0,-0.14],[0,0],[-1.52,0],[0,0],[0,0.96],[0,0]],"o":[[0,0],[-0.6,-0.42],[0,0],[-0.47,0.32],[0,0],[0,0.96],[0,0],[1.52,0],[0,0],[0,-0.14],[0,0],[0.14,0],[0,0],[0,1.52],[0,0],[0.96,0],[0,0],[0,-0.57]],"v":[[8.25,-3.643],[1,-8.702],[-1,-8.702],[-8.25,-3.643],[-9,-2.212],[-9,7.268],[-7.25,9.018],[-4.25,9.018],[-1.5,6.268],[-1.5,2.768],[-1.25,2.518],[1.25,2.518],[1.5,2.768],[1.5,6.268],[4.25,9.018],[7.25,9.018],[9,7.268],[9,-2.212]],"c":true},"ix":2},"nm":"Path 2","mn":"ADBE Vector Shape - Group","hd":false},{"ty":"fl","c":{"a":0,"k":[0.169,0.278,0.208,1],"ix":4,"x":"var $bm_rt;\n$bm_rt = comp('system-regular-41-home').layer('control').effect('primary')('Color');"},"o":{"a":0,"k":100,"ix":5},"r":1,"bm":0,"nm":".primary","mn":"ADBE Vector Graphic - Fill","hd":false,"cl":"primary"},{"ty":"tr","p":{"a":0,"k":[0,0],"ix":2},"a":{"a":0,"k":[0,0],"ix":1},"s":{"a":0,"k":[100,100],"ix":3},"r":{"a":0,"k":0,"ix":6},"o":{"a":0,"k":100,"ix":7},"sk":{"a":0,"k":0,"ix":4},"sa":{"a":0,"k":0,"ix":5},"nm":"Transform"}],"nm":"Group 1","np":3,"cix":2,"bm":0,"ix":1,"mn":"ADBE Vector Group","hd":false}],"ip":60,"op":300,"st":0,"ct":1,"bm":0}]},{"id":"comp_1","nm":"hover-home-2","fr":60,"layers":[{"ddd":0,"ind":1,"ty":4,"nm":".primary.design","cl":"primary design","sr":1,"ks":{"o":{"a":0,"k":100,"ix":11},"r":{"a":0,"k":0,"ix":10},"p":{"a":0,"k":[250.003,249.679,0],"ix":2,"l":2},"a":{"a":0,"k":[0,0,0],"ix":1,"l":2},"s":{"a":0,"k":[100,100,100],"ix":6,"l":2}},"ao":0,"shapes":[{"ty":"gr","it":[{"ind":0,"ty":"sh","ix":1,"ks":{"a":1,"k":[{"i":{"x":0.2,"y":1},"o":{"x":0.333,"y":0},"t":1,"s":[{"i":[[0,0],[0,0.428],[-4.021,-2.661],[0,0],[0,-10.358],[0,0],[11.347,0],[0,0]],"o":[[0,0],[4.17,0],[6.325,4.186],[2.307,1.351],[0,0],[0,11.807],[0,0],[0,0.742]],"v":[[-0.753,-172.131],[-0.504,-172.232],[11.934,-168.405],[162.878,-63.155],[171.899,-46.009],[171.879,151.446],[151.025,172.204],[150.964,171.837]],"c":false}]},{"i":{"x":0.344,"y":1},"o":{"x":0.551,"y":0},"t":30,"s":[{"i":[[0,0],[-2.162,0.084],[-2.175,-2.661],[0,0],[0,-10.358],[0,0],[6.139,0],[0,0]],"o":[[0,0],[2.256,-0.087],[3.422,4.186],[1.248,1.351],[0,0],[0,11.807],[0,0],[0,0.143]],"v":[[-102.503,-172.166],[109.719,-172.562],[116.448,-168.735],[198.116,-63.485],[202.997,-46.339],[202.986,151.116],[191.703,171.874],[-16.996,172.177]],"c":false}]},{"t":60,"s":[{"i":[[0,0],[0,0.428],[-4.021,-2.661],[0,0],[0,-10.358],[0,0],[11.347,0],[0,0]],"o":[[0,0],[4.17,0],[6.325,4.186],[2.307,1.351],[0,0],[0,11.807],[0,0],[0,0.742]],"v":[[-0.753,-172.131],[-0.504,-172.232],[11.934,-168.405],[162.878,-63.155],[171.899,-46.009],[171.879,151.446],[151.025,172.204],[150.964,171.837]],"c":false}]}],"ix":2},"nm":"Path 1","mn":"ADBE Vector Shape - Group","hd":false},{"ty":"st","c":{"a":0,"k":[0.169,0.278,0.208,1],"ix":3,"x":"var $bm_rt;\n$bm_rt = comp('system-regular-41-home').layer('control').effect('primary')('Color');"},"o":{"a":0,"k":100,"ix":4},"w":{"a":0,"k":31.3,"ix":5},"lc":2,"lj":2,"bm":0,"nm":".primary","mn":"ADBE Vector Graphic - Stroke","hd":false,"cl":"primary"},{"ty":"tr","p":{"a":0,"k":[0,0],"ix":2},"a":{"a":0,"k":[0,0],"ix":1},"s":{"a":0,"k":[100,100],"ix":3},"r":{"a":0,"k":0,"ix":6},"o":{"a":0,"k":100,"ix":7},"sk":{"a":0,"k":0,"ix":4},"sa":{"a":0,"k":0,"ix":5},"nm":"Transform"}],"nm":"Group 1","np":2,"cix":2,"bm":0,"ix":1,"mn":"ADBE Vector Group","hd":false}],"ip":1,"op":60,"st":0,"ct":1,"bm":0},{"ddd":0,"ind":2,"ty":4,"nm":".primary.design","cl":"primary design","sr":1,"ks":{"o":{"a":0,"k":100,"ix":11},"r":{"a":0,"k":0,"ix":10},"p":{"a":0,"k":[250.003,249.679,0],"ix":2,"l":2},"a":{"a":0,"k":[0,0,0],"ix":1,"l":2},"s":{"a":0,"k":[100,100,100],"ix":6,"l":2}},"ao":0,"shapes":[{"ty":"gr","it":[{"ind":0,"ty":"sh","ix":1,"ks":{"a":1,"k":[{"i":{"x":0.2,"y":1},"o":{"x":0.333,"y":0},"t":1,"s":[{"i":[[12.854,0],[0,0],[0,-14.084],[0,0],[22.986,0],[0,0],[0,11.944],[0,0],[-3.485,2.056],[-7.446,5.179],[-7.875,-5.212],[0,0],[0,-10.358],[0,0],[11.347,0],[0,0],[0,22.851],[0,0]],"o":[[0,0],[-8.424,0],[0,0],[0,23.124],[0,0],[-11.874,0],[0,0],[0,-8.653],[0,0],[7.313,-5.087],[6.325,4.186],[2.307,1.351],[0,0],[0,11.807],[0,0],[-22.627,0],[0,0],[0,-10.116]],"v":[[26.081,36.689],[-26.017,36.807],[-46.876,57.717],[-47.248,130.327],[-88.871,172.2],[-150.004,172.2],[-171.503,150.572],[-171.914,-46.089],[-162.893,-63.173],[-12.003,-168.343],[11.934,-168.405],[162.878,-63.155],[171.899,-46.009],[171.879,151.446],[151.025,172.204],[88.464,172.2],[46.841,130.508],[46.907,57.624]],"c":true}]},{"i":{"x":0.344,"y":1},"o":{"x":0.551,"y":0},"t":30,"s":[{"i":[[7.137,0],[0,0],[0,-14.084],[0,0],[12.764,0],[0,0],[0,11.944],[0,0],[-1.935,2.056],[-4.134,5.179],[-4.373,-5.212],[0,0],[0,-10.358],[0,0],[0.116,0],[0,0],[0,22.851],[0,0]],"o":[[0,0],[-4.677,0],[0,0],[0,23.124],[0,0],[-6.593,0],[0,0],[0,-8.653],[0,0],[4.061,-5.087],[3.512,4.186],[1.281,1.351],[0,0],[0,0.218],[0,0],[-12.564,0],[0,0],[0,-10.116]],"v":[[-91.972,36.689],[-120.901,36.807],[-132.483,57.717],[-132.69,130.327],[-155.802,172.2],[-189.748,172.2],[-201.686,150.572],[-201.914,-46.089],[-196.905,-63.173],[-113.119,-168.343],[-99.827,-168.405],[-16.012,-63.155],[-11.003,-46.009],[-11.014,171.821],[-11.228,172.204],[-57.332,172.2],[-80.445,130.508],[-80.408,57.624]],"c":true}]},{"t":60,"s":[{"i":[[12.854,0],[0,0],[0,-14.084],[0,0],[22.986,0],[0,0],[0,11.944],[0,0],[-3.485,2.056],[-7.446,5.179],[-7.875,-5.212],[0,0],[0,-10.358],[0,0],[11.347,0],[0,0],[0,22.851],[0,0]],"o":[[0,0],[-8.424,0],[0,0],[0,23.124],[0,0],[-11.874,0],[0,0],[0,-8.653],[0,0],[7.313,-5.087],[6.325,4.186],[2.307,1.351],[0,0],[0,11.807],[0,0],[-22.627,0],[0,0],[0,-10.116]],"v":[[26.081,36.689],[-26.017,36.807],[-46.876,57.717],[-47.248,130.327],[-88.871,172.2],[-150.004,172.2],[-171.503,150.572],[-171.914,-46.089],[-162.893,-63.173],[-12.003,-168.343],[11.934,-168.405],[162.878,-63.155],[171.899,-46.009],[171.879,151.446],[151.025,172.204],[88.464,172.2],[46.841,130.508],[46.907,57.624]],"c":true}]}],"ix":2},"nm":"Path 1","mn":"ADBE Vector Shape - Group","hd":false},{"ty":"st","c":{"a":0,"k":[0.169,0.278,0.208,1],"ix":3,"x":"var $bm_rt;\n$bm_rt = comp('system-regular-41-home').layer('control').effect('primary')('Color');"},"o":{"a":0,"k":100,"ix":4},"w":{"a":0,"k":31.3,"ix":5},"lc":2,"lj":2,"bm":0,"nm":".primary","mn":"ADBE Vector Graphic - Stroke","hd":false,"cl":"primary"},{"ty":"tr","p":{"a":0,"k":[0,0],"ix":2},"a":{"a":0,"k":[0,0],"ix":1},"s":{"a":0,"k":[100,100],"ix":3},"r":{"a":0,"k":0,"ix":6},"o":{"a":0,"k":100,"ix":7},"sk":{"a":0,"k":0,"ix":4},"sa":{"a":0,"k":0,"ix":5},"nm":"Transform"}],"nm":"Group 1","np":2,"cix":2,"bm":0,"ix":1,"mn":"ADBE Vector Group","hd":false}],"ip":1,"op":60,"st":0,"ct":1,"bm":0},{"ddd":0,"ind":3,"ty":4,"nm":".primary.design","cl":"primary design","sr":1,"ks":{"o":{"a":0,"k":100,"ix":11},"r":{"a":0,"k":0,"ix":10},"p":{"a":0,"k":[250.002,249.637,0],"ix":2,"l":2},"a":{"a":0,"k":[0,0,0],"ix":1,"l":2},"s":{"a":0,"k":[2083,2083,100],"ix":6,"l":2}},"ao":0,"shapes":[{"ty":"gr","it":[{"ind":0,"ty":"sh","ix":1,"ks":{"a":0,"k":{"i":[[0,0],[0.14,0],[0,0],[0,0.69],[0,0],[0.96,0],[0,0],[0,-0.96],[0,0],[0.69,0],[0,0],[0,0.14],[0,0],[-0.07,0.05],[0,0],[-0.09,-0.06],[0,0],[0,-0.09],[0,0]],"o":[[0,0.14],[0,0],[-0.69,0],[0,0],[0,-0.96],[0,0],[-0.96,0],[0,0],[0,0.69],[0,0],[-0.14,0],[0,0],[0,-0.08],[0,0],[0.09,-0.06],[0,0],[0.07,0.05],[0,0],[0,0]],"v":[[7.5,7.268],[7.25,7.518],[4.25,7.518],[3,6.268],[3,2.768],[1.25,1.018],[-1.25,1.018],[-3,2.768],[-3,6.268],[-4.25,7.518],[-7.25,7.518],[-7.5,7.268],[-7.5,-2.212],[-7.39,-2.423],[-0.14,-7.473],[0.15,-7.473],[7.4,-2.423],[7.51,-2.212],[7.51,7.268]],"c":true},"ix":2},"nm":"Path 1","mn":"ADBE Vector Shape - Group","hd":false},{"ind":1,"ty":"sh","ix":2,"ks":{"a":0,"k":{"i":[[0.47,0.32],[0,0],[0.6,-0.42],[0,0],[0,-0.57],[0,0],[-0.96,0],[0,0],[0,1.52],[0,0],[-0.14,0],[0,0],[0,-0.14],[0,0],[-1.52,0],[0,0],[0,0.96],[0,0]],"o":[[0,0],[-0.6,-0.42],[0,0],[-0.47,0.32],[0,0],[0,0.96],[0,0],[1.52,0],[0,0],[0,-0.14],[0,0],[0.14,0],[0,0],[0,1.52],[0,0],[0.96,0],[0,0],[0,-0.57]],"v":[[8.25,-3.643],[1,-8.702],[-1,-8.702],[-8.25,-3.643],[-9,-2.212],[-9,7.268],[-7.25,9.018],[-4.25,9.018],[-1.5,6.268],[-1.5,2.768],[-1.25,2.518],[1.25,2.518],[1.5,2.768],[1.5,6.268],[4.25,9.018],[7.25,9.018],[9,7.268],[9,-2.212]],"c":true},"ix":2},"nm":"Path 2","mn":"ADBE Vector Shape - Group","hd":false},{"ty":"fl","c":{"a":0,"k":[0.169,0.278,0.208,1],"ix":4,"x":"var $bm_rt;\n$bm_rt = comp('system-regular-41-home').layer('control').effect('primary')('Color');"},"o":{"a":0,"k":100,"ix":5},"r":1,"bm":0,"nm":".primary","mn":"ADBE Vector Graphic - Fill","hd":false,"cl":"primary"},{"ty":"tr","p":{"a":0,"k":[0,0],"ix":2},"a":{"a":0,"k":[0,0],"ix":1},"s":{"a":0,"k":[100,100],"ix":3},"r":{"a":0,"k":0,"ix":6},"o":{"a":0,"k":100,"ix":7},"sk":{"a":0,"k":0,"ix":4},"sa":{"a":0,"k":0,"ix":5},"nm":"Transform"}],"nm":"Group 1","np":3,"cix":2,"bm":0,"ix":1,"mn":"ADBE Vector Group","hd":false}],"ip":60,"op":300,"st":0,"ct":1,"bm":0},{"ddd":0,"ind":4,"ty":4,"nm":".primary.design","cl":"primary design","sr":1,"ks":{"o":{"a":0,"k":100,"ix":11},"r":{"a":0,"k":0,"ix":10},"p":{"a":0,"k":[250.002,249.637,0],"ix":2,"l":2},"a":{"a":0,"k":[0,0,0],"ix":1,"l":2},"s":{"a":0,"k":[2083,2083,100],"ix":6,"l":2}},"ao":0,"shapes":[{"ty":"gr","it":[{"ind":0,"ty":"sh","ix":1,"ks":{"a":0,"k":{"i":[[0,0],[0.14,0],[0,0],[0,0.69],[0,0],[0.96,0],[0,0],[0,-0.96],[0,0],[0.69,0],[0,0],[0,0.14],[0,0],[-0.07,0.05],[0,0],[-0.09,-0.06],[0,0],[0,-0.09],[0,0]],"o":[[0,0.14],[0,0],[-0.69,0],[0,0],[0,-0.96],[0,0],[-0.96,0],[0,0],[0,0.69],[0,0],[-0.14,0],[0,0],[0,-0.08],[0,0],[0.09,-0.06],[0,0],[0.07,0.05],[0,0],[0,0]],"v":[[7.5,7.268],[7.25,7.518],[4.25,7.518],[3,6.268],[3,2.768],[1.25,1.018],[-1.25,1.018],[-3,2.768],[-3,6.268],[-4.25,7.518],[-7.25,7.518],[-7.5,7.268],[-7.5,-2.212],[-7.39,-2.423],[-0.14,-7.473],[0.15,-7.473],[7.4,-2.423],[7.51,-2.212],[7.51,7.268]],"c":true},"ix":2},"nm":"Path 1","mn":"ADBE Vector Shape - Group","hd":false},{"ind":1,"ty":"sh","ix":2,"ks":{"a":0,"k":{"i":[[0.47,0.32],[0,0],[0.6,-0.42],[0,0],[0,-0.57],[0,0],[-0.96,0],[0,0],[0,1.52],[0,0],[-0.14,0],[0,0],[0,-0.14],[0,0],[-1.52,0],[0,0],[0,0.96],[0,0]],"o":[[0,0],[-0.6,-0.42],[0,0],[-0.47,0.32],[0,0],[0,0.96],[0,0],[1.52,0],[0,0],[0,-0.14],[0,0],[0.14,0],[0,0],[0,1.52],[0,0],[0.96,0],[0,0],[0,-0.57]],"v":[[8.25,-3.643],[1,-8.702],[-1,-8.702],[-8.25,-3.643],[-9,-2.212],[-9,7.268],[-7.25,9.018],[-4.25,9.018],[-1.5,6.268],[-1.5,2.768],[-1.25,2.518],[1.25,2.518],[1.5,2.768],[1.5,6.268],[4.25,9.018],[7.25,9.018],[9,7.268],[9,-2.212]],"c":true},"ix":2},"nm":"Path 2","mn":"ADBE Vector Shape - Group","hd":false},{"ty":"fl","c":{"a":0,"k":[0.169,0.278,0.208,1],"ix":4,"x":"var $bm_rt;\n$bm_rt = comp('system-regular-41-home').layer('control').effect('primary')('Color');"},"o":{"a":0,"k":100,"ix":5},"r":1,"bm":0,"nm":".primary","mn":"ADBE Vector Graphic - Fill","hd":false,"cl":"primary"},{"ty":"tr","p":{"a":0,"k":[0,0],"ix":2},"a":{"a":0,"k":[0,0],"ix":1},"s":{"a":0,"k":[100,100],"ix":3},"r":{"a":0,"k":0,"ix":6},"o":{"a":0,"k":100,"ix":7},"sk":{"a":0,"k":0,"ix":4},"sa":{"a":0,"k":0,"ix":5},"nm":"Transform"}],"nm":"Group 1","np":3,"cix":2,"bm":0,"ix":1,"mn":"ADBE Vector Group","hd":false}],"ip":0,"op":1,"st":0,"ct":1,"bm":0}]},{"id":"comp_2","nm":"hover-home-1","fr":60,"layers":[{"ddd":0,"ind":1,"ty":4,"nm":".primary.design","cl":"primary design","sr":1,"ks":{"o":{"a":0,"k":100,"ix":11},"r":{"a":0,"k":0,"ix":10},"p":{"a":0,"k":[250.003,249.679,0],"ix":2,"l":2},"a":{"a":0,"k":[0,0,0],"ix":1,"l":2},"s":{"a":0,"k":[100,100,100],"ix":6,"l":2}},"ao":0,"shapes":[{"ty":"gr","it":[{"ind":0,"ty":"sh","ix":1,"ks":{"a":1,"k":[{"i":{"x":0.833,"y":0.833},"o":{"x":0.333,"y":0},"t":1,"s":[{"i":[[5.59,3.896],[0,0],[7.159,-4.988],[0,0],[0,-6.813],[0,0],[-11.505,0],[0,0],[0,23.012],[0,0],[-11.505,0],[0,0],[0,0],[0,0],[0,-11.506],[0,0],[-23.012,0],[0,0],[0,11.505],[0,0]],"o":[[0,0],[-7.159,-4.988],[0,0],[-5.59,3.896],[0,0],[0,11.505],[0,0],[23.013,0],[0,0],[0,-11.506],[0,0],[0,0],[0,0],[11.506,0],[0,0],[0,23.012],[0,0],[11.506,0],[0,0],[0,-6.813]],"v":[[162.956,-63.186],[11.913,-168.458],[-11.912,-168.458],[-162.954,-63.186],[-171.876,-46.095],[-171.876,151.366],[-151.042,172.2],[-88.542,172.2],[-46.875,130.533],[-46.875,57.616],[-26.042,36.782],[-5.533,36.782],[-1.113,36.782],[26.042,36.782],[46.875,57.616],[46.875,130.533],[88.542,172.2],[151.042,172.2],[171.876,151.366],[171.876,-46.095]],"c":true}]},{"i":{"x":0.833,"y":0.833},"o":{"x":0.167,"y":0.167},"t":13,"s":[{"i":[[10.972,12.707],[0,0],[31.195,-26.619],[0,0],[0,-9.237],[0,0],[-0.005,0],[0,0],[0,19.322],[0,0],[-6.833,3.865],[-2.483,1.727],[-2.626,-1.738],[0,0],[0,-20.745],[0,0],[-11.556,0],[0,0],[0,30.909],[0,0]],"o":[[0,0],[-31.926,-26.619],[0,0],[-9.91,8.668],[0,0],[0,29.969],[0,0],[11.381,0],[0,0],[0,-19.685],[0,0],[2.438,-1.696],[2.109,1.396],[8.332,4.859],[0,0],[0,19.276],[0,0],[0.126,0],[0,0],[0,-7.914]],"v":[[117.525,-50.887],[49.997,-110.061],[-50.038,-110.061],[-117.093,-50.847],[-130.199,-11.483],[-130.323,144.351],[-109.314,172.079],[-109.034,172.2],[-88.372,145.714],[-88.627,36.516],[-71.67,3.456],[-7.691,-31.609],[3.237,-31.63],[71.665,3.462],[88.498,36.566],[88.609,146.005],[109.375,172.201],[109.678,172.079],[130.187,144.412],[130.21,-11.514]],"c":true}]},{"i":{"x":0.833,"y":0.833},"o":{"x":0.167,"y":0.167},"t":17,"s":[{"i":[[11.391,9.874],[0,0],[25.316,-20.684],[0,0],[0,-10.318],[0,0],[-1.299,0],[0,0],[0,17.677],[0,0],[-6.087,3.461],[-3.589,2.497],[-3.796,-2.512],[0,0],[0,-18.429],[0,0],[1.095,0],[0,0],[0,29.112],[0,0]],"o":[[0,0],[-25.984,-20.684],[0,0],[-9.579,6.735],[0,0],[0,28.443],[0,0],[-1.572,0],[0,0],[0,-17.225],[0,0],[3.525,-2.452],[3.049,2.018],[6.989,4.077],[0,0],[0,17.611],[0,0],[0.84,0],[0,0],[0,-8.405]],"v":[[97.136,-31.36],[40.368,-77.318],[-40.428,-77.318],[-96.786,-31.303],[-111.621,3.947],[-111.801,141.224],[-109.954,172.165],[-106.551,172.141],[-106.907,146.797],[-107.197,18.098],[-92.009,-11.4],[-8.652,-62.096],[5.176,-62.126],[92.002,-11.391],[107.093,18.154],[107.175,147.218],[107.747,172.146],[110.075,172.162],[111.604,141.312],[111.636,3.901]],"c":true}]},{"i":{"x":0,"y":1},"o":{"x":0.167,"y":0.167},"t":27,"s":[{"i":[[11.428,0],[0,0],[12.033,-0.092],[0,0],[0,-12.76],[0,0],[14.446,0],[0,0],[0,13.96],[0,0],[-4.4,2.55],[-6.09,4.236],[-6.44,-4.262],[0,0],[0,-13.196],[0,0],[7.742,0],[0,0],[0,25.053],[0,0]],"o":[[0,0],[-12.558,-0.092],[0,0],[-9.099,0],[0,0],[0,24.995],[0,0],[-8.251,0],[0,0],[0,-11.668],[0,0],[5.981,-4.16],[5.173,3.424],[3.953,2.309],[0,0],[0,13.848],[0,0],[-14.374,0],[0,0],[0,-9.514]],"v":[[51.069,12.758],[18.65,12.663],[-18.674,12.663],[-50.904,12.855],[-69.645,38.808],[-69.949,134.159],[-96.285,172.187],[-134.723,172.179],[-148.787,149.244],[-149.155,-23.516],[-137.965,-44.966],[-10.825,-130.979],[9.558,-131.03],[137.953,-44.951],[149.109,-23.445],[149.125,149.959],[135.806,172.183],[96.064,172.186],[69.616,134.307],[69.67,38.731]],"c":true}]},{"t":60,"s":[{"i":[[12.854,0],[0,0],[4.827,0],[0,0],[0,-14.084],[0,0],[22.986,0],[0,0],[0,11.944],[0,0],[-3.485,2.056],[-7.446,5.179],[-7.875,-5.212],[0,0],[0,-10.358],[0,0],[11.347,0],[0,0],[0,22.851],[0,0]],"o":[[0,0],[-5.276,0],[0,0],[-8.424,0],[0,0],[0,23.124],[0,0],[-11.874,0],[0,0],[0,-8.653],[0,0],[7.313,-5.087],[6.325,4.186],[2.307,1.351],[0,0],[0,11.807],[0,0],[-22.627,0],[0,0],[0,-10.116]],"v":[[26.081,36.689],[6.81,36.792],[-6.935,36.792],[-26.017,36.807],[-46.876,57.717],[-47.248,130.327],[-88.871,172.2],[-150.004,172.2],[-171.503,150.572],[-171.914,-46.089],[-162.893,-63.173],[-12.003,-168.343],[11.934,-168.405],[162.878,-63.155],[171.899,-46.009],[171.879,151.446],[151.025,172.204],[88.464,172.2],[46.841,130.508],[46.907,57.624]],"c":true}]}],"ix":2},"nm":"Path 1","mn":"ADBE Vector Shape - Group","hd":false},{"ty":"st","c":{"a":0,"k":[0.169,0.278,0.208,1],"ix":3,"x":"var $bm_rt;\n$bm_rt = comp('system-regular-41-home').layer('control').effect('primary')('Color');"},"o":{"a":0,"k":100,"ix":4},"w":{"a":0,"k":31.3,"ix":5},"lc":2,"lj":2,"bm":0,"nm":".primary","mn":"ADBE Vector Graphic - Stroke","hd":false,"cl":"primary"},{"ty":"tr","p":{"a":0,"k":[0,0],"ix":2},"a":{"a":0,"k":[0,0],"ix":1},"s":{"a":0,"k":[100,100],"ix":3},"r":{"a":0,"k":0,"ix":6},"o":{"a":0,"k":100,"ix":7},"sk":{"a":0,"k":0,"ix":4},"sa":{"a":0,"k":0,"ix":5},"nm":"Transform"}],"nm":"Group 1","np":2,"cix":2,"bm":0,"ix":1,"mn":"ADBE Vector Group","hd":false}],"ip":1,"op":60,"st":0,"ct":1,"bm":0},{"ddd":0,"ind":2,"ty":4,"nm":".primary.design","cl":"primary design","sr":1,"ks":{"o":{"a":0,"k":100,"ix":11},"r":{"a":0,"k":0,"ix":10},"p":{"a":0,"k":[250.002,249.637,0],"ix":2,"l":2},"a":{"a":0,"k":[0,0,0],"ix":1,"l":2},"s":{"a":0,"k":[2083,2083,100],"ix":6,"l":2}},"ao":0,"shapes":[{"ty":"gr","it":[{"ind":0,"ty":"sh","ix":1,"ks":{"a":0,"k":{"i":[[0,0],[0.14,0],[0,0],[0,0.69],[0,0],[0.96,0],[0,0],[0,-0.96],[0,0],[0.69,0],[0,0],[0,0.14],[0,0],[-0.07,0.05],[0,0],[-0.09,-0.06],[0,0],[0,-0.09],[0,0]],"o":[[0,0.14],[0,0],[-0.69,0],[0,0],[0,-0.96],[0,0],[-0.96,0],[0,0],[0,0.69],[0,0],[-0.14,0],[0,0],[0,-0.08],[0,0],[0.09,-0.06],[0,0],[0.07,0.05],[0,0],[0,0]],"v":[[7.5,7.268],[7.25,7.518],[4.25,7.518],[3,6.268],[3,2.768],[1.25,1.018],[-1.25,1.018],[-3,2.768],[-3,6.268],[-4.25,7.518],[-7.25,7.518],[-7.5,7.268],[-7.5,-2.212],[-7.39,-2.423],[-0.14,-7.473],[0.15,-7.473],[7.4,-2.423],[7.51,-2.212],[7.51,7.268]],"c":true},"ix":2},"nm":"Path 1","mn":"ADBE Vector Shape - Group","hd":false},{"ind":1,"ty":"sh","ix":2,"ks":{"a":0,"k":{"i":[[0.47,0.32],[0,0],[0.6,-0.42],[0,0],[0,-0.57],[0,0],[-0.96,0],[0,0],[0,1.52],[0,0],[-0.14,0],[0,0],[0,-0.14],[0,0],[-1.52,0],[0,0],[0,0.96],[0,0]],"o":[[0,0],[-0.6,-0.42],[0,0],[-0.47,0.32],[0,0],[0,0.96],[0,0],[1.52,0],[0,0],[0,-0.14],[0,0],[0.14,0],[0,0],[0,1.52],[0,0],[0.96,0],[0,0],[0,-0.57]],"v":[[8.25,-3.643],[1,-8.702],[-1,-8.702],[-8.25,-3.643],[-9,-2.212],[-9,7.268],[-7.25,9.018],[-4.25,9.018],[-1.5,6.268],[-1.5,2.768],[-1.25,2.518],[1.25,2.518],[1.5,2.768],[1.5,6.268],[4.25,9.018],[7.25,9.018],[9,7.268],[9,-2.212]],"c":true},"ix":2},"nm":"Path 2","mn":"ADBE Vector Shape - Group","hd":false},{"ty":"fl","c":{"a":0,"k":[0.169,0.278,0.208,1],"ix":4,"x":"var $bm_rt;\n$bm_rt = comp('system-regular-41-home').layer('control').effect('primary')('Color');"},"o":{"a":0,"k":100,"ix":5},"r":1,"bm":0,"nm":".primary","mn":"ADBE Vector Graphic - Fill","hd":false,"cl":"primary"},{"ty":"tr","p":{"a":0,"k":[0,0],"ix":2},"a":{"a":0,"k":[0,0],"ix":1},"s":{"a":0,"k":[100,100],"ix":3},"r":{"a":0,"k":0,"ix":6},"o":{"a":0,"k":100,"ix":7},"sk":{"a":0,"k":0,"ix":4},"sa":{"a":0,"k":0,"ix":5},"nm":"Transform"}],"nm":"Group 1","np":3,"cix":2,"bm":0,"ix":1,"mn":"ADBE Vector Group","hd":false}],"ip":60,"op":300,"st":0,"ct":1,"bm":0},{"ddd":0,"ind":3,"ty":4,"nm":".primary.design","cl":"primary design","sr":1,"ks":{"o":{"a":0,"k":100,"ix":11},"r":{"a":0,"k":0,"ix":10},"p":{"a":0,"k":[250.002,249.637,0],"ix":2,"l":2},"a":{"a":0,"k":[0,0,0],"ix":1,"l":2},"s":{"a":0,"k":[2083,2083,100],"ix":6,"l":2}},"ao":0,"shapes":[{"ty":"gr","it":[{"ind":0,"ty":"sh","ix":1,"ks":{"a":0,"k":{"i":[[0,0],[0.14,0],[0,0],[0,0.69],[0,0],[0.96,0],[0,0],[0,-0.96],[0,0],[0.69,0],[0,0],[0,0.14],[0,0],[-0.07,0.05],[0,0],[-0.09,-0.06],[0,0],[0,-0.09],[0,0]],"o":[[0,0.14],[0,0],[-0.69,0],[0,0],[0,-0.96],[0,0],[-0.96,0],[0,0],[0,0.69],[0,0],[-0.14,0],[0,0],[0,-0.08],[0,0],[0.09,-0.06],[0,0],[0.07,0.05],[0,0],[0,0]],"v":[[7.5,7.268],[7.25,7.518],[4.25,7.518],[3,6.268],[3,2.768],[1.25,1.018],[-1.25,1.018],[-3,2.768],[-3,6.268],[-4.25,7.518],[-7.25,7.518],[-7.5,7.268],[-7.5,-2.212],[-7.39,-2.423],[-0.14,-7.473],[0.15,-7.473],[7.4,-2.423],[7.51,-2.212],[7.51,7.268]],"c":true},"ix":2},"nm":"Path 1","mn":"ADBE Vector Shape - Group","hd":false},{"ind":1,"ty":"sh","ix":2,"ks":{"a":0,"k":{"i":[[0.47,0.32],[0,0],[0.6,-0.42],[0,0],[0,-0.57],[0,0],[-0.96,0],[0,0],[0,1.52],[0,0],[-0.14,0],[0,0],[0,-0.14],[0,0],[-1.52,0],[0,0],[0,0.96],[0,0]],"o":[[0,0],[-0.6,-0.42],[0,0],[-0.47,0.32],[0,0],[0,0.96],[0,0],[1.52,0],[0,0],[0,-0.14],[0,0],[0.14,0],[0,0],[0,1.52],[0,0],[0.96,0],[0,0],[0,-0.57]],"v":[[8.25,-3.643],[1,-8.702],[-1,-8.702],[-8.25,-3.643],[-9,-2.212],[-9,7.268],[-7.25,9.018],[-4.25,9.018],[-1.5,6.268],[-1.5,2.768],[-1.25,2.518],[1.25,2.518],[1.5,2.768],[1.5,6.268],[4.25,9.018],[7.25,9.018],[9,7.268],[9,-2.212]],"c":true},"ix":2},"nm":"Path 2","mn":"ADBE Vector Shape - Group","hd":false},{"ty":"fl","c":{"a":0,"k":[0.169,0.278,0.208,1],"ix":4,"x":"var $bm_rt;\n$bm_rt = comp('system-regular-41-home').layer('control').effect('primary')('Color');"},"o":{"a":0,"k":100,"ix":5},"r":1,"bm":0,"nm":".primary","mn":"ADBE Vector Graphic - Fill","hd":false,"cl":"primary"},{"ty":"tr","p":{"a":0,"k":[0,0],"ix":2},"a":{"a":0,"k":[0,0],"ix":1},"s":{"a":0,"k":[100,100],"ix":3},"r":{"a":0,"k":0,"ix":6},"o":{"a":0,"k":100,"ix":7},"sk":{"a":0,"k":0,"ix":4},"sa":{"a":0,"k":0,"ix":5},"nm":"Transform"}],"nm":"Group 1","np":3,"cix":2,"bm":0,"ix":1,"mn":"ADBE Vector Group","hd":false}],"ip":0,"op":1,"st":0,"ct":1,"bm":0}]},{"id":"comp_3","nm":"morph-home-1","fr":60,"layers":[{"ddd":0,"ind":1,"ty":4,"nm":".primary.design","cl":"primary design","sr":1,"ks":{"o":{"a":0,"k":100,"ix":11},"r":{"a":0,"k":0,"ix":10},"p":{"a":0,"k":[250.003,249.679,0],"ix":2,"l":2},"a":{"a":0,"k":[0,0,0],"ix":1,"l":2},"s":{"a":0,"k":[100,100,100],"ix":6,"l":2}},"ao":0,"shapes":[{"ty":"gr","it":[{"ind":0,"ty":"sh","ix":1,"ks":{"a":1,"k":[{"i":{"x":0.2,"y":1},"o":{"x":0.5,"y":0},"t":0,"s":[{"i":[[0,0],[0,0.428],[-4.021,-2.661],[0,0],[0,-10.358],[0,0],[11.347,0],[0,0]],"o":[[0,0],[4.17,0],[6.325,4.186],[2.307,1.351],[0,0],[0,11.807],[0,0],[0,0.742]],"v":[[-0.753,-172.131],[-0.504,-172.232],[11.934,-168.405],[162.878,-63.155],[171.899,-46.009],[171.879,151.446],[151.025,172.204],[150.964,171.837]],"c":false}]},{"t":60,"s":[{"i":[[0,0],[-2.162,0.084],[-2.175,-2.661],[0,0],[0,-10.358],[0,0],[6.139,0],[0,0]],"o":[[0,0],[2.256,-0.087],[3.422,4.186],[1.248,1.351],[0,0],[0,11.807],[0,0],[0,0.143]],"v":[[-72.503,-172.166],[79.719,-172.562],[86.448,-168.735],[168.116,-63.485],[172.997,-46.339],[172.986,151.116],[161.703,171.874],[13.004,172.177]],"c":false}]}],"ix":2},"nm":"Path 1","mn":"ADBE Vector Shape - Group","hd":false},{"ty":"st","c":{"a":0,"k":[0.169,0.278,0.208,1],"ix":3,"x":"var $bm_rt;\n$bm_rt = comp('system-regular-41-home').layer('control').effect('primary')('Color');"},"o":{"a":0,"k":100,"ix":4},"w":{"a":0,"k":31.3,"ix":5},"lc":2,"lj":2,"bm":0,"nm":".primary","mn":"ADBE Vector Graphic - Stroke","hd":false,"cl":"primary"},{"ty":"tr","p":{"a":0,"k":[0,0],"ix":2},"a":{"a":0,"k":[0,0],"ix":1},"s":{"a":0,"k":[100,100],"ix":3},"r":{"a":0,"k":0,"ix":6},"o":{"a":0,"k":100,"ix":7},"sk":{"a":0,"k":0,"ix":4},"sa":{"a":0,"k":0,"ix":5},"nm":"Transform"}],"nm":"Group 1","np":2,"cix":2,"bm":0,"ix":1,"mn":"ADBE Vector Group","hd":false}],"ip":1,"op":121,"st":0,"ct":1,"bm":0},{"ddd":0,"ind":2,"ty":4,"nm":".primary.design","cl":"primary design","sr":1,"ks":{"o":{"a":0,"k":100,"ix":11},"r":{"a":0,"k":0,"ix":10},"p":{"a":0,"k":[250.003,249.679,0],"ix":2,"l":2},"a":{"a":0,"k":[0,0,0],"ix":1,"l":2},"s":{"a":0,"k":[100,100,100],"ix":6,"l":2}},"ao":0,"shapes":[{"ty":"gr","it":[{"ind":0,"ty":"sh","ix":1,"ks":{"a":1,"k":[{"i":{"x":0.2,"y":1},"o":{"x":0.5,"y":0},"t":0,"s":[{"i":[[12.854,0],[0,0],[0,-14.084],[0,0],[22.986,0],[0,0],[0,11.944],[0,0],[-3.485,2.056],[-7.446,5.179],[-7.875,-5.212],[0,0],[0,-10.358],[0,0],[11.347,0],[0,0],[0,22.851],[0,0]],"o":[[0,0],[-8.424,0],[0,0],[0,23.124],[0,0],[-11.874,0],[0,0],[0,-8.653],[0,0],[7.313,-5.087],[6.325,4.186],[2.307,1.351],[0,0],[0,11.807],[0,0],[-22.627,0],[0,0],[0,-10.116]],"v":[[26.081,36.689],[-26.017,36.807],[-46.876,57.717],[-47.248,130.327],[-88.871,172.2],[-150.004,172.2],[-171.503,150.572],[-171.914,-46.089],[-162.893,-63.173],[-12.003,-168.343],[11.934,-168.405],[162.878,-63.155],[171.899,-46.009],[171.879,151.446],[151.025,172.204],[88.464,172.2],[46.841,130.508],[46.907,57.624]],"c":true}]},{"t":60,"s":[{"i":[[7.137,0],[0,0],[0,-14.084],[0,0],[12.764,0],[0,0],[0,11.944],[0,0],[-1.935,2.056],[-4.134,5.179],[-4.373,-5.212],[0,0],[0,-10.358],[0,0],[0.116,0],[0,0],[0,22.851],[0,0]],"o":[[0,0],[-4.677,0],[0,0],[0,23.124],[0,0],[-6.593,0],[0,0],[0,-8.653],[0,0],[4.061,-5.087],[3.512,4.186],[1.281,1.351],[0,0],[0,0.218],[0,0],[-12.564,0],[0,0],[0,-10.116]],"v":[[-61.972,36.689],[-90.901,36.807],[-102.483,57.717],[-102.69,130.327],[-125.802,172.2],[-159.748,172.2],[-171.686,150.572],[-171.914,-46.089],[-166.905,-63.173],[-83.119,-168.343],[-69.827,-168.405],[13.988,-63.155],[18.997,-46.009],[18.986,171.821],[18.772,172.204],[-27.332,172.2],[-50.445,130.508],[-50.408,57.624]],"c":true}]}],"ix":2},"nm":"Path 1","mn":"ADBE Vector Shape - Group","hd":false},{"ty":"st","c":{"a":0,"k":[0.169,0.278,0.208,1],"ix":3,"x":"var $bm_rt;\n$bm_rt = comp('system-regular-41-home').layer('control').effect('primary')('Color');"},"o":{"a":0,"k":100,"ix":4},"w":{"a":0,"k":31.3,"ix":5},"lc":2,"lj":2,"bm":0,"nm":".primary","mn":"ADBE Vector Graphic - Stroke","hd":false,"cl":"primary"},{"ty":"tr","p":{"a":0,"k":[0,0],"ix":2},"a":{"a":0,"k":[0,0],"ix":1},"s":{"a":0,"k":[100,100],"ix":3},"r":{"a":0,"k":0,"ix":6},"o":{"a":0,"k":100,"ix":7},"sk":{"a":0,"k":0,"ix":4},"sa":{"a":0,"k":0,"ix":5},"nm":"Transform"}],"nm":"Group 1","np":2,"cix":2,"bm":0,"ix":1,"mn":"ADBE Vector Group","hd":false}],"ip":1,"op":121,"st":0,"ct":1,"bm":0},{"ddd":0,"ind":3,"ty":4,"nm":".primary.design","cl":"primary design","sr":1,"ks":{"o":{"a":0,"k":100,"ix":11},"r":{"a":0,"k":0,"ix":10},"p":{"a":0,"k":[250.002,249.637,0],"ix":2,"l":2},"a":{"a":0,"k":[0,0,0],"ix":1,"l":2},"s":{"a":0,"k":[2083,2083,100],"ix":6,"l":2}},"ao":0,"shapes":[{"ty":"gr","it":[{"ind":0,"ty":"sh","ix":1,"ks":{"a":0,"k":{"i":[[0,0],[0.14,0],[0,0],[0,0.69],[0,0],[0.96,0],[0,0],[0,-0.96],[0,0],[0.69,0],[0,0],[0,0.14],[0,0],[-0.07,0.05],[0,0],[-0.09,-0.06],[0,0],[0,-0.09],[0,0]],"o":[[0,0.14],[0,0],[-0.69,0],[0,0],[0,-0.96],[0,0],[-0.96,0],[0,0],[0,0.69],[0,0],[-0.14,0],[0,0],[0,-0.08],[0,0],[0.09,-0.06],[0,0],[0.07,0.05],[0,0],[0,0]],"v":[[7.5,7.268],[7.25,7.518],[4.25,7.518],[3,6.268],[3,2.768],[1.25,1.018],[-1.25,1.018],[-3,2.768],[-3,6.268],[-4.25,7.518],[-7.25,7.518],[-7.5,7.268],[-7.5,-2.212],[-7.39,-2.423],[-0.14,-7.473],[0.15,-7.473],[7.4,-2.423],[7.51,-2.212],[7.51,7.268]],"c":true},"ix":2},"nm":"Path 1","mn":"ADBE Vector Shape - Group","hd":false},{"ind":1,"ty":"sh","ix":2,"ks":{"a":0,"k":{"i":[[0.47,0.32],[0,0],[0.6,-0.42],[0,0],[0,-0.57],[0,0],[-0.96,0],[0,0],[0,1.52],[0,0],[-0.14,0],[0,0],[0,-0.14],[0,0],[-1.52,0],[0,0],[0,0.96],[0,0]],"o":[[0,0],[-0.6,-0.42],[0,0],[-0.47,0.32],[0,0],[0,0.96],[0,0],[1.52,0],[0,0],[0,-0.14],[0,0],[0.14,0],[0,0],[0,1.52],[0,0],[0.96,0],[0,0],[0,-0.57]],"v":[[8.25,-3.643],[1,-8.702],[-1,-8.702],[-8.25,-3.643],[-9,-2.212],[-9,7.268],[-7.25,9.018],[-4.25,9.018],[-1.5,6.268],[-1.5,2.768],[-1.25,2.518],[1.25,2.518],[1.5,2.768],[1.5,6.268],[4.25,9.018],[7.25,9.018],[9,7.268],[9,-2.212]],"c":true},"ix":2},"nm":"Path 2","mn":"ADBE Vector Shape - Group","hd":false},{"ty":"fl","c":{"a":0,"k":[0.169,0.278,0.208,1],"ix":4,"x":"var $bm_rt;\n$bm_rt = comp('system-regular-41-home').layer('control').effect('primary')('Color');"},"o":{"a":0,"k":100,"ix":5},"r":1,"bm":0,"nm":".primary","mn":"ADBE Vector Graphic - Fill","hd":false,"cl":"primary"},{"ty":"tr","p":{"a":0,"k":[0,0],"ix":2},"a":{"a":0,"k":[0,0],"ix":1},"s":{"a":0,"k":[100,100],"ix":3},"r":{"a":0,"k":0,"ix":6},"o":{"a":0,"k":100,"ix":7},"sk":{"a":0,"k":0,"ix":4},"sa":{"a":0,"k":0,"ix":5},"nm":"Transform"}],"nm":"Group 1","np":3,"cix":2,"bm":0,"ix":1,"mn":"ADBE Vector Group","hd":false}],"ip":0,"op":1,"st":0,"ct":1,"bm":0}]},{"id":"comp_4","nm":"morph-home-2","fr":60,"layers":[{"ddd":0,"ind":1,"ty":4,"nm":".primary.design","cl":"primary design","sr":1,"ks":{"o":{"a":0,"k":100,"ix":11},"r":{"a":0,"k":0,"ix":10},"p":{"a":0,"k":[249.758,359.506,0],"ix":2,"l":2},"a":{"a":0,"k":[0,0,0],"ix":1,"l":2},"s":{"a":0,"k":[100,100,100],"ix":6,"l":2}},"ao":0,"shapes":[{"ty":"gr","it":[{"ind":0,"ty":"sh","ix":1,"ks":{"a":0,"k":{"i":[[8.626,0],[0,0],[0,8.626],[-8.626,0],[0,0],[0,-8.626]],"o":[[0,0],[-8.626,0],[0,-8.626],[0,0],[8.626,0],[0,8.626]],"v":[[67.947,15.625],[-67.947,15.625],[-83.572,0],[-67.947,-15.625],[67.947,-15.625],[83.572,0]],"c":true},"ix":2},"nm":"Path 1","mn":"ADBE Vector Shape - Group","hd":false},{"ty":"fl","c":{"a":0,"k":[0.169,0.278,0.208,1],"ix":4,"x":"var $bm_rt;\n$bm_rt = comp('system-regular-41-home').layer('control').effect('primary')('Color');"},"o":{"a":0,"k":100,"ix":5},"r":1,"bm":0,"nm":".primary","mn":"ADBE Vector Graphic - Fill","hd":false,"cl":"primary"},{"ty":"tr","p":{"a":0,"k":[0,0],"ix":2},"a":{"a":0,"k":[0,0],"ix":1},"s":{"a":0,"k":[100,100],"ix":3},"r":{"a":0,"k":0,"ix":6},"o":{"a":0,"k":100,"ix":7},"sk":{"a":0,"k":0,"ix":4},"sa":{"a":0,"k":0,"ix":5},"nm":"Transform"}],"nm":"Group 1","np":2,"cix":2,"bm":0,"ix":1,"mn":"ADBE Vector Group","hd":false}],"ip":60,"op":300,"st":0,"ct":1,"bm":0},{"ddd":0,"ind":2,"ty":4,"nm":".primary.design","cl":"primary design","sr":1,"ks":{"o":{"a":0,"k":100,"ix":11},"r":{"a":0,"k":0,"ix":10},"p":{"a":1,"k":[{"i":{"x":0.083,"y":1},"o":{"x":0.167,"y":0.167},"t":10,"s":[249.84,82.631,0],"to":[0,0,0],"ti":[0,0,0]},{"i":{"x":0.314,"y":1},"o":{"x":0.333,"y":0},"t":38,"s":[249.84,381.631,0],"to":[0,0,0],"ti":[0,0,0]},{"t":60,"s":[249.84,359.631,0]}],"ix":2,"l":2},"a":{"a":0,"k":[-0.163,109.952,0],"ix":1,"l":2},"s":{"a":0,"k":[100,100,100],"ix":6,"l":2}},"ao":0,"shapes":[{"ty":"gr","it":[{"ind":0,"ty":"sh","ix":1,"ks":{"a":1,"k":[{"i":{"x":0.833,"y":0.833},"o":{"x":0.167,"y":0.167},"t":10,"s":[{"i":[[0,0],[0,0]],"o":[[0,0],[0,0]],"v":[[9.676,109.952],[-10.003,109.952]],"c":false}]},{"t":17,"s":[{"i":[[0,0],[0,0]],"o":[[0,0],[0,0]],"v":[[67.38,109.952],[-67.707,109.951]],"c":false}]}],"ix":2},"nm":"Path 1","mn":"ADBE Vector Shape - Group","hd":false},{"ty":"st","c":{"a":0,"k":[0.169,0.278,0.208,1],"ix":3,"x":"var $bm_rt;\n$bm_rt = comp('system-regular-41-home').layer('control').effect('primary')('Color');"},"o":{"a":0,"k":100,"ix":4},"w":{"a":0,"k":31.3,"ix":5},"lc":2,"lj":2,"bm":0,"nm":".primary","mn":"ADBE Vector Graphic - Stroke","hd":false,"cl":"primary"},{"ty":"tr","p":{"a":0,"k":[0,0],"ix":2},"a":{"a":0,"k":[0,0],"ix":1},"s":{"a":0,"k":[100,100],"ix":3},"r":{"a":0,"k":0,"ix":6},"o":{"a":0,"k":100,"ix":7},"sk":{"a":0,"k":0,"ix":4},"sa":{"a":0,"k":0,"ix":5},"nm":"Transform"}],"nm":"Group 1","np":2,"cix":2,"bm":0,"ix":1,"mn":"ADBE Vector Group","hd":false}],"ip":10,"op":60,"st":0,"ct":1,"bm":0},{"ddd":0,"ind":3,"ty":4,"nm":".primary.design","cl":"primary design","sr":1,"ks":{"o":{"a":0,"k":100,"ix":11},"r":{"a":0,"k":0,"ix":10},"p":{"a":0,"k":[250.003,249.679,0],"ix":2,"l":2},"a":{"a":0,"k":[0,0,0],"ix":1,"l":2},"s":{"a":0,"k":[100,100,100],"ix":6,"l":2}},"ao":0,"shapes":[{"ty":"gr","it":[{"ind":0,"ty":"sh","ix":1,"ks":{"a":0,"k":{"i":[[0,0],[0,11.944],[0,0],[-3.485,2.056],[-7.446,5.179],[-7.875,-5.212],[0,0],[0,-10.358],[0,0],[11.347,0]],"o":[[-11.874,0],[0,0],[0,-8.653],[0,0],[7.313,-5.087],[6.325,4.186],[2.307,1.351],[0,0],[0,11.807],[0,0]],"v":[[-150.004,172.2],[-171.503,150.572],[-171.914,-46.089],[-162.893,-63.173],[-12.003,-168.343],[11.934,-168.405],[162.878,-63.155],[171.899,-46.009],[171.879,151.446],[151.025,172.204]],"c":true},"ix":2},"nm":"Path 1","mn":"ADBE Vector Shape - Group","hd":false},{"ty":"st","c":{"a":0,"k":[0.169,0.278,0.208,1],"ix":3,"x":"var $bm_rt;\n$bm_rt = comp('system-regular-41-home').layer('control').effect('primary')('Color');"},"o":{"a":0,"k":100,"ix":4},"w":{"a":0,"k":31.3,"ix":5},"lc":2,"lj":2,"bm":0,"nm":".primary","mn":"ADBE Vector Graphic - Stroke","hd":false,"cl":"primary"},{"ty":"tr","p":{"a":0,"k":[0,0],"ix":2},"a":{"a":0,"k":[0,0],"ix":1},"s":{"a":0,"k":[100,100],"ix":3},"r":{"a":0,"k":0,"ix":6},"o":{"a":0,"k":100,"ix":7},"sk":{"a":0,"k":0,"ix":4},"sa":{"a":0,"k":0,"ix":5},"nm":"Transform"}],"nm":"Group 1","np":2,"cix":2,"bm":0,"ix":1,"mn":"ADBE Vector Group","hd":false}],"ip":30,"op":368,"st":0,"ct":1,"bm":0},{"ddd":0,"ind":4,"ty":4,"nm":".primary.design","cl":"primary design","sr":1,"ks":{"o":{"a":0,"k":100,"ix":11},"r":{"a":0,"k":0,"ix":10},"p":{"a":0,"k":[250.003,249.679,0],"ix":2,"l":2},"a":{"a":0,"k":[0,0,0],"ix":1,"l":2},"s":{"a":0,"k":[100,100,100],"ix":6,"l":2}},"ao":0,"shapes":[{"ty":"gr","it":[{"ind":0,"ty":"sh","ix":1,"ks":{"a":1,"k":[{"i":{"x":0.2,"y":1},"o":{"x":0.333,"y":0},"t":1,"s":[{"i":[[12.854,0],[0,0],[0,-14.084],[0,0],[22.986,0],[0,0],[0,11.944],[0,0],[-3.485,2.056],[-7.446,5.179],[-7.875,-5.212],[0,0],[0,-10.358],[0,0],[11.347,0],[0,0],[0,22.851],[0,0]],"o":[[0,0],[-8.424,0],[0,0],[0,23.124],[0,0],[-11.874,0],[0,0],[0,-8.653],[0,0],[7.313,-5.087],[6.325,4.186],[2.307,1.351],[0,0],[0,11.807],[0,0],[-22.627,0],[0,0],[0,-10.116]],"v":[[26.081,36.689],[-26.017,36.807],[-46.876,57.717],[-47.248,130.327],[-88.871,172.2],[-150.004,172.2],[-171.503,150.572],[-171.914,-46.089],[-162.893,-63.173],[-12.003,-168.343],[11.934,-168.405],[162.878,-63.155],[171.899,-46.009],[171.879,151.446],[151.025,172.204],[88.464,172.2],[46.841,130.508],[46.907,57.624]],"c":true}]},{"t":30,"s":[{"i":[[12.854,0],[0,0],[8.274,0],[0,0],[22.986,0],[0,0],[0,11.944],[0,0],[-3.485,2.056],[-7.446,5.179],[-7.875,-5.212],[0,0],[0,-10.358],[0,0],[11.347,0],[0,0],[14.376,0],[0,0]],"o":[[0,0],[-8.424,0],[0,0],[-10.76,0],[0,0],[-11.874,0],[0,0],[0,-8.653],[0,0],[7.313,-5.087],[6.325,4.186],[2.307,1.351],[0,0],[0,11.807],[0,0],[-22.627,0],[0,0],[-5.259,0]],"v":[[36.122,172.267],[-35.985,171.807],[-56.801,171.717],[-77.243,171.827],[-118.871,172.2],[-150.004,172.2],[-171.503,150.572],[-171.914,-46.089],[-162.893,-63.173],[-12.003,-168.343],[11.934,-168.405],[162.878,-63.155],[171.899,-46.009],[171.879,151.446],[151.025,172.204],[118.464,172.2],[77.006,172.008],[57.015,172.124]],"c":true}]}],"ix":2},"nm":"Path 1","mn":"ADBE Vector Shape - Group","hd":false},{"ty":"st","c":{"a":0,"k":[0.169,0.278,0.208,1],"ix":3,"x":"var $bm_rt;\n$bm_rt = comp('system-regular-41-home').layer('control').effect('primary')('Color');"},"o":{"a":0,"k":100,"ix":4},"w":{"a":0,"k":31.3,"ix":5},"lc":2,"lj":2,"bm":0,"nm":".primary","mn":"ADBE Vector Graphic - Stroke","hd":false,"cl":"primary"},{"ty":"tr","p":{"a":0,"k":[0,0],"ix":2},"a":{"a":0,"k":[0,0],"ix":1},"s":{"a":0,"k":[100,100],"ix":3},"r":{"a":0,"k":0,"ix":6},"o":{"a":0,"k":100,"ix":7},"sk":{"a":0,"k":0,"ix":4},"sa":{"a":0,"k":0,"ix":5},"nm":"Transform"}],"nm":"Group 1","np":2,"cix":2,"bm":0,"ix":1,"mn":"ADBE Vector Group","hd":false}],"ip":1,"op":30,"st":0,"ct":1,"bm":0},{"ddd":0,"ind":5,"ty":4,"nm":".primary.design","cl":"primary design","sr":1,"ks":{"o":{"a":0,"k":100,"ix":11},"r":{"a":0,"k":0,"ix":10},"p":{"a":0,"k":[250.002,249.637,0],"ix":2,"l":2},"a":{"a":0,"k":[0,0,0],"ix":1,"l":2},"s":{"a":0,"k":[2083,2083,100],"ix":6,"l":2}},"ao":0,"shapes":[{"ty":"gr","it":[{"ind":0,"ty":"sh","ix":1,"ks":{"a":0,"k":{"i":[[0,0],[0.14,0],[0,0],[0,0.69],[0,0],[0.96,0],[0,0],[0,-0.96],[0,0],[0.69,0],[0,0],[0,0.14],[0,0],[-0.07,0.05],[0,0],[-0.09,-0.06],[0,0],[0,-0.09],[0,0]],"o":[[0,0.14],[0,0],[-0.69,0],[0,0],[0,-0.96],[0,0],[-0.96,0],[0,0],[0,0.69],[0,0],[-0.14,0],[0,0],[0,-0.08],[0,0],[0.09,-0.06],[0,0],[0.07,0.05],[0,0],[0,0]],"v":[[7.5,7.268],[7.25,7.518],[4.25,7.518],[3,6.268],[3,2.768],[1.25,1.018],[-1.25,1.018],[-3,2.768],[-3,6.268],[-4.25,7.518],[-7.25,7.518],[-7.5,7.268],[-7.5,-2.212],[-7.39,-2.423],[-0.14,-7.473],[0.15,-7.473],[7.4,-2.423],[7.51,-2.212],[7.51,7.268]],"c":true},"ix":2},"nm":"Path 1","mn":"ADBE Vector Shape - Group","hd":false},{"ind":1,"ty":"sh","ix":2,"ks":{"a":0,"k":{"i":[[0.47,0.32],[0,0],[0.6,-0.42],[0,0],[0,-0.57],[0,0],[-0.96,0],[0,0],[0,1.52],[0,0],[-0.14,0],[0,0],[0,-0.14],[0,0],[-1.52,0],[0,0],[0,0.96],[0,0]],"o":[[0,0],[-0.6,-0.42],[0,0],[-0.47,0.32],[0,0],[0,0.96],[0,0],[1.52,0],[0,0],[0,-0.14],[0,0],[0.14,0],[0,0],[0,1.52],[0,0],[0.96,0],[0,0],[0,-0.57]],"v":[[8.25,-3.643],[1,-8.702],[-1,-8.702],[-8.25,-3.643],[-9,-2.212],[-9,7.268],[-7.25,9.018],[-4.25,9.018],[-1.5,6.268],[-1.5,2.768],[-1.25,2.518],[1.25,2.518],[1.5,2.768],[1.5,6.268],[4.25,9.018],[7.25,9.018],[9,7.268],[9,-2.212]],"c":true},"ix":2},"nm":"Path 2","mn":"ADBE Vector Shape - Group","hd":false},{"ty":"fl","c":{"a":0,"k":[0.169,0.278,0.208,1],"ix":4,"x":"var $bm_rt;\n$bm_rt = comp('system-regular-41-home').layer('control').effect('primary')('Color');"},"o":{"a":0,"k":100,"ix":5},"r":1,"bm":0,"nm":".primary","mn":"ADBE Vector Graphic - Fill","hd":false,"cl":"primary"},{"ty":"tr","p":{"a":0,"k":[0,0],"ix":2},"a":{"a":0,"k":[0,0],"ix":1},"s":{"a":0,"k":[100,100],"ix":3},"r":{"a":0,"k":0,"ix":6},"o":{"a":0,"k":100,"ix":7},"sk":{"a":0,"k":0,"ix":4},"sa":{"a":0,"k":0,"ix":5},"nm":"Transform"}],"nm":"Group 1","np":3,"cix":2,"bm":0,"ix":1,"mn":"ADBE Vector Group","hd":false}],"ip":0,"op":1,"st":0,"ct":1,"bm":0}]}],"layers":[{"ddd":0,"ind":1,"ty":3,"nm":"control","sr":1,"ks":{"o":{"a":0,"k":0,"ix":11},"r":{"a":0,"k":0,"ix":10},"p":{"a":0,"k":[0,0],"ix":2,"l":2},"a":{"a":0,"k":[0,0,0],"ix":1,"l":2},"s":{"a":0,"k":[100,100,100],"ix":6,"l":2}},"ao":0,"ef":[{"ty":5,"nm":"primary","np":3,"mn":"ADBE Color Control","ix":1,"en":1,"ef":[{"ty":2,"nm":"Color","mn":"ADBE Color Control-0001","ix":1,"v":{"a":0,"k":[0.169,0.278,0.208],"ix":1}}]}],"ip":0,"op":341,"st":0,"bm":0},{"ddd":0,"ind":2,"ty":0,"nm":"in-home","refId":"comp_0","sr":1,"ks":{"o":{"a":0,"k":100,"ix":11},"r":{"a":0,"k":0,"ix":10},"p":{"a":0,"k":[250,250,0],"ix":2,"l":2},"a":{"a":0,"k":[250,250,0],"ix":1,"l":2},"s":{"a":0,"k":[100,100,100],"ix":6,"l":2}},"ao":0,"w":500,"h":500,"ip":0,"op":70,"st":0,"bm":0},{"ddd":0,"ind":3,"ty":0,"nm":"hover-home-2","refId":"comp_1","sr":1,"ks":{"o":{"a":0,"k":100,"ix":11},"r":{"a":0,"k":0,"ix":10},"p":{"a":0,"k":[250,250,0],"ix":2,"l":2},"a":{"a":0,"k":[250,250,0],"ix":1,"l":2},"s":{"a":0,"k":[100,100,100],"ix":6,"l":2}},"ao":0,"w":500,"h":500,"ip":70,"op":140,"st":70,"bm":0},{"ddd":0,"ind":4,"ty":0,"nm":"hover-home-1","refId":"comp_2","sr":1,"ks":{"o":{"a":0,"k":100,"ix":11},"r":{"a":0,"k":0,"ix":10},"p":{"a":0,"k":[250,250,0],"ix":2,"l":2},"a":{"a":0,"k":[250,250,0],"ix":1,"l":2},"s":{"a":0,"k":[100,100,100],"ix":6,"l":2}},"ao":0,"w":500,"h":500,"ip":140,"op":210,"st":140,"bm":0},{"ddd":0,"ind":5,"ty":0,"nm":"morph-home-1","refId":"comp_3","sr":1,"ks":{"o":{"a":0,"k":100,"ix":11},"r":{"a":0,"k":0,"ix":10},"p":{"a":0,"k":[250,250,0],"ix":2,"l":2},"a":{"a":0,"k":[250,250,0],"ix":1,"l":2},"s":{"a":0,"k":[100,100,100],"ix":6,"l":2}},"ao":0,"w":500,"h":500,"ip":210,"op":280,"st":210,"bm":0},{"ddd":0,"ind":6,"ty":0,"nm":"morph-home-2","refId":"comp_4","sr":1,"ks":{"o":{"a":0,"k":100,"ix":11},"r":{"a":0,"k":0,"ix":10},"p":{"a":0,"k":[250,250,0],"ix":2,"l":2},"a":{"a":0,"k":[250,250,0],"ix":1,"l":2},"s":{"a":0,"k":[100,100,100],"ix":6,"l":2}},"ao":0,"w":500,"h":500,"ip":280,"op":350,"st":280,"bm":0}],"markers":[{"tm":0,"cm":"in-home","dr":60},{"tm":70,"cm":"default:hover-home-2","dr":60},{"tm":140,"cm":"hover-home-1","dr":60},{"tm":210,"cm":"morph-home-1","dr":60},{"tm":280,"cm":"morph-home-2","dr":60}],"props":{}}