{"v":"5.12.1","fr":60,"ip":140,"op":200,"w":500,"h":500,"nm":"system-regular-140-help-center","ddd":0,"assets":[{"id":"comp_0","nm":"in-help-center","fr":60,"layers":[{"ddd":0,"ind":1,"ty":3,"nm":"NULL ","sr":1,"ks":{"o":{"a":0,"k":0,"ix":11},"r":{"a":0,"k":0,"ix":10},"p":{"a":1,"k":[{"i":{"x":0.439,"y":1},"o":{"x":0.167,"y":0.167},"t":6,"s":[162,302,0],"to":[0,0,0],"ti":[-37.439,48.859,0]},{"t":30,"s":[250,250,0]}],"ix":2,"l":2},"a":{"a":0,"k":[50,50,0],"ix":1,"l":2},"s":{"a":0,"k":[100,100,100],"ix":6,"l":2}},"ao":0,"ip":6,"op":59,"st":0,"bm":0},{"ddd":0,"ind":2,"ty":4,"nm":".primary.design","cl":"primary design","parent":1,"sr":1,"ks":{"o":{"a":0,"k":100,"ix":11},"r":{"a":0,"k":0,"ix":10},"p":{"a":1,"k":[{"i":{"x":0.667,"y":1},"o":{"x":0.167,"y":0.272},"t":27,"s":[49.998,105.168,0],"to":[0,12.667,0],"ti":[0,-8.167,0]},{"i":{"x":0.667,"y":1},"o":{"x":0.333,"y":0},"t":38,"s":[49.998,181.168,0],"to":[0,8.167,0],"ti":[0,4.5,0]},{"t":59,"s":[49.998,154.168,0]}],"ix":2,"l":2},"a":{"a":0,"k":[0,0,0],"ix":1,"l":2},"s":{"a":0,"k":[100,100,100],"ix":6,"l":2}},"ao":0,"shapes":[{"ty":"gr","it":[{"ind":0,"ty":"sh","ix":1,"ks":{"a":0,"k":{"i":[[0,0],[0,0]],"o":[[0,0],[0,0]],"v":[[0,0],[0,0]],"c":false},"ix":2},"nm":"Path 1","mn":"ADBE Vector Shape - Group","hd":false},{"ty":"st","c":{"a":0,"k":[0.071,0.075,0.192,1],"ix":3,"x":"var $bm_rt;\n$bm_rt = comp('system-regular-140-help-center').layer('control').effect('primary')('Color');"},"o":{"a":0,"k":100,"ix":4},"w":{"a":0,"k":41,"ix":5},"lc":2,"lj":1,"ml":10,"bm":0,"nm":".primary","mn":"ADBE Vector Graphic - Stroke","hd":false,"cl":"primary"},{"ty":"tr","p":{"a":0,"k":[0,0],"ix":2},"a":{"a":0,"k":[0,0],"ix":1},"s":{"a":0,"k":[100,100],"ix":3},"r":{"a":0,"k":0,"ix":6},"o":{"a":0,"k":100,"ix":7},"sk":{"a":0,"k":0,"ix":4},"sa":{"a":0,"k":0,"ix":5},"nm":"Transform"}],"nm":"Group 1","np":2,"cix":2,"bm":0,"ix":1,"mn":"ADBE Vector Group","hd":false}],"ip":27,"op":59,"st":0,"ct":1,"bm":0},{"ddd":0,"ind":3,"ty":4,"nm":".primary.design","cl":"primary design","parent":1,"sr":1,"ks":{"o":{"a":0,"k":100,"ix":11},"r":{"a":0,"k":0,"ix":10},"p":{"a":0,"k":[49.997,13.545,0],"ix":2,"l":2},"a":{"a":0,"k":[0,0,0],"ix":1,"l":2},"s":{"a":0,"k":[100,100,100],"ix":6,"l":2}},"ao":0,"shapes":[{"ty":"gr","it":[{"ind":0,"ty":"sh","ix":1,"ks":{"a":0,"k":{"i":[[0,0],[0,0],[-16.638,10.184],[6.456,25.006],[18.009,4.654],[0,-34.168]],"o":[[0,0],[0,-19.508],[19.032,-11.65],[-4.65,-18.01],[-35.677,-9.221],[0,0]],"v":[[0,72.917],[0,72.878],[27.878,26.194],[51.635,-33.683],[14.251,-71.075],[-53.473,-19.445]],"c":false},"ix":2},"nm":"Path 1","mn":"ADBE Vector Shape - Group","hd":false},{"ty":"tm","s":{"a":1,"k":[{"i":{"x":[0.322],"y":[1]},"o":{"x":[0.167],"y":[0.167]},"t":23,"s":[100]},{"t":59,"s":[0]}],"ix":1},"e":{"a":0,"k":100,"ix":2},"o":{"a":0,"k":0,"ix":3},"m":1,"ix":2,"nm":"Trim Paths 1","mn":"ADBE Vector Filter - Trim","hd":false},{"ty":"st","c":{"a":0,"k":[0.071,0.075,0.192,1],"ix":3,"x":"var $bm_rt;\n$bm_rt = comp('system-regular-140-help-center').layer('control').effect('primary')('Color');"},"o":{"a":0,"k":100,"ix":4},"w":{"a":0,"k":31.3,"ix":5},"lc":2,"lj":2,"bm":0,"nm":".primary","mn":"ADBE Vector Graphic - Stroke","hd":false,"cl":"primary"},{"ty":"tr","p":{"a":0,"k":[0,0],"ix":2},"a":{"a":0,"k":[0,0],"ix":1},"s":{"a":0,"k":[100,100],"ix":3},"r":{"a":0,"k":0,"ix":6},"o":{"a":0,"k":100,"ix":7},"sk":{"a":0,"k":0,"ix":4},"sa":{"a":0,"k":0,"ix":5},"nm":"Transform"}],"nm":"Group 1","np":3,"cix":2,"bm":0,"ix":1,"mn":"ADBE Vector Group","hd":false}],"ip":23,"op":59,"st":0,"ct":1,"bm":0},{"ddd":0,"ind":4,"ty":4,"nm":".primary.design","cl":"primary design","parent":1,"sr":1,"ks":{"o":{"a":0,"k":100,"ix":11},"r":{"a":0,"k":0,"ix":10},"p":{"a":0,"k":[49.997,13.545,0],"ix":2,"l":2},"a":{"a":0,"k":[0,0,0],"ix":1,"l":2},"s":{"a":0,"k":[100,100,100],"ix":6,"l":2}},"ao":0,"shapes":[{"ty":"gr","it":[{"ind":0,"ty":"sh","ix":1,"ks":{"a":0,"k":{"i":[[0,0],[0,0],[-16.638,10.184],[6.456,25.006],[18.009,4.654],[0,-34.168]],"o":[[0,0],[0,-19.508],[19.032,-11.65],[-4.65,-18.01],[-35.677,-9.221],[0,0]],"v":[[0,72.917],[0,72.878],[27.878,26.194],[51.635,-33.683],[14.251,-71.075],[-53.473,-19.445]],"c":false},"ix":2},"nm":"Path 1","mn":"ADBE Vector Shape - Group","hd":false},{"ty":"tm","s":{"a":1,"k":[{"i":{"x":[0],"y":[0.722]},"o":{"x":[0.333],"y":[0]},"t":4,"s":[100]},{"t":21,"s":[0]}],"ix":1},"e":{"a":1,"k":[{"i":{"x":[0.667],"y":[1]},"o":{"x":[0.333],"y":[0]},"t":11,"s":[100]},{"t":27,"s":[0]}],"ix":2},"o":{"a":0,"k":0,"ix":3},"m":1,"ix":2,"nm":"Trim Paths 1","mn":"ADBE Vector Filter - Trim","hd":false},{"ty":"st","c":{"a":0,"k":[0.071,0.075,0.192,1],"ix":3,"x":"var $bm_rt;\n$bm_rt = comp('system-regular-140-help-center').layer('control').effect('primary')('Color');"},"o":{"a":0,"k":100,"ix":4},"w":{"a":0,"k":31.3,"ix":5},"lc":2,"lj":2,"bm":0,"nm":".primary","mn":"ADBE Vector Graphic - Stroke","hd":false,"cl":"primary"},{"ty":"tr","p":{"a":0,"k":[0,0],"ix":2},"a":{"a":0,"k":[0,0],"ix":1},"s":{"a":0,"k":[100,100],"ix":3},"r":{"a":0,"k":0,"ix":6},"o":{"a":0,"k":100,"ix":7},"sk":{"a":0,"k":0,"ix":4},"sa":{"a":0,"k":0,"ix":5},"nm":"Transform"}],"nm":"Group 1","np":3,"cix":2,"bm":0,"ix":1,"mn":"ADBE Vector Group","hd":false}],"ip":6,"op":59,"st":0,"ct":1,"bm":0},{"ddd":0,"ind":5,"ty":4,"nm":".primary.design","cl":"primary design","sr":1,"ks":{"o":{"a":0,"k":100,"ix":11},"r":{"a":0,"k":0,"ix":10},"p":{"a":0,"k":[250.003,250.003,0],"ix":2,"l":2},"a":{"a":0,"k":[250.003,250.003,0],"ix":1,"l":2},"s":{"a":0,"k":[100,100,100],"ix":6,"l":2}},"ao":0,"shapes":[{"ty":"gr","it":[{"ind":0,"ty":"sh","ix":1,"ks":{"a":0,"k":{"i":[[97.631,0],[0,-97.631],[-97.631,0],[0,97.631]],"o":[[-97.631,0],[0,97.631],[97.631,0],[0,-97.631]],"v":[[0,-177.059],[-177.059,0],[0,177.059],[177.059,0]],"c":true},"ix":2},"nm":"Path 1","mn":"ADBE Vector Shape - Group","hd":false},{"ind":1,"ty":"sh","ix":2,"ks":{"a":0,"k":{"i":[[114.89,0],[0,114.89],[-114.89,0],[0,-114.89]],"o":[[-114.89,0],[0,-114.89],[114.89,0],[0,114.89]],"v":[[0.001,208.359],[-208.36,0],[0.001,-208.359],[208.36,0]],"c":true},"ix":2},"nm":"Path 2","mn":"ADBE Vector Shape - Group","hd":false},{"ty":"fl","c":{"a":0,"k":[0.071,0.075,0.192,1],"ix":4,"x":"var $bm_rt;\n$bm_rt = comp('system-regular-140-help-center').layer('control').effect('primary')('Color');"},"o":{"a":0,"k":100,"ix":5},"r":1,"bm":0,"nm":".primary","mn":"ADBE Vector Graphic - Fill","hd":false,"cl":"primary"},{"ty":"tr","p":{"a":0,"k":[250.003,250.003],"ix":2},"a":{"a":0,"k":[0,0],"ix":1},"s":{"a":0,"k":[100,100],"ix":3},"r":{"a":0,"k":0,"ix":6},"o":{"a":0,"k":100,"ix":7},"sk":{"a":0,"k":0,"ix":4},"sa":{"a":0,"k":0,"ix":5},"nm":"Transform"}],"nm":"Group 1","np":3,"cix":2,"bm":0,"ix":1,"mn":"ADBE Vector Group","hd":false},{"ty":"gr","it":[{"ind":0,"ty":"sh","ix":1,"ks":{"a":0,"k":{"i":[[0.67,0],[0.67,0.06],[0.649,0.13],[0.64,0.2],[0.62,0.25],[0.59,0.31],[0.56,0.37],[0.52,0.42],[0.47,0.48],[0.431,0.52],[0.37,0.56],[0.311,0.59],[0.261,0.61],[0.19,0.64],[0.141,0.66],[0.07,0.67],[0,0.67],[-0.06,0.67],[-0.13,0.66],[-0.199,0.64],[-0.25,0.61],[-0.31,0.59],[-0.37,0.55],[-0.42,0.52],[-0.479,0.47],[-0.521,0.42],[-0.551,0.37],[-0.59,0.32],[-0.61,0.25],[-0.64,0.19],[-0.65,0.13],[-0.671,0.07],[-1.34,-0.14],[-0.66,-0.13],[-0.641,-0.19],[-0.61,-0.26],[-0.591,-0.31],[-0.55,-0.37],[-0.51,-0.42],[-0.47,-0.47],[-0.42,-0.52],[-0.37,-0.56],[-0.32,-0.59],[-0.25,-0.62],[-0.189,-0.64],[-0.13,-0.65],[-0.06,-0.66],[0,-0.67],[0.07,-0.66],[0.141,-0.65],[0.2,-0.64],[0.26,-0.62],[0.31,-0.59],[0.37,-0.56],[0.431,-0.52],[0.47,-0.47],[0.52,-0.43],[0.56,-0.37],[0.59,-0.31],[0.62,-0.26],[0.63,-0.19],[0.65,-0.14],[0.66,-0.07]],"o":[[-0.66,0],[-0.671,-0.07],[-0.65,-0.14],[-0.64,-0.19],[-0.61,-0.26],[-0.59,-0.31],[-0.551,-0.37],[-0.521,-0.43],[-0.479,-0.47],[-0.42,-0.52],[-0.37,-0.56],[-0.31,-0.59],[-0.25,-0.62],[-0.199,-0.64],[-0.13,-0.65],[-0.06,-0.66],[0,-0.67],[0.07,-0.66],[0.141,-0.65],[0.19,-0.64],[0.261,-0.62],[0.311,-0.59],[0.37,-0.56],[0.431,-0.52],[0.47,-0.47],[0.52,-0.42],[0.56,-0.37],[0.59,-0.31],[0.62,-0.26],[0.64,-0.19],[0.649,-0.13],[1.34,-0.14],[0.66,0.07],[0.65,0.13],[0.63,0.19],[0.62,0.25],[0.59,0.32],[0.56,0.37],[0.52,0.42],[0.47,0.47],[0.431,0.52],[0.37,0.55],[0.31,0.59],[0.26,0.61],[0.2,0.63],[0.141,0.66],[0.07,0.67],[0,0.67],[-0.06,0.67],[-0.13,0.66],[-0.189,0.64],[-0.25,0.61],[-0.32,0.59],[-0.37,0.56],[-0.42,0.52],[-0.47,0.48],[-0.51,0.42],[-0.55,0.37],[-0.591,0.31],[-0.61,0.25],[-0.641,0.2],[-0.66,0.13],[-0.67,0.06]],"v":[[-0.005,20.503],[-2.015,20.402],[-4.005,20.102],[-5.955,19.602],[-7.845,18.932],[-9.655,18.072],[-11.385,17.043],[-13.005,15.852],[-14.495,14.492],[-15.855,13.003],[-17.045,11.382],[-18.075,9.652],[-18.936,7.842],[-19.605,5.952],[-20.105,4.003],[-20.405,2.012],[-20.505,0.003],[-20.405,-2.017],[-20.105,-4.008],[-19.605,-5.948],[-18.936,-7.838],[-18.075,-9.658],[-17.045,-11.378],[-15.855,-12.997],[-14.495,-14.497],[-13.005,-15.848],[-11.385,-17.048],[-9.655,-18.078],[-7.845,-18.928],[-5.955,-19.608],[-4.005,-20.098],[-2.015,-20.398],[2.015,-20.398],[4.005,-20.098],[5.955,-19.608],[7.835,-18.928],[9.655,-18.078],[11.375,-17.048],[12.995,-15.848],[14.495,-14.497],[15.845,-12.997],[17.045,-11.378],[18.075,-9.658],[18.925,-7.838],[19.604,-5.948],[20.095,-4.008],[20.395,-2.017],[20.505,0.003],[20.395,2.012],[20.095,4.003],[19.604,5.952],[18.925,7.842],[18.075,9.652],[17.045,11.382],[15.845,13.003],[14.495,14.492],[12.995,15.852],[11.375,17.043],[9.655,18.072],[7.835,18.932],[5.955,19.602],[4.005,20.102],[2.015,20.402]],"c":true},"ix":2},"nm":"Path 1","mn":"ADBE Vector Shape - Group","hd":false},{"ty":"fl","c":{"a":0,"k":[0.071,0.075,0.192,1],"ix":4,"x":"var $bm_rt;\n$bm_rt = comp('system-regular-140-help-center').layer('control').effect('primary')('Color');"},"o":{"a":0,"k":100,"ix":5},"r":1,"bm":0,"nm":".primary","mn":"ADBE Vector Graphic - Fill","hd":false,"cl":"primary"},{"ty":"tr","p":{"a":0,"k":[250.005,354.17],"ix":2},"a":{"a":0,"k":[0,0],"ix":1},"s":{"a":0,"k":[100,100],"ix":3},"r":{"a":0,"k":0,"ix":6},"o":{"a":0,"k":100,"ix":7},"sk":{"a":0,"k":0,"ix":4},"sa":{"a":0,"k":0,"ix":5},"nm":"Transform"}],"nm":"Group 2","np":2,"cix":2,"bm":0,"ix":2,"mn":"ADBE Vector Group","hd":false},{"ty":"gr","it":[{"ind":0,"ty":"sh","ix":1,"ks":{"a":0,"k":{"i":[[8.644,0],[0,8.643],[0,0],[-21.588,13.566],[4.886,19.431],[11.979,3.179],[9.009,-6.932],[0,-12.106],[8.644,0],[0,8.643],[-17.152,13.195],[-20.624,-5.471],[-5.906,-23.484],[25.484,-16.015],[0,-13.131]],"o":[[-8.644,0],[0,0],[0,-23.962],[11.629,-7.308],[-3.124,-12.422],[-11.319,-3.005],[-9.39,7.223],[0,8.643],[-8.644,0],[0,-21.9],[16.642,-12.801],[22.996,6.102],[7.546,30.008],[-12.417,7.803],[0,8.643]],"v":[[0.019,88.547],[-15.632,72.917],[-15.632,72.878],[18.845,12.944],[35.135,-29.866],[9.885,-55.949],[-21.64,-49.86],[-36.415,-19.445],[-52.065,-3.795],[-67.716,-19.445],[-40.725,-74.669],[17.912,-86.202],[65.49,-37.499],[35.499,39.445],[15.669,72.878]],"c":true},"ix":2},"nm":"Path 1","mn":"ADBE Vector Shape - Group","hd":false},{"ty":"fl","c":{"a":0,"k":[0.071,0.075,0.192,1],"ix":4,"x":"var $bm_rt;\n$bm_rt = comp('system-regular-140-help-center').layer('control').effect('primary')('Color');"},"o":{"a":0,"k":100,"ix":5},"r":1,"bm":0,"nm":".primary","mn":"ADBE Vector Graphic - Fill","hd":false,"cl":"primary"},{"ty":"tr","p":{"a":0,"k":[249.985,213.544],"ix":2},"a":{"a":0,"k":[0,0],"ix":1},"s":{"a":0,"k":[100,100],"ix":3},"r":{"a":0,"k":0,"ix":6},"o":{"a":0,"k":100,"ix":7},"sk":{"a":0,"k":0,"ix":4},"sa":{"a":0,"k":0,"ix":5},"nm":"Transform"}],"nm":"Group 3","np":2,"cix":2,"bm":0,"ix":3,"mn":"ADBE Vector Group","hd":false}],"ip":59,"op":483,"st":60,"ct":1,"bm":0},{"ddd":0,"ind":6,"ty":4,"nm":".primary.design","cl":"primary design","sr":1,"ks":{"o":{"a":0,"k":100,"ix":11},"r":{"a":1,"k":[{"i":{"x":[0.2],"y":[1]},"o":{"x":[0.167],"y":[0.167]},"t":0,"s":[0]},{"t":40,"s":[-180]}],"ix":10},"p":{"a":0,"k":[250.004,250.003,0],"ix":2,"l":2},"a":{"a":0,"k":[0,0,0],"ix":1,"l":2},"s":{"a":0,"k":[100,100,100],"ix":6,"l":2}},"ao":0,"shapes":[{"ty":"gr","it":[{"ind":0,"ty":"sh","ix":1,"ks":{"a":1,"k":[{"i":{"x":0.2,"y":1},"o":{"x":0.167,"y":0.167},"t":0,"s":[{"i":[[-0.237,-9.809],[9.809,-0.237],[0.237,9.809],[-9.809,0.237]],"o":[[0.237,9.809],[-9.809,0.237],[-0.237,-9.809],[9.809,-0.237]],"v":[[17.524,-176.429],[0.193,-158.24],[-17.996,-175.571],[-0.666,-193.76]],"c":true}]},{"t":40,"s":[{"i":[[-2.572,-106.399],[106.399,-2.572],[2.572,106.399],[-106.399,2.572]],"o":[[2.572,106.399],[-106.399,2.572],[-2.572,-106.399],[106.399,-2.572]],"v":[[192.652,-4.656],[4.656,192.652],[-192.652,4.656],[-4.656,-192.652]],"c":true}]}],"ix":2},"nm":"Path 1","mn":"ADBE Vector Shape - Group","hd":false},{"ty":"st","c":{"a":0,"k":[0.071,0.075,0.192,1],"ix":3,"x":"var $bm_rt;\n$bm_rt = comp('system-regular-140-help-center').layer('control').effect('primary')('Color');"},"o":{"a":0,"k":100,"ix":4},"w":{"a":0,"k":31.3,"ix":5},"lc":2,"lj":2,"bm":0,"nm":".primary","mn":"ADBE Vector Graphic - Stroke","hd":false,"cl":"primary"},{"ty":"tr","p":{"a":0,"k":[0,0],"ix":2},"a":{"a":0,"k":[0,0],"ix":1},"s":{"a":0,"k":[100,100],"ix":3},"r":{"a":0,"k":0,"ix":6},"o":{"a":0,"k":100,"ix":7},"sk":{"a":0,"k":0,"ix":4},"sa":{"a":0,"k":0,"ix":5},"nm":"Transform"}],"nm":"Group 1","np":2,"cix":2,"bm":0,"ix":1,"mn":"ADBE Vector Group","hd":false}],"ip":1,"op":59,"st":0,"ct":1,"bm":0}]},{"id":"comp_1","nm":"hover-help-center-1","fr":60,"layers":[{"ddd":0,"ind":1,"ty":4,"nm":".primary.design","cl":"primary design","sr":1,"ks":{"o":{"a":0,"k":100,"ix":11},"r":{"a":0,"k":0,"ix":10},"p":{"a":0,"k":[250.003,250.003,0],"ix":2,"l":2},"a":{"a":0,"k":[250.003,250.003,0],"ix":1,"l":2},"s":{"a":0,"k":[100,100,100],"ix":6,"l":2}},"ao":0,"shapes":[{"ty":"gr","it":[{"ind":0,"ty":"sh","ix":1,"ks":{"a":0,"k":{"i":[[97.631,0],[0,-97.631],[-97.631,0],[0,97.631]],"o":[[-97.631,0],[0,97.631],[97.631,0],[0,-97.631]],"v":[[0,-177.059],[-177.059,0],[0,177.059],[177.059,0]],"c":true},"ix":2},"nm":"Path 1","mn":"ADBE Vector Shape - Group","hd":false},{"ind":1,"ty":"sh","ix":2,"ks":{"a":0,"k":{"i":[[114.89,0],[0,114.89],[-114.89,0],[0,-114.89]],"o":[[-114.89,0],[0,-114.89],[114.89,0],[0,114.89]],"v":[[0.001,208.359],[-208.36,0],[0.001,-208.359],[208.36,0]],"c":true},"ix":2},"nm":"Path 2","mn":"ADBE Vector Shape - Group","hd":false},{"ty":"fl","c":{"a":0,"k":[0.071,0.075,0.192,1],"ix":4,"x":"var $bm_rt;\n$bm_rt = comp('system-regular-140-help-center').layer('control').effect('primary')('Color');"},"o":{"a":0,"k":100,"ix":5},"r":1,"bm":0,"nm":".primary","mn":"ADBE Vector Graphic - Fill","hd":false,"cl":"primary"},{"ty":"tr","p":{"a":0,"k":[250.003,250.003],"ix":2},"a":{"a":0,"k":[0,0],"ix":1},"s":{"a":0,"k":[100,100],"ix":3},"r":{"a":0,"k":0,"ix":6},"o":{"a":0,"k":100,"ix":7},"sk":{"a":0,"k":0,"ix":4},"sa":{"a":0,"k":0,"ix":5},"nm":"Transform"}],"nm":"Group 1","np":3,"cix":2,"bm":0,"ix":1,"mn":"ADBE Vector Group","hd":false},{"ty":"gr","it":[{"ind":0,"ty":"sh","ix":1,"ks":{"a":0,"k":{"i":[[0.67,0],[0.67,0.06],[0.649,0.13],[0.64,0.2],[0.62,0.25],[0.59,0.31],[0.56,0.37],[0.52,0.42],[0.47,0.48],[0.431,0.52],[0.37,0.56],[0.311,0.59],[0.261,0.61],[0.19,0.64],[0.141,0.66],[0.07,0.67],[0,0.67],[-0.06,0.67],[-0.13,0.66],[-0.199,0.64],[-0.25,0.61],[-0.31,0.59],[-0.37,0.55],[-0.42,0.52],[-0.479,0.47],[-0.521,0.42],[-0.551,0.37],[-0.59,0.32],[-0.61,0.25],[-0.64,0.19],[-0.65,0.13],[-0.671,0.07],[-1.34,-0.14],[-0.66,-0.13],[-0.641,-0.19],[-0.61,-0.26],[-0.591,-0.31],[-0.55,-0.37],[-0.51,-0.42],[-0.47,-0.47],[-0.42,-0.52],[-0.37,-0.56],[-0.32,-0.59],[-0.25,-0.62],[-0.189,-0.64],[-0.13,-0.65],[-0.06,-0.66],[0,-0.67],[0.07,-0.66],[0.141,-0.65],[0.2,-0.64],[0.26,-0.62],[0.31,-0.59],[0.37,-0.56],[0.431,-0.52],[0.47,-0.47],[0.52,-0.43],[0.56,-0.37],[0.59,-0.31],[0.62,-0.26],[0.63,-0.19],[0.65,-0.14],[0.66,-0.07]],"o":[[-0.66,0],[-0.671,-0.07],[-0.65,-0.14],[-0.64,-0.19],[-0.61,-0.26],[-0.59,-0.31],[-0.551,-0.37],[-0.521,-0.43],[-0.479,-0.47],[-0.42,-0.52],[-0.37,-0.56],[-0.31,-0.59],[-0.25,-0.62],[-0.199,-0.64],[-0.13,-0.65],[-0.06,-0.66],[0,-0.67],[0.07,-0.66],[0.141,-0.65],[0.19,-0.64],[0.261,-0.62],[0.311,-0.59],[0.37,-0.56],[0.431,-0.52],[0.47,-0.47],[0.52,-0.42],[0.56,-0.37],[0.59,-0.31],[0.62,-0.26],[0.64,-0.19],[0.649,-0.13],[1.34,-0.14],[0.66,0.07],[0.65,0.13],[0.63,0.19],[0.62,0.25],[0.59,0.32],[0.56,0.37],[0.52,0.42],[0.47,0.47],[0.431,0.52],[0.37,0.55],[0.31,0.59],[0.26,0.61],[0.2,0.63],[0.141,0.66],[0.07,0.67],[0,0.67],[-0.06,0.67],[-0.13,0.66],[-0.189,0.64],[-0.25,0.61],[-0.32,0.59],[-0.37,0.56],[-0.42,0.52],[-0.47,0.48],[-0.51,0.42],[-0.55,0.37],[-0.591,0.31],[-0.61,0.25],[-0.641,0.2],[-0.66,0.13],[-0.67,0.06]],"v":[[-0.005,20.503],[-2.015,20.402],[-4.005,20.102],[-5.955,19.602],[-7.845,18.932],[-9.655,18.072],[-11.385,17.043],[-13.005,15.852],[-14.495,14.492],[-15.855,13.003],[-17.045,11.382],[-18.075,9.652],[-18.936,7.842],[-19.605,5.952],[-20.105,4.003],[-20.405,2.012],[-20.505,0.003],[-20.405,-2.017],[-20.105,-4.008],[-19.605,-5.948],[-18.936,-7.838],[-18.075,-9.658],[-17.045,-11.378],[-15.855,-12.997],[-14.495,-14.497],[-13.005,-15.848],[-11.385,-17.048],[-9.655,-18.078],[-7.845,-18.928],[-5.955,-19.608],[-4.005,-20.098],[-2.015,-20.398],[2.015,-20.398],[4.005,-20.098],[5.955,-19.608],[7.835,-18.928],[9.655,-18.078],[11.375,-17.048],[12.995,-15.848],[14.495,-14.497],[15.845,-12.997],[17.045,-11.378],[18.075,-9.658],[18.925,-7.838],[19.604,-5.948],[20.095,-4.008],[20.395,-2.017],[20.505,0.003],[20.395,2.012],[20.095,4.003],[19.604,5.952],[18.925,7.842],[18.075,9.652],[17.045,11.382],[15.845,13.003],[14.495,14.492],[12.995,15.852],[11.375,17.043],[9.655,18.072],[7.835,18.932],[5.955,19.602],[4.005,20.102],[2.015,20.402]],"c":true},"ix":2},"nm":"Path 1","mn":"ADBE Vector Shape - Group","hd":false},{"ty":"fl","c":{"a":0,"k":[0.071,0.075,0.192,1],"ix":4,"x":"var $bm_rt;\n$bm_rt = comp('system-regular-140-help-center').layer('control').effect('primary')('Color');"},"o":{"a":0,"k":100,"ix":5},"r":1,"bm":0,"nm":".primary","mn":"ADBE Vector Graphic - Fill","hd":false,"cl":"primary"},{"ty":"tr","p":{"a":0,"k":[250.005,354.17],"ix":2},"a":{"a":0,"k":[0,0],"ix":1},"s":{"a":0,"k":[100,100],"ix":3},"r":{"a":0,"k":0,"ix":6},"o":{"a":0,"k":100,"ix":7},"sk":{"a":0,"k":0,"ix":4},"sa":{"a":0,"k":0,"ix":5},"nm":"Transform"}],"nm":"Group 2","np":2,"cix":2,"bm":0,"ix":2,"mn":"ADBE Vector Group","hd":false},{"ty":"gr","it":[{"ind":0,"ty":"sh","ix":1,"ks":{"a":0,"k":{"i":[[8.644,0],[0,8.643],[0,0],[-21.588,13.566],[4.886,19.431],[11.979,3.179],[9.009,-6.932],[0,-12.106],[8.644,0],[0,8.643],[-17.152,13.195],[-20.624,-5.471],[-5.906,-23.484],[25.484,-16.015],[0,-13.131]],"o":[[-8.644,0],[0,0],[0,-23.962],[11.629,-7.308],[-3.124,-12.422],[-11.319,-3.005],[-9.39,7.223],[0,8.643],[-8.644,0],[0,-21.9],[16.642,-12.801],[22.996,6.102],[7.546,30.008],[-12.417,7.803],[0,8.643]],"v":[[0.019,88.547],[-15.632,72.917],[-15.632,72.878],[18.845,12.944],[35.135,-29.866],[9.885,-55.949],[-21.64,-49.86],[-36.415,-19.445],[-52.065,-3.795],[-67.716,-19.445],[-40.725,-74.669],[17.912,-86.202],[65.49,-37.499],[35.499,39.445],[15.669,72.878]],"c":true},"ix":2},"nm":"Path 1","mn":"ADBE Vector Shape - Group","hd":false},{"ty":"fl","c":{"a":0,"k":[0.071,0.075,0.192,1],"ix":4,"x":"var $bm_rt;\n$bm_rt = comp('system-regular-140-help-center').layer('control').effect('primary')('Color');"},"o":{"a":0,"k":100,"ix":5},"r":1,"bm":0,"nm":".primary","mn":"ADBE Vector Graphic - Fill","hd":false,"cl":"primary"},{"ty":"tr","p":{"a":0,"k":[249.985,213.544],"ix":2},"a":{"a":0,"k":[0,0],"ix":1},"s":{"a":0,"k":[100,100],"ix":3},"r":{"a":0,"k":0,"ix":6},"o":{"a":0,"k":100,"ix":7},"sk":{"a":0,"k":0,"ix":4},"sa":{"a":0,"k":0,"ix":5},"nm":"Transform"}],"nm":"Group 3","np":2,"cix":2,"bm":0,"ix":3,"mn":"ADBE Vector Group","hd":false}],"ip":59,"op":483,"st":60,"ct":1,"bm":0},{"ddd":0,"ind":2,"ty":4,"nm":".primary.design","cl":"primary design","sr":1,"ks":{"o":{"a":0,"k":100,"ix":11},"r":{"a":0,"k":0,"ix":10},"p":{"a":0,"k":[250.003,250.003,0],"ix":2,"l":2},"a":{"a":0,"k":[250.003,250.003,0],"ix":1,"l":2},"s":{"a":0,"k":[100,100,100],"ix":6,"l":2}},"ao":0,"shapes":[{"ty":"gr","it":[{"ind":0,"ty":"sh","ix":1,"ks":{"a":0,"k":{"i":[[97.631,0],[0,-97.631],[-97.631,0],[0,97.631]],"o":[[-97.631,0],[0,97.631],[97.631,0],[0,-97.631]],"v":[[0,-177.059],[-177.059,0],[0,177.059],[177.059,0]],"c":true},"ix":2},"nm":"Path 1","mn":"ADBE Vector Shape - Group","hd":false},{"ind":1,"ty":"sh","ix":2,"ks":{"a":0,"k":{"i":[[114.89,0],[0,114.89],[-114.89,0],[0,-114.89]],"o":[[-114.89,0],[0,-114.89],[114.89,0],[0,114.89]],"v":[[0.001,208.359],[-208.36,0],[0.001,-208.359],[208.36,0]],"c":true},"ix":2},"nm":"Path 2","mn":"ADBE Vector Shape - Group","hd":false},{"ty":"fl","c":{"a":0,"k":[0.071,0.075,0.192,1],"ix":4,"x":"var $bm_rt;\n$bm_rt = comp('system-regular-140-help-center').layer('control').effect('primary')('Color');"},"o":{"a":0,"k":100,"ix":5},"r":1,"bm":0,"nm":".primary","mn":"ADBE Vector Graphic - Fill","hd":false,"cl":"primary"},{"ty":"tr","p":{"a":0,"k":[250.003,250.003],"ix":2},"a":{"a":0,"k":[0,0],"ix":1},"s":{"a":0,"k":[100,100],"ix":3},"r":{"a":0,"k":0,"ix":6},"o":{"a":0,"k":100,"ix":7},"sk":{"a":0,"k":0,"ix":4},"sa":{"a":0,"k":0,"ix":5},"nm":"Transform"}],"nm":"Group 1","np":3,"cix":2,"bm":0,"ix":1,"mn":"ADBE Vector Group","hd":false},{"ty":"gr","it":[{"ind":0,"ty":"sh","ix":1,"ks":{"a":0,"k":{"i":[[0.67,0],[0.67,0.06],[0.649,0.13],[0.64,0.2],[0.62,0.25],[0.59,0.31],[0.56,0.37],[0.52,0.42],[0.47,0.48],[0.431,0.52],[0.37,0.56],[0.311,0.59],[0.261,0.61],[0.19,0.64],[0.141,0.66],[0.07,0.67],[0,0.67],[-0.06,0.67],[-0.13,0.66],[-0.199,0.64],[-0.25,0.61],[-0.31,0.59],[-0.37,0.55],[-0.42,0.52],[-0.479,0.47],[-0.521,0.42],[-0.551,0.37],[-0.59,0.32],[-0.61,0.25],[-0.64,0.19],[-0.65,0.13],[-0.671,0.07],[-1.34,-0.14],[-0.66,-0.13],[-0.641,-0.19],[-0.61,-0.26],[-0.591,-0.31],[-0.55,-0.37],[-0.51,-0.42],[-0.47,-0.47],[-0.42,-0.52],[-0.37,-0.56],[-0.32,-0.59],[-0.25,-0.62],[-0.189,-0.64],[-0.13,-0.65],[-0.06,-0.66],[0,-0.67],[0.07,-0.66],[0.141,-0.65],[0.2,-0.64],[0.26,-0.62],[0.31,-0.59],[0.37,-0.56],[0.431,-0.52],[0.47,-0.47],[0.52,-0.43],[0.56,-0.37],[0.59,-0.31],[0.62,-0.26],[0.63,-0.19],[0.65,-0.14],[0.66,-0.07]],"o":[[-0.66,0],[-0.671,-0.07],[-0.65,-0.14],[-0.64,-0.19],[-0.61,-0.26],[-0.59,-0.31],[-0.551,-0.37],[-0.521,-0.43],[-0.479,-0.47],[-0.42,-0.52],[-0.37,-0.56],[-0.31,-0.59],[-0.25,-0.62],[-0.199,-0.64],[-0.13,-0.65],[-0.06,-0.66],[0,-0.67],[0.07,-0.66],[0.141,-0.65],[0.19,-0.64],[0.261,-0.62],[0.311,-0.59],[0.37,-0.56],[0.431,-0.52],[0.47,-0.47],[0.52,-0.42],[0.56,-0.37],[0.59,-0.31],[0.62,-0.26],[0.64,-0.19],[0.649,-0.13],[1.34,-0.14],[0.66,0.07],[0.65,0.13],[0.63,0.19],[0.62,0.25],[0.59,0.32],[0.56,0.37],[0.52,0.42],[0.47,0.47],[0.431,0.52],[0.37,0.55],[0.31,0.59],[0.26,0.61],[0.2,0.63],[0.141,0.66],[0.07,0.67],[0,0.67],[-0.06,0.67],[-0.13,0.66],[-0.189,0.64],[-0.25,0.61],[-0.32,0.59],[-0.37,0.56],[-0.42,0.52],[-0.47,0.48],[-0.51,0.42],[-0.55,0.37],[-0.591,0.31],[-0.61,0.25],[-0.641,0.2],[-0.66,0.13],[-0.67,0.06]],"v":[[-0.005,20.503],[-2.015,20.402],[-4.005,20.102],[-5.955,19.602],[-7.845,18.932],[-9.655,18.072],[-11.385,17.043],[-13.005,15.852],[-14.495,14.492],[-15.855,13.003],[-17.045,11.382],[-18.075,9.652],[-18.936,7.842],[-19.605,5.952],[-20.105,4.003],[-20.405,2.012],[-20.505,0.003],[-20.405,-2.017],[-20.105,-4.008],[-19.605,-5.948],[-18.936,-7.838],[-18.075,-9.658],[-17.045,-11.378],[-15.855,-12.997],[-14.495,-14.497],[-13.005,-15.848],[-11.385,-17.048],[-9.655,-18.078],[-7.845,-18.928],[-5.955,-19.608],[-4.005,-20.098],[-2.015,-20.398],[2.015,-20.398],[4.005,-20.098],[5.955,-19.608],[7.835,-18.928],[9.655,-18.078],[11.375,-17.048],[12.995,-15.848],[14.495,-14.497],[15.845,-12.997],[17.045,-11.378],[18.075,-9.658],[18.925,-7.838],[19.604,-5.948],[20.095,-4.008],[20.395,-2.017],[20.505,0.003],[20.395,2.012],[20.095,4.003],[19.604,5.952],[18.925,7.842],[18.075,9.652],[17.045,11.382],[15.845,13.003],[14.495,14.492],[12.995,15.852],[11.375,17.043],[9.655,18.072],[7.835,18.932],[5.955,19.602],[4.005,20.102],[2.015,20.402]],"c":true},"ix":2},"nm":"Path 1","mn":"ADBE Vector Shape - Group","hd":false},{"ty":"fl","c":{"a":0,"k":[0.071,0.075,0.192,1],"ix":4,"x":"var $bm_rt;\n$bm_rt = comp('system-regular-140-help-center').layer('control').effect('primary')('Color');"},"o":{"a":0,"k":100,"ix":5},"r":1,"bm":0,"nm":".primary","mn":"ADBE Vector Graphic - Fill","hd":false,"cl":"primary"},{"ty":"tr","p":{"a":0,"k":[250.005,354.17],"ix":2},"a":{"a":0,"k":[0,0],"ix":1},"s":{"a":0,"k":[100,100],"ix":3},"r":{"a":0,"k":0,"ix":6},"o":{"a":0,"k":100,"ix":7},"sk":{"a":0,"k":0,"ix":4},"sa":{"a":0,"k":0,"ix":5},"nm":"Transform"}],"nm":"Group 2","np":2,"cix":2,"bm":0,"ix":2,"mn":"ADBE Vector Group","hd":false},{"ty":"gr","it":[{"ind":0,"ty":"sh","ix":1,"ks":{"a":0,"k":{"i":[[8.644,0],[0,8.643],[0,0],[-21.588,13.566],[4.886,19.431],[11.979,3.179],[9.009,-6.932],[0,-12.106],[8.644,0],[0,8.643],[-17.152,13.195],[-20.624,-5.471],[-5.906,-23.484],[25.484,-16.015],[0,-13.131]],"o":[[-8.644,0],[0,0],[0,-23.962],[11.629,-7.308],[-3.124,-12.422],[-11.319,-3.005],[-9.39,7.223],[0,8.643],[-8.644,0],[0,-21.9],[16.642,-12.801],[22.996,6.102],[7.546,30.008],[-12.417,7.803],[0,8.643]],"v":[[0.019,88.547],[-15.632,72.917],[-15.632,72.878],[18.845,12.944],[35.135,-29.866],[9.885,-55.949],[-21.64,-49.86],[-36.415,-19.445],[-52.065,-3.795],[-67.716,-19.445],[-40.725,-74.669],[17.912,-86.202],[65.49,-37.499],[35.499,39.445],[15.669,72.878]],"c":true},"ix":2},"nm":"Path 1","mn":"ADBE Vector Shape - Group","hd":false},{"ty":"fl","c":{"a":0,"k":[0.071,0.075,0.192,1],"ix":4,"x":"var $bm_rt;\n$bm_rt = comp('system-regular-140-help-center').layer('control').effect('primary')('Color');"},"o":{"a":0,"k":100,"ix":5},"r":1,"bm":0,"nm":".primary","mn":"ADBE Vector Graphic - Fill","hd":false,"cl":"primary"},{"ty":"tr","p":{"a":0,"k":[249.985,213.544],"ix":2},"a":{"a":0,"k":[0,0],"ix":1},"s":{"a":0,"k":[100,100],"ix":3},"r":{"a":0,"k":0,"ix":6},"o":{"a":0,"k":100,"ix":7},"sk":{"a":0,"k":0,"ix":4},"sa":{"a":0,"k":0,"ix":5},"nm":"Transform"}],"nm":"Group 3","np":2,"cix":2,"bm":0,"ix":3,"mn":"ADBE Vector Group","hd":false}],"ip":0,"op":1,"st":0,"ct":1,"bm":0},{"ddd":0,"ind":3,"ty":3,"nm":"NULL ","sr":1,"ks":{"o":{"a":0,"k":0,"ix":11},"r":{"a":0,"k":0,"ix":10},"p":{"a":0,"k":[250,250,0],"ix":2,"l":2},"a":{"a":0,"k":[50,50,0],"ix":1,"l":2},"s":{"a":1,"k":[{"i":{"x":[0.1,0.1,0.1],"y":[1,1,1]},"o":{"x":[0.333,0.333,0.333],"y":[0,0,0]},"t":1,"s":[100,100,100]},{"i":{"x":[0.667,0.667,0.667],"y":[1,1,1]},"o":{"x":[0.9,0.9,0.9],"y":[0,0,0]},"t":27,"s":[160,160,100]},{"t":59,"s":[100,100,100]}],"ix":6,"l":2}},"ao":0,"ip":1,"op":59,"st":0,"bm":0},{"ddd":0,"ind":4,"ty":4,"nm":".primary.design","cl":"primary design","parent":3,"sr":1,"ks":{"o":{"a":0,"k":100,"ix":11},"r":{"a":0,"k":0,"ix":10},"p":{"a":0,"k":[49.997,13.545,0],"ix":2,"l":2},"a":{"a":0,"k":[0,0,0],"ix":1,"l":2},"s":{"a":0,"k":[100,100,100],"ix":6,"l":2}},"ao":0,"shapes":[{"ty":"gr","it":[{"ind":0,"ty":"sh","ix":1,"ks":{"a":0,"k":{"i":[[0,0],[0,0],[-16.638,10.184],[6.456,25.006],[18.009,4.654],[0,-34.168]],"o":[[0,0],[0,-19.508],[19.032,-11.65],[-4.65,-18.01],[-35.677,-9.221],[0,0]],"v":[[0,72.917],[0,72.878],[27.878,26.194],[51.635,-33.683],[14.251,-71.075],[-53.473,-19.445]],"c":false},"ix":2},"nm":"Path 1","mn":"ADBE Vector Shape - Group","hd":false},{"ty":"tm","s":{"a":0,"k":0,"ix":1},"e":{"a":1,"k":[{"i":{"x":[0.667],"y":[1]},"o":{"x":[0.333],"y":[0]},"t":1,"s":[100]},{"t":27,"s":[0]}],"ix":2},"o":{"a":0,"k":0,"ix":3},"m":1,"ix":2,"nm":"Trim Paths 1","mn":"ADBE Vector Filter - Trim","hd":false},{"ty":"st","c":{"a":0,"k":[0.071,0.075,0.192,1],"ix":3,"x":"var $bm_rt;\n$bm_rt = comp('system-regular-140-help-center').layer('control').effect('primary')('Color');"},"o":{"a":0,"k":100,"ix":4},"w":{"a":0,"k":31.3,"ix":5},"lc":2,"lj":2,"bm":0,"nm":".primary","mn":"ADBE Vector Graphic - Stroke","hd":false,"cl":"primary"},{"ty":"tr","p":{"a":0,"k":[0,0],"ix":2},"a":{"a":0,"k":[0,0],"ix":1},"s":{"a":0,"k":[100,100],"ix":3},"r":{"a":0,"k":0,"ix":6},"o":{"a":0,"k":100,"ix":7},"sk":{"a":0,"k":0,"ix":4},"sa":{"a":0,"k":0,"ix":5},"nm":"Transform"}],"nm":"Group 1","np":3,"cix":2,"bm":0,"ix":1,"mn":"ADBE Vector Group","hd":false}],"ip":1,"op":59,"st":0,"ct":1,"bm":0},{"ddd":0,"ind":5,"ty":4,"nm":".primary.design","cl":"primary design","parent":3,"sr":1,"ks":{"o":{"a":0,"k":100,"ix":11},"r":{"a":0,"k":0,"ix":10},"p":{"a":0,"k":[49.997,13.545,0],"ix":2,"l":2},"a":{"a":0,"k":[0,0,0],"ix":1,"l":2},"s":{"a":0,"k":[100,100,100],"ix":6,"l":2}},"ao":0,"shapes":[{"ty":"gr","it":[{"ind":0,"ty":"sh","ix":1,"ks":{"a":0,"k":{"i":[[0,0],[0,0],[-16.638,10.184],[6.456,25.006],[18.009,4.654],[0,-34.168]],"o":[[0,0],[0,-19.508],[19.032,-11.65],[-4.65,-18.01],[-35.677,-9.221],[0,0]],"v":[[0,72.917],[0,72.878],[27.878,26.194],[51.635,-33.683],[14.251,-71.075],[-53.473,-19.445]],"c":false},"ix":2},"nm":"Path 1","mn":"ADBE Vector Shape - Group","hd":false},{"ty":"tm","s":{"a":1,"k":[{"i":{"x":[0.29],"y":[1]},"o":{"x":[0.167],"y":[0.167]},"t":17,"s":[100]},{"t":59,"s":[0]}],"ix":1},"e":{"a":0,"k":100,"ix":2},"o":{"a":0,"k":0,"ix":3},"m":1,"ix":2,"nm":"Trim Paths 1","mn":"ADBE Vector Filter - Trim","hd":false},{"ty":"st","c":{"a":0,"k":[0.071,0.075,0.192,1],"ix":3,"x":"var $bm_rt;\n$bm_rt = comp('system-regular-140-help-center').layer('control').effect('primary')('Color');"},"o":{"a":0,"k":100,"ix":4},"w":{"a":0,"k":31.3,"ix":5},"lc":2,"lj":2,"bm":0,"nm":".primary","mn":"ADBE Vector Graphic - Stroke","hd":false,"cl":"primary"},{"ty":"tr","p":{"a":0,"k":[0,0],"ix":2},"a":{"a":0,"k":[0,0],"ix":1},"s":{"a":0,"k":[100,100],"ix":3},"r":{"a":0,"k":0,"ix":6},"o":{"a":0,"k":100,"ix":7},"sk":{"a":0,"k":0,"ix":4},"sa":{"a":0,"k":0,"ix":5},"nm":"Transform"}],"nm":"Group 1","np":3,"cix":2,"bm":0,"ix":1,"mn":"ADBE Vector Group","hd":false}],"ip":1,"op":59,"st":0,"ct":1,"bm":0},{"ddd":0,"ind":6,"ty":4,"nm":".primary.design","cl":"primary design","parent":3,"sr":1,"ks":{"o":{"a":0,"k":100,"ix":11},"r":{"a":0,"k":0,"ix":10},"p":{"a":0,"k":[49.998,154.168,0],"ix":2,"l":2},"a":{"a":0,"k":[0,0,0],"ix":1,"l":2},"s":{"a":0,"k":[100,100,100],"ix":6,"l":2}},"ao":0,"shapes":[{"ty":"gr","it":[{"ind":0,"ty":"sh","ix":1,"ks":{"a":0,"k":{"i":[[0,0],[0,0]],"o":[[0,0],[0,0]],"v":[[0,0],[0,0]],"c":false},"ix":2},"nm":"Path 1","mn":"ADBE Vector Shape - Group","hd":false},{"ty":"st","c":{"a":0,"k":[0.071,0.075,0.192,1],"ix":3,"x":"var $bm_rt;\n$bm_rt = comp('system-regular-140-help-center').layer('control').effect('primary')('Color');"},"o":{"a":0,"k":100,"ix":4},"w":{"a":0,"k":41,"ix":5},"lc":2,"lj":1,"ml":10,"bm":0,"nm":".primary","mn":"ADBE Vector Graphic - Stroke","hd":false,"cl":"primary"},{"ty":"tr","p":{"a":0,"k":[0,0],"ix":2},"a":{"a":0,"k":[0,0],"ix":1},"s":{"a":0,"k":[100,100],"ix":3},"r":{"a":0,"k":0,"ix":6},"o":{"a":0,"k":100,"ix":7},"sk":{"a":0,"k":0,"ix":4},"sa":{"a":0,"k":0,"ix":5},"nm":"Transform"}],"nm":"Group 1","np":2,"cix":2,"bm":0,"ix":1,"mn":"ADBE Vector Group","hd":false}],"ip":1,"op":59,"st":0,"ct":1,"bm":0},{"ddd":0,"ind":7,"ty":0,"nm":"mask","td":1,"refId":"comp_2","sr":1,"ks":{"o":{"a":0,"k":100,"ix":11},"r":{"a":0,"k":0,"ix":10},"p":{"a":0,"k":[250,250,0],"ix":2,"l":2},"a":{"a":0,"k":[250,250,0],"ix":1,"l":2},"s":{"a":0,"k":[100,100,100],"ix":6,"l":2}},"ao":0,"w":500,"h":500,"ip":1,"op":59,"st":1,"bm":0},{"ddd":0,"ind":8,"ty":4,"nm":".primary.design","cl":"primary design","tt":2,"tp":7,"sr":1,"ks":{"o":{"a":0,"k":100,"ix":11},"r":{"a":0,"k":0,"ix":10},"p":{"a":0,"k":[250.003,250.003,0],"ix":2,"l":2},"a":{"a":0,"k":[250.003,250.003,0],"ix":1,"l":2},"s":{"a":0,"k":[100,100,100],"ix":6,"l":2}},"ao":0,"shapes":[{"ty":"gr","it":[{"ind":0,"ty":"sh","ix":1,"ks":{"a":0,"k":{"i":[[97.631,0],[0,-97.631],[-97.631,0],[0,97.631]],"o":[[-97.631,0],[0,97.631],[97.631,0],[0,-97.631]],"v":[[0,-177.059],[-177.059,0],[0,177.059],[177.059,0]],"c":true},"ix":2},"nm":"Path 1","mn":"ADBE Vector Shape - Group","hd":false},{"ind":1,"ty":"sh","ix":2,"ks":{"a":0,"k":{"i":[[114.89,0],[0,114.89],[-114.89,0],[0,-114.89]],"o":[[-114.89,0],[0,-114.89],[114.89,0],[0,114.89]],"v":[[0.001,208.359],[-208.36,0],[0.001,-208.359],[208.36,0]],"c":true},"ix":2},"nm":"Path 2","mn":"ADBE Vector Shape - Group","hd":false},{"ty":"fl","c":{"a":0,"k":[0.071,0.075,0.192,1],"ix":4,"x":"var $bm_rt;\n$bm_rt = comp('system-regular-140-help-center').layer('control').effect('primary')('Color');"},"o":{"a":0,"k":100,"ix":5},"r":1,"bm":0,"nm":".primary","mn":"ADBE Vector Graphic - Fill","hd":false,"cl":"primary"},{"ty":"tr","p":{"a":0,"k":[250.003,250.003],"ix":2},"a":{"a":0,"k":[0,0],"ix":1},"s":{"a":0,"k":[100,100],"ix":3},"r":{"a":0,"k":0,"ix":6},"o":{"a":0,"k":100,"ix":7},"sk":{"a":0,"k":0,"ix":4},"sa":{"a":0,"k":0,"ix":5},"nm":"Transform"}],"nm":"Group 1","np":3,"cix":2,"bm":0,"ix":1,"mn":"ADBE Vector Group","hd":false}],"ip":1,"op":59,"st":0,"ct":1,"bm":0}]},{"id":"comp_2","nm":"mask","fr":60,"layers":[{"ddd":0,"ind":1,"ty":3,"nm":"NULL 2","sr":1,"ks":{"o":{"a":0,"k":0,"ix":11},"r":{"a":0,"k":0,"ix":10},"p":{"a":0,"k":[250,250,0],"ix":2,"l":2},"a":{"a":0,"k":[50,50,0],"ix":1,"l":2},"s":{"a":1,"k":[{"i":{"x":[0.1,0.1,0.1],"y":[1,1,1]},"o":{"x":[0.333,0.333,0.333],"y":[0,0,0]},"t":0,"s":[100,100,100]},{"i":{"x":[0.667,0.667,0.667],"y":[1,1,1]},"o":{"x":[0.9,0.9,0.9],"y":[0,0,0]},"t":26,"s":[160,160,100]},{"t":58,"s":[100,100,100]}],"ix":6,"l":2}},"ao":0,"ip":0,"op":59,"st":-1,"bm":0},{"ddd":0,"ind":2,"ty":4,"nm":".primary.design","cl":"primary design","parent":1,"sr":1,"ks":{"o":{"a":0,"k":100,"ix":11},"r":{"a":0,"k":0,"ix":10},"p":{"a":0,"k":[49.997,13.545,0],"ix":2,"l":2},"a":{"a":0,"k":[0,0,0],"ix":1,"l":2},"s":{"a":0,"k":[100,100,100],"ix":6,"l":2}},"ao":0,"shapes":[{"ty":"gr","it":[{"ind":0,"ty":"sh","ix":1,"ks":{"a":0,"k":{"i":[[0,0],[0,0],[16.684,10.184],[-6.474,25.006],[-18.059,4.654],[0,-34.168]],"o":[[0,0],[0,-19.508],[-19.085,-11.65],[4.663,-18.01],[35.777,-9.221],[0,0]],"v":[[-1.119,72.917],[-1.119,72.878],[-29.075,26.194],[-52.899,-33.683],[-15.41,-71.075],[52.503,-19.445]],"c":false},"ix":2},"nm":"Path 1","mn":"ADBE Vector Shape - Group","hd":false},{"ind":1,"ty":"sh","ix":2,"ks":{"a":0,"k":{"i":[[0,0],[0,0],[-16.638,10.184],[6.456,25.006],[18.009,4.654],[0,-34.168]],"o":[[0,0],[0,-19.508],[19.032,-11.65],[-4.65,-18.01],[-35.677,-9.221],[0,0]],"v":[[0,72.917],[0,72.878],[27.878,26.194],[51.635,-33.683],[14.251,-71.075],[-53.473,-19.445]],"c":false},"ix":2},"nm":"Path 2","mn":"ADBE Vector Shape - Group","hd":false},{"ty":"st","c":{"a":0,"k":[0.071,0.075,0.192,1],"ix":3,"x":"var $bm_rt;\n$bm_rt = comp('system-regular-140-help-center').layer('control').effect('primary')('Color');"},"o":{"a":0,"k":100,"ix":4},"w":{"a":0,"k":60,"ix":5},"lc":2,"lj":2,"bm":0,"nm":".primary","mn":"ADBE Vector Graphic - Stroke","hd":false,"cl":"primary"},{"ty":"tr","p":{"a":0,"k":[0,0],"ix":2},"a":{"a":0,"k":[0,0],"ix":1},"s":{"a":0,"k":[100,100],"ix":3},"r":{"a":0,"k":0,"ix":6},"o":{"a":0,"k":100,"ix":7},"sk":{"a":0,"k":0,"ix":4},"sa":{"a":0,"k":0,"ix":5},"nm":"Transform"}],"nm":"Group 1","np":3,"cix":2,"bm":0,"ix":1,"mn":"ADBE Vector Group","hd":false}],"ip":0,"op":59,"st":-1,"ct":1,"bm":0},{"ddd":0,"ind":3,"ty":4,"nm":".primary.design","cl":"primary design","parent":1,"sr":1,"ks":{"o":{"a":0,"k":100,"ix":11},"r":{"a":0,"k":0,"ix":10},"p":{"a":0,"k":[49.998,154.168,0],"ix":2,"l":2},"a":{"a":0,"k":[0,0,0],"ix":1,"l":2},"s":{"a":0,"k":[100,100,100],"ix":6,"l":2}},"ao":0,"shapes":[{"ty":"gr","it":[{"ind":0,"ty":"sh","ix":1,"ks":{"a":0,"k":{"i":[[0,0],[0,0]],"o":[[0,0],[0,0]],"v":[[0,0],[0,0]],"c":false},"ix":2},"nm":"Path 1","mn":"ADBE Vector Shape - Group","hd":false},{"ty":"st","c":{"a":0,"k":[0.071,0.075,0.192,1],"ix":3,"x":"var $bm_rt;\n$bm_rt = comp('system-regular-140-help-center').layer('control').effect('primary')('Color');"},"o":{"a":0,"k":100,"ix":4},"w":{"a":0,"k":76,"ix":5},"lc":2,"lj":1,"ml":10,"bm":0,"nm":".primary","mn":"ADBE Vector Graphic - Stroke","hd":false,"cl":"primary"},{"ty":"tr","p":{"a":0,"k":[0,0],"ix":2},"a":{"a":0,"k":[0,0],"ix":1},"s":{"a":0,"k":[100,100],"ix":3},"r":{"a":0,"k":0,"ix":6},"o":{"a":0,"k":100,"ix":7},"sk":{"a":0,"k":0,"ix":4},"sa":{"a":0,"k":0,"ix":5},"nm":"Transform"}],"nm":"Group 1","np":2,"cix":2,"bm":0,"ix":1,"mn":"ADBE Vector Group","hd":false}],"ip":0,"op":59,"st":-1,"ct":1,"bm":0}]},{"id":"comp_3","nm":"hover-help-center-2","fr":60,"layers":[{"ddd":0,"ind":1,"ty":4,"nm":".primary.design","cl":"primary design","sr":1,"ks":{"o":{"a":0,"k":100,"ix":11},"r":{"a":0,"k":0,"ix":10},"p":{"a":0,"k":[249.997,213.545,0],"ix":2,"l":2},"a":{"a":0,"k":[0,0,0],"ix":1,"l":2},"s":{"a":0,"k":[100,100,100],"ix":6,"l":2}},"ao":0,"shapes":[{"ty":"gr","it":[{"ind":0,"ty":"sh","ix":1,"ks":{"a":0,"k":{"i":[[0,0],[0,0],[-16.638,10.184],[6.456,25.006],[18.009,4.654],[0,-34.168]],"o":[[0,0],[0,-19.508],[19.032,-11.65],[-4.65,-18.01],[-35.677,-9.221],[0,0]],"v":[[0,72.917],[0,72.878],[27.878,26.194],[51.635,-33.683],[14.251,-71.075],[-53.473,-19.445]],"c":false},"ix":2},"nm":"Path 1","mn":"ADBE Vector Shape - Group","hd":false},{"ty":"tm","s":{"a":0,"k":0,"ix":1},"e":{"a":1,"k":[{"i":{"x":[0.667],"y":[1]},"o":{"x":[0.333],"y":[0]},"t":1,"s":[100]},{"t":27,"s":[0]}],"ix":2},"o":{"a":0,"k":0,"ix":3},"m":1,"ix":2,"nm":"Trim Paths 1","mn":"ADBE Vector Filter - Trim","hd":false},{"ty":"st","c":{"a":0,"k":[0.071,0.075,0.192,1],"ix":3,"x":"var $bm_rt;\n$bm_rt = comp('system-regular-140-help-center').layer('control').effect('primary')('Color');"},"o":{"a":0,"k":100,"ix":4},"w":{"a":0,"k":31.3,"ix":5},"lc":2,"lj":2,"bm":0,"nm":".primary","mn":"ADBE Vector Graphic - Stroke","hd":false,"cl":"primary"},{"ty":"tr","p":{"a":0,"k":[0,0],"ix":2},"a":{"a":0,"k":[0,0],"ix":1},"s":{"a":0,"k":[100,100],"ix":3},"r":{"a":0,"k":0,"ix":6},"o":{"a":0,"k":100,"ix":7},"sk":{"a":0,"k":0,"ix":4},"sa":{"a":0,"k":0,"ix":5},"nm":"Transform"}],"nm":"Group 1","np":3,"cix":2,"bm":0,"ix":1,"mn":"ADBE Vector Group","hd":false}],"ip":1,"op":59,"st":0,"ct":1,"bm":0},{"ddd":0,"ind":2,"ty":4,"nm":".primary.design","cl":"primary design","sr":1,"ks":{"o":{"a":0,"k":100,"ix":11},"r":{"a":0,"k":0,"ix":10},"p":{"a":0,"k":[249.997,213.545,0],"ix":2,"l":2},"a":{"a":0,"k":[0,0,0],"ix":1,"l":2},"s":{"a":0,"k":[100,100,100],"ix":6,"l":2}},"ao":0,"shapes":[{"ty":"gr","it":[{"ind":0,"ty":"sh","ix":1,"ks":{"a":0,"k":{"i":[[0,0],[0,0],[-16.638,10.184],[6.456,25.006],[18.009,4.654],[0,-34.168]],"o":[[0,0],[0,-19.508],[19.032,-11.65],[-4.65,-18.01],[-35.677,-9.221],[0,0]],"v":[[0,72.917],[0,72.878],[27.878,26.194],[51.635,-33.683],[14.251,-71.075],[-53.473,-19.445]],"c":false},"ix":2},"nm":"Path 1","mn":"ADBE Vector Shape - Group","hd":false},{"ty":"tm","s":{"a":1,"k":[{"i":{"x":[0.29],"y":[1]},"o":{"x":[0.167],"y":[0.167]},"t":17,"s":[100]},{"t":59,"s":[0]}],"ix":1},"e":{"a":0,"k":100,"ix":2},"o":{"a":0,"k":0,"ix":3},"m":1,"ix":2,"nm":"Trim Paths 1","mn":"ADBE Vector Filter - Trim","hd":false},{"ty":"st","c":{"a":0,"k":[0.071,0.075,0.192,1],"ix":3,"x":"var $bm_rt;\n$bm_rt = comp('system-regular-140-help-center').layer('control').effect('primary')('Color');"},"o":{"a":0,"k":100,"ix":4},"w":{"a":0,"k":31.3,"ix":5},"lc":2,"lj":2,"bm":0,"nm":".primary","mn":"ADBE Vector Graphic - Stroke","hd":false,"cl":"primary"},{"ty":"tr","p":{"a":0,"k":[0,0],"ix":2},"a":{"a":0,"k":[0,0],"ix":1},"s":{"a":0,"k":[100,100],"ix":3},"r":{"a":0,"k":0,"ix":6},"o":{"a":0,"k":100,"ix":7},"sk":{"a":0,"k":0,"ix":4},"sa":{"a":0,"k":0,"ix":5},"nm":"Transform"}],"nm":"Group 1","np":3,"cix":2,"bm":0,"ix":1,"mn":"ADBE Vector Group","hd":false}],"ip":1,"op":59,"st":0,"ct":1,"bm":0},{"ddd":0,"ind":3,"ty":4,"nm":".primary.design","cl":"primary design","sr":1,"ks":{"o":{"a":0,"k":100,"ix":11},"r":{"a":0,"k":0,"ix":10},"p":{"a":1,"k":[{"i":{"x":0.25,"y":1},"o":{"x":0.333,"y":0},"t":23,"s":[249.998,354.168,0],"to":[0,4.5,0],"ti":[0,0,0]},{"i":{"x":0.149,"y":1},"o":{"x":0.333,"y":0},"t":34.127,"s":[249.998,381.168,0],"to":[0,0,0],"ti":[0,4.5,0]},{"t":59,"s":[249.998,354.168,0]}],"ix":2,"l":2},"a":{"a":0,"k":[0,0,0],"ix":1,"l":2},"s":{"a":0,"k":[100,100,100],"ix":6,"l":2}},"ao":0,"shapes":[{"ty":"gr","it":[{"ind":0,"ty":"sh","ix":1,"ks":{"a":0,"k":{"i":[[0,0],[0,0]],"o":[[0,0],[0,0]],"v":[[0,0],[0,0]],"c":false},"ix":2},"nm":"Path 1","mn":"ADBE Vector Shape - Group","hd":false},{"ty":"st","c":{"a":0,"k":[0.071,0.075,0.192,1],"ix":3,"x":"var $bm_rt;\n$bm_rt = comp('system-regular-140-help-center').layer('control').effect('primary')('Color');"},"o":{"a":0,"k":100,"ix":4},"w":{"a":0,"k":41,"ix":5},"lc":2,"lj":1,"ml":10,"bm":0,"nm":".primary","mn":"ADBE Vector Graphic - Stroke","hd":false,"cl":"primary"},{"ty":"tr","p":{"a":0,"k":[0,0],"ix":2},"a":{"a":0,"k":[0,0],"ix":1},"s":{"a":0,"k":[100,100],"ix":3},"r":{"a":0,"k":0,"ix":6},"o":{"a":0,"k":100,"ix":7},"sk":{"a":0,"k":0,"ix":4},"sa":{"a":0,"k":0,"ix":5},"nm":"Transform"}],"nm":"Group 1","np":2,"cix":2,"bm":0,"ix":1,"mn":"ADBE Vector Group","hd":false}],"ip":1,"op":59,"st":0,"ct":1,"bm":0},{"ddd":0,"ind":4,"ty":4,"nm":".primary.design","cl":"primary design","sr":1,"ks":{"o":{"a":0,"k":100,"ix":11},"r":{"a":0,"k":0,"ix":10},"p":{"a":0,"k":[250.003,250.003,0],"ix":2,"l":2},"a":{"a":0,"k":[250.003,250.003,0],"ix":1,"l":2},"s":{"a":0,"k":[100,100,100],"ix":6,"l":2}},"ao":0,"shapes":[{"ty":"gr","it":[{"ind":0,"ty":"sh","ix":1,"ks":{"a":0,"k":{"i":[[97.631,0],[0,-97.631],[-97.631,0],[0,97.631]],"o":[[-97.631,0],[0,97.631],[97.631,0],[0,-97.631]],"v":[[0,-177.059],[-177.059,0],[0,177.059],[177.059,0]],"c":true},"ix":2},"nm":"Path 1","mn":"ADBE Vector Shape - Group","hd":false},{"ind":1,"ty":"sh","ix":2,"ks":{"a":0,"k":{"i":[[114.89,0],[0,114.89],[-114.89,0],[0,-114.89]],"o":[[-114.89,0],[0,-114.89],[114.89,0],[0,114.89]],"v":[[0.001,208.359],[-208.36,0],[0.001,-208.359],[208.36,0]],"c":true},"ix":2},"nm":"Path 2","mn":"ADBE Vector Shape - Group","hd":false},{"ty":"fl","c":{"a":0,"k":[0.071,0.075,0.192,1],"ix":4,"x":"var $bm_rt;\n$bm_rt = comp('system-regular-140-help-center').layer('control').effect('primary')('Color');"},"o":{"a":0,"k":100,"ix":5},"r":1,"bm":0,"nm":".primary","mn":"ADBE Vector Graphic - Fill","hd":false,"cl":"primary"},{"ty":"tr","p":{"a":0,"k":[250.003,250.003],"ix":2},"a":{"a":0,"k":[0,0],"ix":1},"s":{"a":0,"k":[100,100],"ix":3},"r":{"a":0,"k":0,"ix":6},"o":{"a":0,"k":100,"ix":7},"sk":{"a":0,"k":0,"ix":4},"sa":{"a":0,"k":0,"ix":5},"nm":"Transform"}],"nm":"Group 1","np":3,"cix":2,"bm":0,"ix":1,"mn":"ADBE Vector Group","hd":false},{"ty":"gr","it":[{"ind":0,"ty":"sh","ix":1,"ks":{"a":0,"k":{"i":[[0.67,0],[0.67,0.06],[0.649,0.13],[0.64,0.2],[0.62,0.25],[0.59,0.31],[0.56,0.37],[0.52,0.42],[0.47,0.48],[0.431,0.52],[0.37,0.56],[0.311,0.59],[0.261,0.61],[0.19,0.64],[0.141,0.66],[0.07,0.67],[0,0.67],[-0.06,0.67],[-0.13,0.66],[-0.199,0.64],[-0.25,0.61],[-0.31,0.59],[-0.37,0.55],[-0.42,0.52],[-0.479,0.47],[-0.521,0.42],[-0.551,0.37],[-0.59,0.32],[-0.61,0.25],[-0.64,0.19],[-0.65,0.13],[-0.671,0.07],[-1.34,-0.14],[-0.66,-0.13],[-0.641,-0.19],[-0.61,-0.26],[-0.591,-0.31],[-0.55,-0.37],[-0.51,-0.42],[-0.47,-0.47],[-0.42,-0.52],[-0.37,-0.56],[-0.32,-0.59],[-0.25,-0.62],[-0.189,-0.64],[-0.13,-0.65],[-0.06,-0.66],[0,-0.67],[0.07,-0.66],[0.141,-0.65],[0.2,-0.64],[0.26,-0.62],[0.31,-0.59],[0.37,-0.56],[0.431,-0.52],[0.47,-0.47],[0.52,-0.43],[0.56,-0.37],[0.59,-0.31],[0.62,-0.26],[0.63,-0.19],[0.65,-0.14],[0.66,-0.07]],"o":[[-0.66,0],[-0.671,-0.07],[-0.65,-0.14],[-0.64,-0.19],[-0.61,-0.26],[-0.59,-0.31],[-0.551,-0.37],[-0.521,-0.43],[-0.479,-0.47],[-0.42,-0.52],[-0.37,-0.56],[-0.31,-0.59],[-0.25,-0.62],[-0.199,-0.64],[-0.13,-0.65],[-0.06,-0.66],[0,-0.67],[0.07,-0.66],[0.141,-0.65],[0.19,-0.64],[0.261,-0.62],[0.311,-0.59],[0.37,-0.56],[0.431,-0.52],[0.47,-0.47],[0.52,-0.42],[0.56,-0.37],[0.59,-0.31],[0.62,-0.26],[0.64,-0.19],[0.649,-0.13],[1.34,-0.14],[0.66,0.07],[0.65,0.13],[0.63,0.19],[0.62,0.25],[0.59,0.32],[0.56,0.37],[0.52,0.42],[0.47,0.47],[0.431,0.52],[0.37,0.55],[0.31,0.59],[0.26,0.61],[0.2,0.63],[0.141,0.66],[0.07,0.67],[0,0.67],[-0.06,0.67],[-0.13,0.66],[-0.189,0.64],[-0.25,0.61],[-0.32,0.59],[-0.37,0.56],[-0.42,0.52],[-0.47,0.48],[-0.51,0.42],[-0.55,0.37],[-0.591,0.31],[-0.61,0.25],[-0.641,0.2],[-0.66,0.13],[-0.67,0.06]],"v":[[-0.005,20.503],[-2.015,20.402],[-4.005,20.102],[-5.955,19.602],[-7.845,18.932],[-9.655,18.072],[-11.385,17.043],[-13.005,15.852],[-14.495,14.492],[-15.855,13.003],[-17.045,11.382],[-18.075,9.652],[-18.936,7.842],[-19.605,5.952],[-20.105,4.003],[-20.405,2.012],[-20.505,0.003],[-20.405,-2.017],[-20.105,-4.008],[-19.605,-5.948],[-18.936,-7.838],[-18.075,-9.658],[-17.045,-11.378],[-15.855,-12.997],[-14.495,-14.497],[-13.005,-15.848],[-11.385,-17.048],[-9.655,-18.078],[-7.845,-18.928],[-5.955,-19.608],[-4.005,-20.098],[-2.015,-20.398],[2.015,-20.398],[4.005,-20.098],[5.955,-19.608],[7.835,-18.928],[9.655,-18.078],[11.375,-17.048],[12.995,-15.848],[14.495,-14.497],[15.845,-12.997],[17.045,-11.378],[18.075,-9.658],[18.925,-7.838],[19.604,-5.948],[20.095,-4.008],[20.395,-2.017],[20.505,0.003],[20.395,2.012],[20.095,4.003],[19.604,5.952],[18.925,7.842],[18.075,9.652],[17.045,11.382],[15.845,13.003],[14.495,14.492],[12.995,15.852],[11.375,17.043],[9.655,18.072],[7.835,18.932],[5.955,19.602],[4.005,20.102],[2.015,20.402]],"c":true},"ix":2},"nm":"Path 1","mn":"ADBE Vector Shape - Group","hd":false},{"ty":"fl","c":{"a":0,"k":[0.071,0.075,0.192,1],"ix":4,"x":"var $bm_rt;\n$bm_rt = comp('system-regular-140-help-center').layer('control').effect('primary')('Color');"},"o":{"a":0,"k":100,"ix":5},"r":1,"bm":0,"nm":".primary","mn":"ADBE Vector Graphic - Fill","hd":false,"cl":"primary"},{"ty":"tr","p":{"a":0,"k":[250.005,354.17],"ix":2},"a":{"a":0,"k":[0,0],"ix":1},"s":{"a":0,"k":[100,100],"ix":3},"r":{"a":0,"k":0,"ix":6},"o":{"a":0,"k":100,"ix":7},"sk":{"a":0,"k":0,"ix":4},"sa":{"a":0,"k":0,"ix":5},"nm":"Transform"}],"nm":"Group 2","np":2,"cix":2,"bm":0,"ix":2,"mn":"ADBE Vector Group","hd":false},{"ty":"gr","it":[{"ind":0,"ty":"sh","ix":1,"ks":{"a":0,"k":{"i":[[8.644,0],[0,8.643],[0,0],[-21.588,13.566],[4.886,19.431],[11.979,3.179],[9.009,-6.932],[0,-12.106],[8.644,0],[0,8.643],[-17.152,13.195],[-20.624,-5.471],[-5.906,-23.484],[25.484,-16.015],[0,-13.131]],"o":[[-8.644,0],[0,0],[0,-23.962],[11.629,-7.308],[-3.124,-12.422],[-11.319,-3.005],[-9.39,7.223],[0,8.643],[-8.644,0],[0,-21.9],[16.642,-12.801],[22.996,6.102],[7.546,30.008],[-12.417,7.803],[0,8.643]],"v":[[0.019,88.547],[-15.632,72.917],[-15.632,72.878],[18.845,12.944],[35.135,-29.866],[9.885,-55.949],[-21.64,-49.86],[-36.415,-19.445],[-52.065,-3.795],[-67.716,-19.445],[-40.725,-74.669],[17.912,-86.202],[65.49,-37.499],[35.499,39.445],[15.669,72.878]],"c":true},"ix":2},"nm":"Path 1","mn":"ADBE Vector Shape - Group","hd":false},{"ty":"fl","c":{"a":0,"k":[0.071,0.075,0.192,1],"ix":4,"x":"var $bm_rt;\n$bm_rt = comp('system-regular-140-help-center').layer('control').effect('primary')('Color');"},"o":{"a":0,"k":100,"ix":5},"r":1,"bm":0,"nm":".primary","mn":"ADBE Vector Graphic - Fill","hd":false,"cl":"primary"},{"ty":"tr","p":{"a":0,"k":[249.985,213.544],"ix":2},"a":{"a":0,"k":[0,0],"ix":1},"s":{"a":0,"k":[100,100],"ix":3},"r":{"a":0,"k":0,"ix":6},"o":{"a":0,"k":100,"ix":7},"sk":{"a":0,"k":0,"ix":4},"sa":{"a":0,"k":0,"ix":5},"nm":"Transform"}],"nm":"Group 3","np":2,"cix":2,"bm":0,"ix":3,"mn":"ADBE Vector Group","hd":false}],"ip":59,"op":483,"st":60,"ct":1,"bm":0},{"ddd":0,"ind":5,"ty":4,"nm":".primary.design","cl":"primary design","sr":1,"ks":{"o":{"a":0,"k":100,"ix":11},"r":{"a":0,"k":0,"ix":10},"p":{"a":0,"k":[250.003,250.003,0],"ix":2,"l":2},"a":{"a":0,"k":[250.003,250.003,0],"ix":1,"l":2},"s":{"a":0,"k":[100,100,100],"ix":6,"l":2}},"ao":0,"shapes":[{"ty":"gr","it":[{"ind":0,"ty":"sh","ix":1,"ks":{"a":0,"k":{"i":[[97.631,0],[0,-97.631],[-97.631,0],[0,97.631]],"o":[[-97.631,0],[0,97.631],[97.631,0],[0,-97.631]],"v":[[0,-177.059],[-177.059,0],[0,177.059],[177.059,0]],"c":true},"ix":2},"nm":"Path 1","mn":"ADBE Vector Shape - Group","hd":false},{"ind":1,"ty":"sh","ix":2,"ks":{"a":0,"k":{"i":[[114.89,0],[0,114.89],[-114.89,0],[0,-114.89]],"o":[[-114.89,0],[0,-114.89],[114.89,0],[0,114.89]],"v":[[0.001,208.359],[-208.36,0],[0.001,-208.359],[208.36,0]],"c":true},"ix":2},"nm":"Path 2","mn":"ADBE Vector Shape - Group","hd":false},{"ty":"fl","c":{"a":0,"k":[0.071,0.075,0.192,1],"ix":4,"x":"var $bm_rt;\n$bm_rt = comp('system-regular-140-help-center').layer('control').effect('primary')('Color');"},"o":{"a":0,"k":100,"ix":5},"r":1,"bm":0,"nm":".primary","mn":"ADBE Vector Graphic - Fill","hd":false,"cl":"primary"},{"ty":"tr","p":{"a":0,"k":[250.003,250.003],"ix":2},"a":{"a":0,"k":[0,0],"ix":1},"s":{"a":0,"k":[100,100],"ix":3},"r":{"a":0,"k":0,"ix":6},"o":{"a":0,"k":100,"ix":7},"sk":{"a":0,"k":0,"ix":4},"sa":{"a":0,"k":0,"ix":5},"nm":"Transform"}],"nm":"Group 1","np":3,"cix":2,"bm":0,"ix":1,"mn":"ADBE Vector Group","hd":false},{"ty":"gr","it":[{"ind":0,"ty":"sh","ix":1,"ks":{"a":0,"k":{"i":[[0.67,0],[0.67,0.06],[0.649,0.13],[0.64,0.2],[0.62,0.25],[0.59,0.31],[0.56,0.37],[0.52,0.42],[0.47,0.48],[0.431,0.52],[0.37,0.56],[0.311,0.59],[0.261,0.61],[0.19,0.64],[0.141,0.66],[0.07,0.67],[0,0.67],[-0.06,0.67],[-0.13,0.66],[-0.199,0.64],[-0.25,0.61],[-0.31,0.59],[-0.37,0.55],[-0.42,0.52],[-0.479,0.47],[-0.521,0.42],[-0.551,0.37],[-0.59,0.32],[-0.61,0.25],[-0.64,0.19],[-0.65,0.13],[-0.671,0.07],[-1.34,-0.14],[-0.66,-0.13],[-0.641,-0.19],[-0.61,-0.26],[-0.591,-0.31],[-0.55,-0.37],[-0.51,-0.42],[-0.47,-0.47],[-0.42,-0.52],[-0.37,-0.56],[-0.32,-0.59],[-0.25,-0.62],[-0.189,-0.64],[-0.13,-0.65],[-0.06,-0.66],[0,-0.67],[0.07,-0.66],[0.141,-0.65],[0.2,-0.64],[0.26,-0.62],[0.31,-0.59],[0.37,-0.56],[0.431,-0.52],[0.47,-0.47],[0.52,-0.43],[0.56,-0.37],[0.59,-0.31],[0.62,-0.26],[0.63,-0.19],[0.65,-0.14],[0.66,-0.07]],"o":[[-0.66,0],[-0.671,-0.07],[-0.65,-0.14],[-0.64,-0.19],[-0.61,-0.26],[-0.59,-0.31],[-0.551,-0.37],[-0.521,-0.43],[-0.479,-0.47],[-0.42,-0.52],[-0.37,-0.56],[-0.31,-0.59],[-0.25,-0.62],[-0.199,-0.64],[-0.13,-0.65],[-0.06,-0.66],[0,-0.67],[0.07,-0.66],[0.141,-0.65],[0.19,-0.64],[0.261,-0.62],[0.311,-0.59],[0.37,-0.56],[0.431,-0.52],[0.47,-0.47],[0.52,-0.42],[0.56,-0.37],[0.59,-0.31],[0.62,-0.26],[0.64,-0.19],[0.649,-0.13],[1.34,-0.14],[0.66,0.07],[0.65,0.13],[0.63,0.19],[0.62,0.25],[0.59,0.32],[0.56,0.37],[0.52,0.42],[0.47,0.47],[0.431,0.52],[0.37,0.55],[0.31,0.59],[0.26,0.61],[0.2,0.63],[0.141,0.66],[0.07,0.67],[0,0.67],[-0.06,0.67],[-0.13,0.66],[-0.189,0.64],[-0.25,0.61],[-0.32,0.59],[-0.37,0.56],[-0.42,0.52],[-0.47,0.48],[-0.51,0.42],[-0.55,0.37],[-0.591,0.31],[-0.61,0.25],[-0.641,0.2],[-0.66,0.13],[-0.67,0.06]],"v":[[-0.005,20.503],[-2.015,20.402],[-4.005,20.102],[-5.955,19.602],[-7.845,18.932],[-9.655,18.072],[-11.385,17.043],[-13.005,15.852],[-14.495,14.492],[-15.855,13.003],[-17.045,11.382],[-18.075,9.652],[-18.936,7.842],[-19.605,5.952],[-20.105,4.003],[-20.405,2.012],[-20.505,0.003],[-20.405,-2.017],[-20.105,-4.008],[-19.605,-5.948],[-18.936,-7.838],[-18.075,-9.658],[-17.045,-11.378],[-15.855,-12.997],[-14.495,-14.497],[-13.005,-15.848],[-11.385,-17.048],[-9.655,-18.078],[-7.845,-18.928],[-5.955,-19.608],[-4.005,-20.098],[-2.015,-20.398],[2.015,-20.398],[4.005,-20.098],[5.955,-19.608],[7.835,-18.928],[9.655,-18.078],[11.375,-17.048],[12.995,-15.848],[14.495,-14.497],[15.845,-12.997],[17.045,-11.378],[18.075,-9.658],[18.925,-7.838],[19.604,-5.948],[20.095,-4.008],[20.395,-2.017],[20.505,0.003],[20.395,2.012],[20.095,4.003],[19.604,5.952],[18.925,7.842],[18.075,9.652],[17.045,11.382],[15.845,13.003],[14.495,14.492],[12.995,15.852],[11.375,17.043],[9.655,18.072],[7.835,18.932],[5.955,19.602],[4.005,20.102],[2.015,20.402]],"c":true},"ix":2},"nm":"Path 1","mn":"ADBE Vector Shape - Group","hd":false},{"ty":"fl","c":{"a":0,"k":[0.071,0.075,0.192,1],"ix":4,"x":"var $bm_rt;\n$bm_rt = comp('system-regular-140-help-center').layer('control').effect('primary')('Color');"},"o":{"a":0,"k":100,"ix":5},"r":1,"bm":0,"nm":".primary","mn":"ADBE Vector Graphic - Fill","hd":false,"cl":"primary"},{"ty":"tr","p":{"a":0,"k":[250.005,354.17],"ix":2},"a":{"a":0,"k":[0,0],"ix":1},"s":{"a":0,"k":[100,100],"ix":3},"r":{"a":0,"k":0,"ix":6},"o":{"a":0,"k":100,"ix":7},"sk":{"a":0,"k":0,"ix":4},"sa":{"a":0,"k":0,"ix":5},"nm":"Transform"}],"nm":"Group 2","np":2,"cix":2,"bm":0,"ix":2,"mn":"ADBE Vector Group","hd":false},{"ty":"gr","it":[{"ind":0,"ty":"sh","ix":1,"ks":{"a":0,"k":{"i":[[8.644,0],[0,8.643],[0,0],[-21.588,13.566],[4.886,19.431],[11.979,3.179],[9.009,-6.932],[0,-12.106],[8.644,0],[0,8.643],[-17.152,13.195],[-20.624,-5.471],[-5.906,-23.484],[25.484,-16.015],[0,-13.131]],"o":[[-8.644,0],[0,0],[0,-23.962],[11.629,-7.308],[-3.124,-12.422],[-11.319,-3.005],[-9.39,7.223],[0,8.643],[-8.644,0],[0,-21.9],[16.642,-12.801],[22.996,6.102],[7.546,30.008],[-12.417,7.803],[0,8.643]],"v":[[0.019,88.547],[-15.632,72.917],[-15.632,72.878],[18.845,12.944],[35.135,-29.866],[9.885,-55.949],[-21.64,-49.86],[-36.415,-19.445],[-52.065,-3.795],[-67.716,-19.445],[-40.725,-74.669],[17.912,-86.202],[65.49,-37.499],[35.499,39.445],[15.669,72.878]],"c":true},"ix":2},"nm":"Path 1","mn":"ADBE Vector Shape - Group","hd":false},{"ty":"fl","c":{"a":0,"k":[0.071,0.075,0.192,1],"ix":4,"x":"var $bm_rt;\n$bm_rt = comp('system-regular-140-help-center').layer('control').effect('primary')('Color');"},"o":{"a":0,"k":100,"ix":5},"r":1,"bm":0,"nm":".primary","mn":"ADBE Vector Graphic - Fill","hd":false,"cl":"primary"},{"ty":"tr","p":{"a":0,"k":[249.985,213.544],"ix":2},"a":{"a":0,"k":[0,0],"ix":1},"s":{"a":0,"k":[100,100],"ix":3},"r":{"a":0,"k":0,"ix":6},"o":{"a":0,"k":100,"ix":7},"sk":{"a":0,"k":0,"ix":4},"sa":{"a":0,"k":0,"ix":5},"nm":"Transform"}],"nm":"Group 3","np":2,"cix":2,"bm":0,"ix":3,"mn":"ADBE Vector Group","hd":false}],"ip":0,"op":1,"st":0,"ct":1,"bm":0},{"ddd":0,"ind":6,"ty":4,"nm":".primary.design","cl":"primary design","sr":1,"ks":{"o":{"a":0,"k":100,"ix":11},"r":{"a":0,"k":0,"ix":10},"p":{"a":0,"k":[250.003,250.003,0],"ix":2,"l":2},"a":{"a":0,"k":[250.003,250.003,0],"ix":1,"l":2},"s":{"a":0,"k":[100,100,100],"ix":6,"l":2}},"ao":0,"shapes":[{"ty":"gr","it":[{"ind":0,"ty":"sh","ix":1,"ks":{"a":0,"k":{"i":[[97.631,0],[0,-97.631],[-97.631,0],[0,97.631]],"o":[[-97.631,0],[0,97.631],[97.631,0],[0,-97.631]],"v":[[0,-177.059],[-177.059,0],[0,177.059],[177.059,0]],"c":true},"ix":2},"nm":"Path 1","mn":"ADBE Vector Shape - Group","hd":false},{"ind":1,"ty":"sh","ix":2,"ks":{"a":0,"k":{"i":[[114.89,0],[0,114.89],[-114.89,0],[0,-114.89]],"o":[[-114.89,0],[0,-114.89],[114.89,0],[0,114.89]],"v":[[0.001,208.359],[-208.36,0],[0.001,-208.359],[208.36,0]],"c":true},"ix":2},"nm":"Path 2","mn":"ADBE Vector Shape - Group","hd":false},{"ty":"fl","c":{"a":0,"k":[0.071,0.075,0.192,1],"ix":4,"x":"var $bm_rt;\n$bm_rt = comp('system-regular-140-help-center').layer('control').effect('primary')('Color');"},"o":{"a":0,"k":100,"ix":5},"r":1,"bm":0,"nm":".primary","mn":"ADBE Vector Graphic - Fill","hd":false,"cl":"primary"},{"ty":"tr","p":{"a":0,"k":[250.003,250.003],"ix":2},"a":{"a":0,"k":[0,0],"ix":1},"s":{"a":0,"k":[100,100],"ix":3},"r":{"a":0,"k":0,"ix":6},"o":{"a":0,"k":100,"ix":7},"sk":{"a":0,"k":0,"ix":4},"sa":{"a":0,"k":0,"ix":5},"nm":"Transform"}],"nm":"Group 1","np":3,"cix":2,"bm":0,"ix":1,"mn":"ADBE Vector Group","hd":false}],"ip":1,"op":59,"st":0,"ct":1,"bm":0}]}],"layers":[{"ddd":0,"ind":1,"ty":3,"nm":"control","sr":1,"ks":{"o":{"a":0,"k":0,"ix":11},"r":{"a":0,"k":0,"ix":10},"p":{"a":0,"k":[0,0],"ix":2,"l":2},"a":{"a":0,"k":[0,0,0],"ix":1,"l":2},"s":{"a":0,"k":[100,100,100],"ix":6,"l":2}},"ao":0,"ef":[{"ty":5,"nm":"primary","np":3,"mn":"ADBE Color Control","ix":1,"en":1,"ef":[{"ty":2,"nm":"Color","mn":"ADBE Color Control-0001","ix":1,"v":{"a":0,"k":[0.071,0.075,0.192],"ix":1}}]}],"ip":0,"op":201,"st":0,"bm":0},{"ddd":0,"ind":2,"ty":0,"nm":"in-help-center","refId":"comp_0","sr":1,"ks":{"o":{"a":0,"k":100,"ix":11},"r":{"a":0,"k":0,"ix":10},"p":{"a":0,"k":[250,250,0],"ix":2,"l":2},"a":{"a":0,"k":[250,250,0],"ix":1,"l":2},"s":{"a":0,"k":[100,100,100],"ix":6,"l":2}},"ao":0,"w":500,"h":500,"ip":0,"op":70,"st":0,"bm":0},{"ddd":0,"ind":3,"ty":0,"nm":"hover-help-center-1","refId":"comp_1","sr":1,"ks":{"o":{"a":0,"k":100,"ix":11},"r":{"a":0,"k":0,"ix":10},"p":{"a":0,"k":[250,250,0],"ix":2,"l":2},"a":{"a":0,"k":[250,250,0],"ix":1,"l":2},"s":{"a":0,"k":[100,100,100],"ix":6,"l":2}},"ao":0,"w":500,"h":500,"ip":70,"op":140,"st":70,"bm":0},{"ddd":0,"ind":4,"ty":0,"nm":"hover-help-center-2","refId":"comp_3","sr":1,"ks":{"o":{"a":0,"k":100,"ix":11},"r":{"a":0,"k":0,"ix":10},"p":{"a":0,"k":[250,250,0],"ix":2,"l":2},"a":{"a":0,"k":[250,250,0],"ix":1,"l":2},"s":{"a":0,"k":[100,100,100],"ix":6,"l":2}},"ao":0,"w":500,"h":500,"ip":140,"op":210,"st":140,"bm":0}],"markers":[{"tm":0,"cm":"in-help-center","dr":60},{"tm":70,"cm":"hover-help-center-1","dr":60},{"tm":140,"cm":"default:hover-help-center-2","dr":60}],"props":{}}