{"v":"5.12.1","fr":60,"ip":130,"op":250,"w":500,"h":500,"nm":"system-regular-166-science","ddd":0,"assets":[{"id":"comp_0","nm":"in-science","fr":60,"layers":[{"ddd":0,"ind":1,"ty":4,"nm":".primary.design","cl":"primary design","sr":1,"ks":{"o":{"a":0,"k":100,"ix":11},"r":{"a":0,"k":0,"ix":10},"p":{"a":0,"k":[250,250,0],"ix":2,"l":2},"a":{"a":0,"k":[0,0,0],"ix":1,"l":2},"s":{"a":0,"k":[100,100,100],"ix":6,"l":2}},"ao":0,"shapes":[{"ty":"gr","it":[{"ind":0,"ty":"sh","ix":1,"ks":{"a":0,"k":{"i":[[4.59,-8.285],[9.843,0],[0,0],[4.71,8.503],[-5.029,8.039],[0,0],[0,0],[0,0]],"o":[[-4.71,8.503],[0,0],[-9.844,0],[-4.59,-8.285],[0,0],[0,0],[0,0],[5.03,8.039]],"v":[[152.942,142.65],[129.701,156.229],[-129.693,156.229],[-152.936,142.649],[-152.232,116.581],[-98.862,31.278],[98.869,31.278],[152.239,116.581]],"c":true},"ix":2},"nm":"Path 1","mn":"ADBE Vector Shape - Group","hd":false},{"ind":1,"ty":"sh","ix":2,"ks":{"a":0,"k":{"i":[[0,0],[0,0],[-1.557,-2.489],[0,0],[0,0],[0,0],[0,2.936],[0,0]],"o":[[0,0],[0,2.936],[0,0],[0,0],[0,0],[1.557,-2.489],[0,0],[0,0]],"v":[[52.784,-156.223],[52.784,-46.872],[55.167,-38.571],[79.286,-0.022],[-79.279,-0.022],[-55.16,-38.571],[-52.777,-46.872],[-52.777,-156.223]],"c":true},"ix":2},"nm":"Path 2","mn":"ADBE Vector Shape - Group","hd":false},{"ind":2,"ty":"sh","ix":3,"ks":{"a":0,"k":{"i":[[11.154,17.829],[0,0],[0,0],[0,0],[0,8.643],[8.644,0],[0,0],[0,0],[0,0],[0,-8.643],[-8.644,0],[0,0],[0,0],[0,0],[-10.186,-18.387],[-21.392,0],[0,0],[-10.306,18.605]],"o":[[0,0],[0,0],[0,0],[8.644,0],[0,-8.643],[0,0],[0,0],[0,0],[-8.644,0],[0,8.643],[0,0],[0,0],[0,0],[-11.154,17.829],[10.306,18.605],[0,0],[21.392,0],[10.186,-18.387]],"v":[[178.774,99.979],[84.085,-51.364],[84.085,-156.223],[88.546,-156.223],[104.196,-171.873],[88.546,-187.523],[68.435,-187.523],[-68.428,-187.523],[-88.538,-187.523],[-104.188,-171.873],[-88.538,-156.223],[-84.078,-156.223],[-84.078,-51.364],[-178.768,99.979],[-180.315,157.816],[-129.693,187.529],[129.701,187.529],[180.322,157.816]],"c":true},"ix":2},"nm":"Path 3","mn":"ADBE Vector Shape - Group","hd":false},{"ty":"fl","c":{"a":0,"k":[0.169,0.278,0.208,1],"ix":4,"x":"var $bm_rt;\n$bm_rt = comp('system-regular-166-science').layer('control').effect('primary')('Color');"},"o":{"a":0,"k":100,"ix":5},"r":1,"bm":0,"nm":".primary","mn":"ADBE Vector Graphic - Fill","hd":false,"cl":"primary"},{"ty":"tr","p":{"a":0,"k":[0,0],"ix":2},"a":{"a":0,"k":[0,0],"ix":1},"s":{"a":0,"k":[100,100],"ix":3},"r":{"a":0,"k":0,"ix":6},"o":{"a":0,"k":100,"ix":7},"sk":{"a":0,"k":0,"ix":4},"sa":{"a":0,"k":0,"ix":5},"nm":"Transform"}],"nm":"Group 1","np":4,"cix":2,"bm":0,"ix":1,"mn":"ADBE Vector Group","hd":false}],"ip":119,"op":300,"st":0,"ct":1,"bm":0},{"ddd":0,"ind":2,"ty":4,"nm":".primary.design","cl":"primary design","sr":1,"ks":{"o":{"a":0,"k":100,"ix":11},"r":{"a":1,"k":[{"i":{"x":[0.41],"y":[1]},"o":{"x":[0.167],"y":[0.167]},"t":41,"s":[0]},{"i":{"x":[0.833],"y":[0.833]},"o":{"x":[0.59],"y":[0]},"t":59,"s":[23]},{"t":81,"s":[0]}],"ix":10},"p":{"a":1,"k":[{"i":{"x":0.016,"y":1},"o":{"x":0.167,"y":0.167},"t":5,"s":[379.504,422.003,0],"to":[0,-8.333,0],"ti":[0,0,0]},{"i":{"x":0.833,"y":0.833},"o":{"x":0.333,"y":0},"t":25,"s":[379.504,372.003,0],"to":[0,0,0],"ti":[1,-7.833,0]},{"i":{"x":0.41,"y":1},"o":{"x":0.167,"y":0.167},"t":41,"s":[379.504,422.003,0],"to":[-1,7.833,0],"ti":[0,0,0]},{"i":{"x":0.833,"y":0.833},"o":{"x":0.59,"y":0},"t":59,"s":[373.504,419.003,0],"to":[0,0,0],"ti":[-1,-0.5,0]},{"t":81,"s":[379.504,422.003,0]}],"ix":2,"l":2},"a":{"a":0,"k":[379.504,422.003,0],"ix":1,"l":2},"s":{"a":0,"k":[100,100,100],"ix":6,"l":2}},"ao":0,"shapes":[{"ty":"gr","it":[{"ty":"gr","it":[{"ind":0,"ty":"sh","ix":1,"ks":{"a":1,"k":[{"i":{"x":0.833,"y":0.833},"o":{"x":0.167,"y":0.167},"t":1,"s":[{"i":[[0,0],[0,0]],"o":[[0,0],[0,0]],"v":[[-88.339,384.873],[88.746,384.873]],"c":false}]},{"i":{"x":0.016,"y":1},"o":{"x":0.167,"y":0.167},"t":5,"s":[{"i":[[0,0],[0,0]],"o":[[0,0],[0,0]],"v":[[-88.169,293],[88.915,293]],"c":false}]},{"i":{"x":0.667,"y":1},"o":{"x":0.333,"y":0},"t":25,"s":[{"i":[[0,0],[0,0]],"o":[[0,0],[0,0]],"v":[[-88.542,0],[88.542,0]],"c":false}]},{"i":{"x":0.41,"y":1},"o":{"x":0.167,"y":0},"t":41,"s":[{"i":[[0,0],[0,0]],"o":[[0,0],[0,0]],"v":[[-88.542,0],[88.542,0]],"c":false}]},{"i":{"x":0.833,"y":0.833},"o":{"x":0.59,"y":0},"t":59,"s":[{"i":[[0,0],[0,0]],"o":[[0,0],[0,0]],"v":[[-88.542,0],[88.542,0]],"c":false}]},{"t":81,"s":[{"i":[[0,0],[0,0]],"o":[[0,0],[0,0]],"v":[[-88.542,0],[88.542,0]],"c":false}]}],"ix":2},"nm":"Path 1","mn":"ADBE Vector Shape - Group","hd":false},{"ty":"st","c":{"a":0,"k":[0.169,0.278,0.208,1],"ix":3,"x":"var $bm_rt;\n$bm_rt = comp('system-regular-166-science').layer('control').effect('primary')('Color');"},"o":{"a":0,"k":100,"ix":4},"w":{"a":0,"k":31.3,"ix":5},"lc":2,"lj":2,"bm":0,"nm":".primary","mn":"ADBE Vector Graphic - Stroke","hd":false,"cl":"primary"},{"ty":"tr","p":{"a":0,"k":[250.004,78.127],"ix":2},"a":{"a":0,"k":[0,0],"ix":1},"s":{"a":0,"k":[100,100],"ix":3},"r":{"a":0,"k":0,"ix":6},"o":{"a":0,"k":100,"ix":7},"sk":{"a":0,"k":0,"ix":4},"sa":{"a":0,"k":0,"ix":5},"nm":"Transform"}],"nm":"Group 1","np":2,"cix":2,"bm":0,"ix":1,"mn":"ADBE Vector Group","hd":false},{"ty":"gr","it":[{"ind":0,"ty":"sh","ix":1,"ks":{"a":1,"k":[{"i":{"x":0.833,"y":0.833},"o":{"x":0.167,"y":0.167},"t":1,"s":[{"i":[[0,0],[29.131,0]],"o":[[-33.839,-0.001],[0,0]],"v":[[64.832,197.368],[-66.258,197.368]],"c":false}]},{"i":{"x":0.016,"y":1},"o":{"x":0.167,"y":0.167},"t":5,"s":[{"i":[[0,0],[29.131,0]],"o":[[-33.839,0.229],[0,0]],"v":[[65.001,107.072],[-66.088,107.072]],"c":false}]},{"i":{"x":0.833,"y":0.833},"o":{"x":0.333,"y":0},"t":25,"s":[{"i":[[0,0],[29.125,0.577]],"o":[[-33.837,-0.441],[0,0]],"v":[[65.073,-98.63],[-65.991,-101.227]],"c":false}]},{"i":{"x":0.833,"y":0.833},"o":{"x":0.167,"y":0.167},"t":30,"s":[{"i":[[0,0],[33.139,3.862]],"o":[[-38.525,-4.226],[0,0]],"v":[[65.397,-68.18],[-66.781,-84.142]],"c":false}]},{"i":{"x":0.833,"y":0.833},"o":{"x":0.167,"y":0.167},"t":33,"s":[{"i":[[0,0],[37.716,13.829]],"o":[[-44.239,-2.628],[0,0]],"v":[[71.159,-43.534],[-65.282,-78.681]],"c":false}]},{"i":{"x":0.667,"y":1},"o":{"x":0.167,"y":0.167},"t":36,"s":[{"i":[[0,0],[36.39,15.94]],"o":[[-49.952,-1.029],[0,0]],"v":[[87.307,-19.954],[-68.952,-53.634]],"c":false}]},{"i":{"x":0.667,"y":1},"o":{"x":0.167,"y":0},"t":41,"s":[{"i":[[0,0],[46.742,-7.344]],"o":[[-30.143,25.894],[0,0]],"v":[[79.14,-39.522],[-114.197,19.526]],"c":false}]},{"i":{"x":0.667,"y":1},"o":{"x":0.333,"y":0},"t":69,"s":[{"i":[[0,0],[29.391,29.029]],"o":[[-54.962,0.372],[0,0]],"v":[[111.77,10.431],[-67.121,-65.281]],"c":false}]},{"i":{"x":0.667,"y":1},"o":{"x":0.167,"y":0},"t":91,"s":[{"i":[[0,0],[46.742,-7.344]],"o":[[-30.143,25.894],[0,0]],"v":[[79.14,-39.522],[-114.197,19.526]],"c":false}]},{"i":{"x":0.667,"y":1},"o":{"x":0.333,"y":0},"t":109,"s":[{"i":[[0,0],[45.695,5.092]],"o":[[-54.883,-1.903],[0,0]],"v":[[109.534,7.406],[-100.018,-9.156]],"c":false}]},{"t":119,"s":[{"i":[[0,0],[47.315,0]],"o":[[-54.962,0.372],[0,0]],"v":[[106.459,0],[-106.459,0]],"c":false}]}],"ix":2},"nm":"Path 1","mn":"ADBE Vector Shape - Group","hd":false},{"ty":"st","c":{"a":0,"k":[0.169,0.278,0.208,1],"ix":3,"x":"var $bm_rt;\n$bm_rt = comp('system-regular-166-science').layer('control').effect('primary')('Color');"},"o":{"a":0,"k":100,"ix":4},"w":{"a":0,"k":31.3,"ix":5},"lc":2,"lj":2,"bm":0,"nm":".primary","mn":"ADBE Vector Graphic - Stroke","hd":false,"cl":"primary"},{"ty":"tr","p":{"a":0,"k":[250.004,265.628],"ix":2},"a":{"a":0,"k":[0,0],"ix":1},"s":{"a":0,"k":[100,100],"ix":3},"r":{"a":0,"k":0,"ix":6},"o":{"a":0,"k":100,"ix":7},"sk":{"a":0,"k":0,"ix":4},"sa":{"a":0,"k":0,"ix":5},"nm":"Transform"}],"nm":"Group 2","np":2,"cix":2,"bm":0,"ix":2,"mn":"ADBE Vector Group","hd":false},{"ty":"gr","it":[{"ind":0,"ty":"sh","ix":1,"ks":{"a":1,"k":[{"i":{"x":0.833,"y":0.833},"o":{"x":0.167,"y":0.167},"t":1,"s":[{"i":[[32.995,0],[0,0],[0.25,-0.079],[0,0],[0,0],[0,0],[0,0],[0,0]],"o":[[0,0],[-32.995,0],[0,0],[0,0],[0,0],[0,0],[0,0],[-0.257,-0.088]],"v":[[22.278,212.876],[-22.617,212.876],[-68.423,212.992],[-68.686,212.99],[-68.228,212.997],[68.635,212.997],[68.177,212.99],[68.084,212.993]],"c":true}]},{"i":{"x":0.016,"y":1},"o":{"x":0.167,"y":0.167},"t":5,"s":[{"i":[[32.995,0],[0,0],[0.25,33.22],[0,0],[0,0],[0,0],[0,0],[0,0]],"o":[[0,0],[-32.995,0],[0,0],[0,0],[0,0],[0,0],[0,0],[-0.257,36.942]],"v":[[22.447,171.653],[-22.447,171.876],[-68.253,123.277],[-68.516,124.125],[-68.058,121.124],[68.804,121.124],[68.347,124.125],[68.253,123.055]],"c":true}]},{"i":{"x":0.667,"y":1},"o":{"x":0.333,"y":0},"t":25,"s":[{"i":[[32.995,0],[0,0],[0.25,33.22],[0,0],[0,0],[0,0],[0,0],[0,0]],"o":[[0,0],[-32.995,0],[0,0],[0,0],[0,0],[0,0],[0,0],[-0.257,36.942]],"v":[[22.447,171.653],[-22.447,171.876],[-68.253,123.277],[-68.431,-46.875],[-68.431,-171.876],[68.431,-171.876],[68.431,-46.875],[68.253,123.055]],"c":true}]},{"i":{"x":0.41,"y":1},"o":{"x":0.167,"y":0},"t":41,"s":[{"i":[[32.995,0],[0,0],[-17.367,27.758],[0,0],[0,0],[0,0],[0,0],[0,0]],"o":[[0,0],[-32.995,0],[0,0],[0,0],[0,0],[0,0],[0,0],[17.367,27.758]],"v":[[129.697,171.876],[-129.697,171.876],[-165.503,108.277],[-68.431,-46.875],[-68.431,-171.876],[68.431,-171.876],[68.431,-46.875],[165.503,108.277]],"c":true}]},{"i":{"x":0.833,"y":0.833},"o":{"x":0.59,"y":0},"t":59,"s":[{"i":[[32.995,0],[0,0],[-17.367,27.758],[0,0],[0,0],[0,0],[0,0],[0,0]],"o":[[0,0],[-32.995,0],[0,0],[0,0],[0,0],[0,0],[0,0],[17.367,27.758]],"v":[[129.697,171.876],[-129.697,171.876],[-165.503,108.277],[-68.431,-46.875],[-68.431,-171.876],[68.431,-171.876],[68.431,-46.875],[165.503,108.277]],"c":true}]},{"t":81,"s":[{"i":[[32.995,0],[0,0],[-17.367,27.758],[0,0],[0,0],[0,0],[0,0],[0,0]],"o":[[0,0],[-32.995,0],[0,0],[0,0],[0,0],[0,0],[0,0],[17.367,27.758]],"v":[[129.697,171.876],[-129.697,171.876],[-165.503,108.277],[-68.431,-46.875],[-68.431,-171.876],[68.431,-171.876],[68.431,-46.875],[165.503,108.277]],"c":true}]}],"ix":2},"nm":"Path 1","mn":"ADBE Vector Shape - Group","hd":false},{"ty":"st","c":{"a":0,"k":[0.169,0.278,0.208,1],"ix":3,"x":"var $bm_rt;\n$bm_rt = comp('system-regular-166-science').layer('control').effect('primary')('Color');"},"o":{"a":0,"k":100,"ix":4},"w":{"a":0,"k":31.3,"ix":5},"lc":2,"lj":2,"bm":0,"nm":".primary","mn":"ADBE Vector Graphic - Stroke","hd":false,"cl":"primary"},{"ty":"tr","p":{"a":0,"k":[250.004,250.003],"ix":2},"a":{"a":0,"k":[0,0],"ix":1},"s":{"a":0,"k":[100,100],"ix":3},"r":{"a":0,"k":0,"ix":6},"o":{"a":0,"k":100,"ix":7},"sk":{"a":0,"k":0,"ix":4},"sa":{"a":0,"k":0,"ix":5},"nm":"Transform"}],"nm":"Group 3","np":2,"cix":2,"bm":0,"ix":3,"mn":"ADBE Vector Group","hd":false},{"ty":"tr","p":{"a":1,"k":[{"i":{"x":0.833,"y":0.833},"o":{"x":0.167,"y":0.167},"t":5,"s":[250.004,250.003],"to":[0,0],"ti":[0,0]},{"i":{"x":0.833,"y":0.833},"o":{"x":0.167,"y":0.167},"t":36,"s":[250.004,250.003],"to":[0,0],"ti":[0,0]},{"t":41,"s":[250.004,250.003]}],"ix":2},"a":{"a":0,"k":[250.004,250.003],"ix":1},"s":{"a":0,"k":[100,100],"ix":3},"r":{"a":1,"k":[{"i":{"x":[0.833],"y":[0.833]},"o":{"x":[0.167],"y":[0.167]},"t":5,"s":[0]},{"i":{"x":[0.833],"y":[0.833]},"o":{"x":[0.167],"y":[0.167]},"t":36,"s":[-12]},{"t":41,"s":[0]}],"ix":6},"o":{"a":0,"k":100,"ix":7},"sk":{"a":0,"k":0,"ix":4},"sa":{"a":0,"k":0,"ix":5},"nm":"Transform"}],"nm":"Group 1","np":3,"cix":2,"bm":0,"ix":1,"mn":"ADBE Vector Group","hd":false}],"ip":1,"op":119,"st":0,"ct":1,"bm":0}]},{"id":"comp_1","nm":"hover-science","fr":60,"layers":[{"ddd":0,"ind":1,"ty":4,"nm":".primary.design","cl":"primary design","sr":1,"ks":{"o":{"a":0,"k":100,"ix":11},"r":{"a":0,"k":0,"ix":10},"p":{"a":0,"k":[250,250,0],"ix":2,"l":2},"a":{"a":0,"k":[0,0,0],"ix":1,"l":2},"s":{"a":0,"k":[100,100,100],"ix":6,"l":2}},"ao":0,"shapes":[{"ty":"gr","it":[{"ind":0,"ty":"sh","ix":1,"ks":{"a":0,"k":{"i":[[4.59,-8.285],[9.843,0],[0,0],[4.71,8.503],[-5.029,8.039],[0,0],[0,0],[0,0]],"o":[[-4.71,8.503],[0,0],[-9.844,0],[-4.59,-8.285],[0,0],[0,0],[0,0],[5.03,8.039]],"v":[[152.942,142.65],[129.701,156.229],[-129.693,156.229],[-152.936,142.649],[-152.232,116.581],[-98.862,31.278],[98.869,31.278],[152.239,116.581]],"c":true},"ix":2},"nm":"Path 1","mn":"ADBE Vector Shape - Group","hd":false},{"ind":1,"ty":"sh","ix":2,"ks":{"a":0,"k":{"i":[[0,0],[0,0],[-1.557,-2.489],[0,0],[0,0],[0,0],[0,2.936],[0,0]],"o":[[0,0],[0,2.936],[0,0],[0,0],[0,0],[1.557,-2.489],[0,0],[0,0]],"v":[[52.784,-156.223],[52.784,-46.872],[55.167,-38.571],[79.286,-0.022],[-79.279,-0.022],[-55.16,-38.571],[-52.777,-46.872],[-52.777,-156.223]],"c":true},"ix":2},"nm":"Path 2","mn":"ADBE Vector Shape - Group","hd":false},{"ind":2,"ty":"sh","ix":3,"ks":{"a":0,"k":{"i":[[11.154,17.829],[0,0],[0,0],[0,0],[0,8.643],[8.644,0],[0,0],[0,0],[0,0],[0,-8.643],[-8.644,0],[0,0],[0,0],[0,0],[-10.186,-18.387],[-21.392,0],[0,0],[-10.306,18.605]],"o":[[0,0],[0,0],[0,0],[8.644,0],[0,-8.643],[0,0],[0,0],[0,0],[-8.644,0],[0,8.643],[0,0],[0,0],[0,0],[-11.154,17.829],[10.306,18.605],[0,0],[21.392,0],[10.186,-18.387]],"v":[[178.774,99.979],[84.085,-51.364],[84.085,-156.223],[88.546,-156.223],[104.196,-171.873],[88.546,-187.523],[68.435,-187.523],[-68.428,-187.523],[-88.538,-187.523],[-104.188,-171.873],[-88.538,-156.223],[-84.078,-156.223],[-84.078,-51.364],[-178.768,99.979],[-180.315,157.816],[-129.693,187.529],[129.701,187.529],[180.322,157.816]],"c":true},"ix":2},"nm":"Path 3","mn":"ADBE Vector Shape - Group","hd":false},{"ty":"fl","c":{"a":0,"k":[0.169,0.278,0.208,1],"ix":4,"x":"var $bm_rt;\n$bm_rt = comp('system-regular-166-science').layer('control').effect('primary')('Color');"},"o":{"a":0,"k":100,"ix":5},"r":1,"bm":0,"nm":".primary","mn":"ADBE Vector Graphic - Fill","hd":false,"cl":"primary"},{"ty":"tr","p":{"a":0,"k":[0,0],"ix":2},"a":{"a":0,"k":[0,0],"ix":1},"s":{"a":0,"k":[100,100],"ix":3},"r":{"a":0,"k":0,"ix":6},"o":{"a":0,"k":100,"ix":7},"sk":{"a":0,"k":0,"ix":4},"sa":{"a":0,"k":0,"ix":5},"nm":"Transform"}],"nm":"Group 1","np":4,"cix":2,"bm":0,"ix":1,"mn":"ADBE Vector Group","hd":false}],"ip":119,"op":300,"st":0,"ct":1,"bm":0},{"ddd":0,"ind":2,"ty":4,"nm":".primary.design","cl":"primary design","sr":1,"ks":{"o":{"a":0,"k":100,"ix":11},"r":{"a":0,"k":0,"ix":10},"p":{"a":0,"k":[250,250,0],"ix":2,"l":2},"a":{"a":0,"k":[0,0,0],"ix":1,"l":2},"s":{"a":0,"k":[100,100,100],"ix":6,"l":2}},"ao":0,"shapes":[{"ty":"gr","it":[{"ind":0,"ty":"sh","ix":1,"ks":{"a":0,"k":{"i":[[4.59,-8.285],[9.843,0],[0,0],[4.71,8.503],[-5.029,8.039],[0,0],[0,0],[0,0]],"o":[[-4.71,8.503],[0,0],[-9.844,0],[-4.59,-8.285],[0,0],[0,0],[0,0],[5.03,8.039]],"v":[[152.942,142.65],[129.701,156.229],[-129.693,156.229],[-152.936,142.649],[-152.232,116.581],[-98.862,31.278],[98.869,31.278],[152.239,116.581]],"c":true},"ix":2},"nm":"Path 1","mn":"ADBE Vector Shape - Group","hd":false},{"ind":1,"ty":"sh","ix":2,"ks":{"a":0,"k":{"i":[[0,0],[0,0],[-1.557,-2.489],[0,0],[0,0],[0,0],[0,2.936],[0,0]],"o":[[0,0],[0,2.936],[0,0],[0,0],[0,0],[1.557,-2.489],[0,0],[0,0]],"v":[[52.784,-156.223],[52.784,-46.872],[55.167,-38.571],[79.286,-0.022],[-79.279,-0.022],[-55.16,-38.571],[-52.777,-46.872],[-52.777,-156.223]],"c":true},"ix":2},"nm":"Path 2","mn":"ADBE Vector Shape - Group","hd":false},{"ind":2,"ty":"sh","ix":3,"ks":{"a":0,"k":{"i":[[11.154,17.829],[0,0],[0,0],[0,0],[0,8.643],[8.644,0],[0,0],[0,0],[0,0],[0,-8.643],[-8.644,0],[0,0],[0,0],[0,0],[-10.186,-18.387],[-21.392,0],[0,0],[-10.306,18.605]],"o":[[0,0],[0,0],[0,0],[8.644,0],[0,-8.643],[0,0],[0,0],[0,0],[-8.644,0],[0,8.643],[0,0],[0,0],[0,0],[-11.154,17.829],[10.306,18.605],[0,0],[21.392,0],[10.186,-18.387]],"v":[[178.774,99.979],[84.085,-51.364],[84.085,-156.223],[88.546,-156.223],[104.196,-171.873],[88.546,-187.523],[68.435,-187.523],[-68.428,-187.523],[-88.538,-187.523],[-104.188,-171.873],[-88.538,-156.223],[-84.078,-156.223],[-84.078,-51.364],[-178.768,99.979],[-180.315,157.816],[-129.693,187.529],[129.701,187.529],[180.322,157.816]],"c":true},"ix":2},"nm":"Path 3","mn":"ADBE Vector Shape - Group","hd":false},{"ty":"fl","c":{"a":0,"k":[0.169,0.278,0.208,1],"ix":4,"x":"var $bm_rt;\n$bm_rt = comp('system-regular-166-science').layer('control').effect('primary')('Color');"},"o":{"a":0,"k":100,"ix":5},"r":1,"bm":0,"nm":".primary","mn":"ADBE Vector Graphic - Fill","hd":false,"cl":"primary"},{"ty":"tr","p":{"a":0,"k":[0,0],"ix":2},"a":{"a":0,"k":[0,0],"ix":1},"s":{"a":0,"k":[100,100],"ix":3},"r":{"a":0,"k":0,"ix":6},"o":{"a":0,"k":100,"ix":7},"sk":{"a":0,"k":0,"ix":4},"sa":{"a":0,"k":0,"ix":5},"nm":"Transform"}],"nm":"Group 1","np":4,"cix":2,"bm":0,"ix":1,"mn":"ADBE Vector Group","hd":false}],"ip":0,"op":1,"st":0,"ct":1,"bm":0},{"ddd":0,"ind":3,"ty":4,"nm":".primary.design","cl":"primary design","sr":1,"ks":{"o":{"a":0,"k":100,"ix":11},"r":{"a":1,"k":[{"i":{"x":[0],"y":[1]},"o":{"x":[0.333],"y":[0]},"t":1,"s":[0]},{"i":{"x":[0.667],"y":[0.745]},"o":{"x":[0.333],"y":[0]},"t":19,"s":[22]},{"i":{"x":[0.667],"y":[1]},"o":{"x":[0.333],"y":[-0.25]},"t":35,"s":[-21.54]},{"i":{"x":[0.667],"y":[0.902]},"o":{"x":[0.333],"y":[0]},"t":50,"s":[20]},{"i":{"x":[0.667],"y":[1]},"o":{"x":[0.333],"y":[-0.162]},"t":62,"s":[-13]},{"i":{"x":[0.667],"y":[1]},"o":{"x":[0.333],"y":[0]},"t":74,"s":[7]},{"t":89,"s":[0]}],"ix":10},"p":{"a":1,"k":[{"i":{"x":0,"y":1},"o":{"x":0.333,"y":0},"t":1,"s":[250.004,192.003,0],"to":[0,0,0],"ti":[0,0,0]},{"i":{"x":0.667,"y":1},"o":{"x":0.333,"y":0},"t":19,"s":[250.004,155.003,0],"to":[0,0,0],"ti":[0,0,0]},{"i":{"x":0.667,"y":1},"o":{"x":0.333,"y":0},"t":50,"s":[250.004,215.003,0],"to":[0,0,0],"ti":[0,0,0]},{"i":{"x":0.667,"y":1},"o":{"x":0.333,"y":0},"t":74,"s":[250.004,183.003,0],"to":[0,0,0],"ti":[0,0,0]},{"t":89,"s":[250.004,192.003,0]}],"ix":2,"l":2},"a":{"a":0,"k":[250.004,192.003,0],"ix":1,"l":2},"s":{"a":0,"k":[100,100,100],"ix":6,"l":2}},"ao":0,"shapes":[{"ty":"gr","it":[{"ind":0,"ty":"sh","ix":1,"ks":{"a":0,"k":{"i":[[0,0],[0,0]],"o":[[0,0],[0,0]],"v":[[-88.542,0],[88.542,0]],"c":false},"ix":2},"nm":"Path 1","mn":"ADBE Vector Shape - Group","hd":false},{"ty":"st","c":{"a":0,"k":[0.169,0.278,0.208,1],"ix":3,"x":"var $bm_rt;\n$bm_rt = comp('system-regular-166-science').layer('control').effect('primary')('Color');"},"o":{"a":0,"k":100,"ix":4},"w":{"a":0,"k":31.3,"ix":5},"lc":2,"lj":2,"bm":0,"nm":".primary","mn":"ADBE Vector Graphic - Stroke","hd":false,"cl":"primary"},{"ty":"tr","p":{"a":0,"k":[250.004,78.127],"ix":2},"a":{"a":0,"k":[0,0],"ix":1},"s":{"a":0,"k":[100,100],"ix":3},"r":{"a":0,"k":0,"ix":6},"o":{"a":0,"k":100,"ix":7},"sk":{"a":0,"k":0,"ix":4},"sa":{"a":0,"k":0,"ix":5},"nm":"Transform"}],"nm":"Group 1","np":2,"cix":2,"bm":0,"ix":1,"mn":"ADBE Vector Group","hd":false},{"ty":"gr","it":[{"ind":0,"ty":"sh","ix":1,"ks":{"a":1,"k":[{"i":{"x":0.667,"y":1},"o":{"x":0.333,"y":0},"t":1,"s":[{"i":[[0,0],[47.315,0]],"o":[[-54.962,0.372],[0,0]],"v":[[106.459,0],[-106.459,0]],"c":false}]},{"i":{"x":0.833,"y":0.833},"o":{"x":0.333,"y":0},"t":11,"s":[{"i":[[0,0],[47.315,0]],"o":[[-34.462,28.372],[0,0]],"v":[[76.459,-46],[-115.459,18.5]],"c":false}]},{"i":{"x":0.833,"y":0.833},"o":{"x":0.167,"y":0.167},"t":21,"s":[{"i":[[0,0],[41.925,13.218]],"o":[[-49.267,16.714],[0,0]],"v":[[93.999,-18.274],[-80.662,-33.541]],"c":false}]},{"i":{"x":0.667,"y":1},"o":{"x":0.167,"y":0.167},"t":25,"s":[{"i":[[0,0],[30.513,27.136]],"o":[[-56.906,10.698],[0,0]],"v":[[103.051,-3.966],[-66.767,-60.763]],"c":false}]},{"i":{"x":0.833,"y":0.833},"o":{"x":0.333,"y":0},"t":31,"s":[{"i":[[0,0],[24.637,32.627]],"o":[[-64.071,5.056],[0,0]],"v":[[111.539,9.451],[-65.753,-89.19]],"c":false}]},{"i":{"x":0.833,"y":0.833},"o":{"x":0.167,"y":0.167},"t":34,"s":[{"i":[[0,0],[32.366,27.762]],"o":[[-56.442,12.174],[0,0]],"v":[[96.031,-8.283],[-64.195,-58.835]],"c":false}]},{"i":{"x":0.833,"y":0.833},"o":{"x":0.167,"y":0.167},"t":37,"s":[{"i":[[0,0],[49.131,17.21]],"o":[[-39.893,27.615],[0,0]],"v":[[75.163,-41.515],[-89.837,-18.564]],"c":false}]},{"i":{"x":0.667,"y":1},"o":{"x":0.167,"y":0.167},"t":39,"s":[{"i":[[0,0],[58.337,11.416]],"o":[[-30.807,36.093],[0,0]],"v":[[65.099,-58.746],[-103.916,3.548]],"c":false}]},{"i":{"x":0.833,"y":0.833},"o":{"x":0.333,"y":0},"t":42,"s":[{"i":[[0,0],[66.969,5.983]],"o":[[-22.286,44.044],[0,0]],"v":[[65.506,-82.82],[-117.118,24.282]],"c":false}]},{"i":{"x":0.833,"y":0.833},"o":{"x":0.167,"y":0.167},"t":49,"s":[{"i":[[0,0],[46.246,12.39]],"o":[[-40.057,23.72],[0,0]],"v":[[78.676,-38.641],[-87.312,-26.367]],"c":false}]},{"i":{"x":0.667,"y":1},"o":{"x":0.167,"y":0.167},"t":52,"s":[{"i":[[0,0],[37.146,23.726]],"o":[[-51.692,14.677],[0,0]],"v":[[94.598,-15.34],[-70.968,-53.809]],"c":false}]},{"i":{"x":0.833,"y":0.833},"o":{"x":0.333,"y":0},"t":57,"s":[{"i":[[0,0],[19.811,40.187]],"o":[[-64.071,5.056],[0,0]],"v":[[111.539,9.451],[-64.944,-88.031]],"c":false}]},{"i":{"x":0.833,"y":0.833},"o":{"x":0.167,"y":0.167},"t":62,"s":[{"i":[[0,0],[43.372,18.37]],"o":[[-46.95,24.587],[0,0]],"v":[[83.128,-33.624],[-80.519,-40.022]],"c":false}]},{"i":{"x":0.667,"y":1},"o":{"x":0.167,"y":0.167},"t":65,"s":[{"i":[[0,0],[56.387,11.538]],"o":[[-27.513,30.752],[0,0]],"v":[[64.059,-62.577],[-105.481,1.418]],"c":false}]},{"i":{"x":0.833,"y":0.833},"o":{"x":0.333,"y":0},"t":69,"s":[{"i":[[0,0],[66.969,5.983]],"o":[[-18.555,56.978],[0,0]],"v":[[67.195,-110.14],[-125.777,35.112]],"c":false}]},{"i":{"x":0.833,"y":0.833},"o":{"x":0.167,"y":0.167},"t":72,"s":[{"i":[[0,0],[60.129,10.178]],"o":[[-27.043,38.279],[0,0]],"v":[[63.438,-76.744],[-115.099,16.837]],"c":false}]},{"i":{"x":0.667,"y":1},"o":{"x":0.167,"y":0.167},"t":74,"s":[{"i":[[0,0],[52.834,14.652]],"o":[[-32.207,31.149],[0,0]],"v":[[70.728,-53.59],[-103.713,-2.651]],"c":false}]},{"i":{"x":0.667,"y":1},"o":{"x":0.333,"y":0},"t":81,"s":[{"i":[[0,0],[29.391,29.029]],"o":[[-54.962,0.372],[0,0]],"v":[[111.77,10.431],[-67.121,-65.281]],"c":false}]},{"i":{"x":0.667,"y":1},"o":{"x":0.333,"y":0},"t":96,"s":[{"i":[[0,0],[47.315,0]],"o":[[-34.462,28.372],[0,0]],"v":[[76.459,-46],[-115.459,18.5]],"c":false}]},{"i":{"x":0.667,"y":1},"o":{"x":0.333,"y":0},"t":109,"s":[{"i":[[0,0],[45.695,5.092]],"o":[[-54.883,-1.903],[0,0]],"v":[[109.534,7.406],[-100.019,-9.156]],"c":false}]},{"t":119,"s":[{"i":[[0,0],[47.315,0]],"o":[[-54.962,0.372],[0,0]],"v":[[106.459,0],[-106.459,0]],"c":false}]}],"ix":2},"nm":"Path 1","mn":"ADBE Vector Shape - Group","hd":false},{"ty":"st","c":{"a":0,"k":[0.169,0.278,0.208,1],"ix":3,"x":"var $bm_rt;\n$bm_rt = comp('system-regular-166-science').layer('control').effect('primary')('Color');"},"o":{"a":0,"k":100,"ix":4},"w":{"a":0,"k":31.3,"ix":5},"lc":2,"lj":2,"bm":0,"nm":".primary","mn":"ADBE Vector Graphic - Stroke","hd":false,"cl":"primary"},{"ty":"tr","p":{"a":0,"k":[250.004,265.628],"ix":2},"a":{"a":0,"k":[0,0],"ix":1},"s":{"a":0,"k":[100,100],"ix":3},"r":{"a":0,"k":0,"ix":6},"o":{"a":0,"k":100,"ix":7},"sk":{"a":0,"k":0,"ix":4},"sa":{"a":0,"k":0,"ix":5},"nm":"Transform"}],"nm":"Group 2","np":2,"cix":2,"bm":0,"ix":2,"mn":"ADBE Vector Group","hd":false},{"ty":"gr","it":[{"ind":0,"ty":"sh","ix":1,"ks":{"a":0,"k":{"i":[[32.995,0],[0,0],[-17.367,27.758],[0,0],[0,0],[0,0],[0,0],[0,0]],"o":[[0,0],[-32.995,0],[0,0],[0,0],[0,0],[0,0],[0,0],[17.367,27.758]],"v":[[129.697,171.876],[-129.697,171.876],[-165.503,108.277],[-68.431,-46.875],[-68.431,-171.876],[68.431,-171.876],[68.431,-46.875],[165.503,108.277]],"c":true},"ix":2},"nm":"Path 1","mn":"ADBE Vector Shape - Group","hd":false},{"ty":"st","c":{"a":0,"k":[0.169,0.278,0.208,1],"ix":3,"x":"var $bm_rt;\n$bm_rt = comp('system-regular-166-science').layer('control').effect('primary')('Color');"},"o":{"a":0,"k":100,"ix":4},"w":{"a":0,"k":31.3,"ix":5},"lc":2,"lj":2,"bm":0,"nm":".primary","mn":"ADBE Vector Graphic - Stroke","hd":false,"cl":"primary"},{"ty":"tr","p":{"a":0,"k":[250.004,250.003],"ix":2},"a":{"a":0,"k":[0,0],"ix":1},"s":{"a":0,"k":[100,100],"ix":3},"r":{"a":0,"k":0,"ix":6},"o":{"a":0,"k":100,"ix":7},"sk":{"a":0,"k":0,"ix":4},"sa":{"a":0,"k":0,"ix":5},"nm":"Transform"}],"nm":"Group 3","np":2,"cix":2,"bm":0,"ix":3,"mn":"ADBE Vector Group","hd":false}],"ip":1,"op":119,"st":0,"ct":1,"bm":0}]}],"layers":[{"ddd":0,"ind":1,"ty":3,"nm":"control","sr":1,"ks":{"o":{"a":0,"k":0,"ix":11},"r":{"a":0,"k":0,"ix":10},"p":{"a":0,"k":[0,0],"ix":2,"l":2},"a":{"a":0,"k":[0,0,0],"ix":1,"l":2},"s":{"a":0,"k":[100,100,100],"ix":6,"l":2}},"ao":0,"ef":[{"ty":5,"nm":"primary","np":3,"mn":"ADBE Color Control","ix":1,"en":1,"ef":[{"ty":2,"nm":"Color","mn":"ADBE Color Control-0001","ix":1,"v":{"a":0,"k":[0.169,0.278,0.208],"ix":1}}]}],"ip":0,"op":251,"st":0,"bm":0},{"ddd":0,"ind":2,"ty":0,"nm":"in-science","refId":"comp_0","sr":1,"ks":{"o":{"a":0,"k":100,"ix":11},"r":{"a":0,"k":0,"ix":10},"p":{"a":0,"k":[250,250,0],"ix":2,"l":2},"a":{"a":0,"k":[250,250,0],"ix":1,"l":2},"s":{"a":0,"k":[100,100,100],"ix":6,"l":2}},"ao":0,"w":500,"h":500,"ip":0,"op":130,"st":0,"bm":0},{"ddd":0,"ind":3,"ty":0,"nm":"hover-science","refId":"comp_1","sr":1,"ks":{"o":{"a":0,"k":100,"ix":11},"r":{"a":0,"k":0,"ix":10},"p":{"a":0,"k":[250,250,0],"ix":2,"l":2},"a":{"a":0,"k":[250,250,0],"ix":1,"l":2},"s":{"a":0,"k":[100,100,100],"ix":6,"l":2}},"ao":0,"w":500,"h":500,"ip":130,"op":260,"st":130,"bm":0}],"markers":[{"tm":0,"cm":"in-science","dr":120},{"tm":130,"cm":"default:hover-science","dr":120}],"props":{}}