{"v":"5.12.1","fr":60,"ip":0,"op":60,"w":500,"h":500,"nm":"system-regular-1-share","ddd":0,"assets":[{"id":"comp_0","nm":"in-share","fr":60,"layers":[{"ddd":0,"ind":1,"ty":3,"nm":"NULL ","sr":1,"ks":{"o":{"a":0,"k":100,"ix":11},"r":{"a":1,"k":[{"i":{"x":[0.2],"y":[1]},"o":{"x":[0.167],"y":[0.167]},"t":0,"s":[-79]},{"t":30,"s":[0]}],"ix":10},"p":{"a":0,"k":[250,250,0],"ix":2,"l":2},"a":{"a":0,"k":[50,50,0],"ix":1,"l":2},"s":{"a":0,"k":[100,100,100],"ix":6,"l":2}},"ao":0,"ip":0,"op":60,"st":0,"bm":0},{"ddd":0,"ind":2,"ty":4,"nm":".primary.design","cl":"primary design","sr":1,"ks":{"o":{"a":0,"k":100,"ix":11},"r":{"a":0,"k":0,"ix":10},"p":{"a":0,"k":[250,250,0],"ix":2,"l":2},"a":{"a":0,"k":[0,0,0],"ix":1,"l":2},"s":{"a":0,"k":[2083,2083,100],"ix":6,"l":2}},"ao":0,"shapes":[{"ty":"gr","it":[{"ind":0,"ty":"sh","ix":1,"ks":{"a":0,"k":{"i":[[1.103,0],[0,1.103],[-1.103,0],[0,-1.103]],"o":[[-1.103,0],[0,-1.103],[1.103,0],[0,1.103]],"v":[[5,7.5],[3,5.5],[5,3.5],[7,5.5]],"c":true},"ix":2},"nm":"Path 1","mn":"ADBE Vector Shape - Group","hd":false},{"ind":1,"ty":"sh","ix":2,"ks":{"a":0,"k":{"i":[[1.103,0],[0,1.103],[-1.103,0],[0,-1.103]],"o":[[-1.103,0],[0,-1.103],[1.103,0],[0,1.103]],"v":[[-6,2],[-8,0],[-6,-2],[-4,0]],"c":true},"ix":2},"nm":"Path 2","mn":"ADBE Vector Shape - Group","hd":false},{"ind":2,"ty":"sh","ix":3,"ks":{"a":0,"k":{"i":[[-1.103,0],[0,-1.103],[1.103,0],[0,1.103]],"o":[[1.103,0],[0,1.103],[-1.103,0],[0,-1.103]],"v":[[5,-7.5],[7,-5.5],[5,-3.5],[3,-5.5]],"c":true},"ix":2},"nm":"Path 3","mn":"ADBE Vector Shape - Group","hd":false},{"ind":3,"ty":"sh","ix":4,"ks":{"a":0,"k":{"i":[[1.93,0],[0.642,-0.791],[0,0],[0,0.296],[0.069,0.274],[0,0],[-1.096,0],[0,1.93],[1.93,0],[0,-1.93],[-0.069,-0.275],[0,0],[1.096,0],[0,-1.93],[-1.93,0],[-0.642,0.791],[0,0],[0,-0.296],[-1.93,0],[0,1.93]],"o":[[-1.096,0],[0,0],[0.069,-0.275],[0,-0.296],[0,0],[0.642,0.791],[1.93,0],[0,-1.93],[-1.93,0],[0,0.296],[0,0],[-0.642,-0.791],[-1.93,0],[0,1.93],[1.096,0],[0,0],[-0.069,0.275],[0,1.93],[1.93,0],[0,-1.93]],"v":[[5,2],[2.294,3.308],[-2.617,0.853],[-2.5,0],[-2.617,-0.853],[2.293,-3.308],[5,-2],[8.5,-5.5],[5,-9],[1.5,-5.5],[1.617,-4.647],[-3.294,-2.192],[-6,-3.5],[-9.5,0],[-6,3.5],[-3.294,2.192],[1.617,4.647],[1.5,5.5],[5,9],[8.5,5.5]],"c":true},"ix":2},"nm":"Path 4","mn":"ADBE Vector Shape - Group","hd":false},{"ty":"fl","c":{"a":0,"k":[0.169,0.278,0.208,1],"ix":4,"x":"var $bm_rt;\n$bm_rt = comp('system-regular-1-share').layer('control').effect('primary')('Color');"},"o":{"a":0,"k":100,"ix":5},"r":1,"bm":0,"nm":".primary","mn":"ADBE Vector Graphic - Fill","hd":false,"cl":"primary"},{"ty":"tr","p":{"a":0,"k":[0,0],"ix":2},"a":{"a":0,"k":[0,0],"ix":1},"s":{"a":0,"k":[100,100],"ix":3},"r":{"a":0,"k":0,"ix":6},"o":{"a":0,"k":100,"ix":7},"sk":{"a":0,"k":0,"ix":4},"sa":{"a":0,"k":0,"ix":5},"nm":"Transform"}],"nm":"Group 1","np":5,"cix":2,"bm":0,"ix":1,"mn":"ADBE Vector Group","hd":false},{"ty":"gr","it":[{"ty":"st","c":{"a":0,"k":[0.169,0.278,0.208,1],"ix":3,"x":"var $bm_rt;\n$bm_rt = comp('system-regular-1-share').layer('control').effect('primary')('Color');"},"o":{"a":0,"k":100,"ix":4},"w":{"a":0,"k":2,"ix":5},"lc":1,"lj":1,"ml":4,"bm":0,"nm":".primary","mn":"ADBE Vector Graphic - Stroke","hd":false,"cl":"primary"},{"ty":"tr","p":{"a":0,"k":[0,0],"ix":2},"a":{"a":0,"k":[0,0],"ix":1},"s":{"a":0,"k":[100,100],"ix":3},"r":{"a":0,"k":0,"ix":6},"o":{"a":0,"k":100,"ix":7},"sk":{"a":0,"k":0,"ix":4},"sa":{"a":0,"k":0,"ix":5},"nm":"Transform"}],"nm":"Group 2","np":1,"cix":2,"bm":0,"ix":2,"mn":"ADBE Vector Group","hd":false}],"ip":60,"op":76,"st":0,"ct":1,"bm":0},{"ddd":0,"ind":3,"ty":4,"nm":".primary.design","cl":"primary design","parent":1,"sr":1,"ks":{"o":{"a":0,"k":100,"ix":11},"r":{"a":1,"k":[{"i":{"x":[0.2],"y":[1]},"o":{"x":[0.167],"y":[0]},"t":0,"s":[0]},{"t":30,"s":[0]}],"ix":10},"p":{"a":1,"k":[{"i":{"x":0.2,"y":1},"o":{"x":0.167,"y":0.167},"t":0,"s":[-74.985,239,0],"to":[0,-31.5,0],"ti":[0,31.5,0]},{"t":30,"s":[-74.985,50,0]}],"ix":2,"l":2},"a":{"a":0,"k":[0,0,0],"ix":1,"l":2},"s":{"a":0,"k":[2083,2083,100],"ix":6,"l":2}},"ao":0,"shapes":[{"ty":"gr","it":[{"ind":0,"ty":"sh","ix":1,"ks":{"a":1,"k":[{"i":{"x":0.2,"y":1},"o":{"x":0.167,"y":0.167},"t":0,"s":[{"i":[[0,-0.403],[0.403,0],[0,0.403],[-0.403,0]],"o":[[0,0.403],[-0.403,0],[0,-0.403],[0.403,0]],"v":[[0.729,0],[0,0.729],[-0.729,0],[0,-0.729]],"c":true}]},{"t":30,"s":[{"i":[[0,-1.519],[1.519,0],[0,1.519],[-1.519,0]],"o":[[0,1.519],[-1.519,0],[0,-1.519],[1.519,0]],"v":[[2.75,0],[0,2.75],[-2.75,0],[0,-2.75]],"c":true}]}],"ix":2},"nm":"Path 1","mn":"ADBE Vector Shape - Group","hd":false},{"ty":"st","c":{"a":0,"k":[0.169,0.278,0.208,1],"ix":3,"x":"var $bm_rt;\n$bm_rt = comp('system-regular-1-share').layer('control').effect('primary')('Color');"},"o":{"a":0,"k":100,"ix":4},"w":{"a":0,"k":1.5,"ix":5},"lc":2,"lj":2,"bm":0,"nm":".primary","mn":"ADBE Vector Graphic - Stroke","hd":false,"cl":"primary"},{"ty":"tr","p":{"a":0,"k":[0,0],"ix":2},"a":{"a":0,"k":[0,0],"ix":1},"s":{"a":0,"k":[100,100],"ix":3},"r":{"a":0,"k":0,"ix":6},"o":{"a":0,"k":100,"ix":7},"sk":{"a":0,"k":0,"ix":4},"sa":{"a":0,"k":0,"ix":5},"nm":"Transform"}],"nm":"Group 1","np":2,"cix":2,"bm":0,"ix":1,"mn":"ADBE Vector Group","hd":false},{"ty":"gr","it":[{"ty":"fl","c":{"a":0,"k":[0.169,0.278,0.208,1],"ix":4,"x":"var $bm_rt;\n$bm_rt = comp('system-regular-1-share').layer('control').effect('primary')('Color');"},"o":{"a":0,"k":100,"ix":5},"r":1,"bm":0,"nm":".primary","mn":"ADBE Vector Graphic - Fill","hd":false,"cl":"primary"},{"ty":"tr","p":{"a":0,"k":[0,0],"ix":2},"a":{"a":0,"k":[0,0],"ix":1},"s":{"a":0,"k":[100,100],"ix":3},"r":{"a":0,"k":0,"ix":6},"o":{"a":0,"k":100,"ix":7},"sk":{"a":0,"k":0,"ix":4},"sa":{"a":0,"k":0,"ix":5},"nm":"Transform"}],"nm":"Group 2","np":1,"cix":2,"bm":0,"ix":2,"mn":"ADBE Vector Group","hd":false}],"ip":1,"op":60,"st":0,"ct":1,"bm":0},{"ddd":0,"ind":4,"ty":4,"nm":".primary.design","cl":"primary design","parent":3,"sr":1,"ks":{"o":{"a":0,"k":100,"ix":11},"r":{"a":1,"k":[{"i":{"x":[0.2],"y":[1]},"o":{"x":[0.167],"y":[0.167]},"t":7,"s":[-81]},{"t":37,"s":[53]}],"ix":10},"p":{"a":0,"k":[0,0,0],"ix":2,"l":2},"a":{"a":0,"k":[244,250,0],"ix":1,"l":2},"s":{"a":0,"k":[100,100,100],"ix":6,"l":2}},"ao":0,"shapes":[{"ty":"gr","it":[{"ind":0,"ty":"sh","ix":1,"ks":{"a":1,"k":[{"i":{"x":0.2,"y":1},"o":{"x":0.167,"y":0.167},"t":7,"s":[{"i":[[0,-0.102],[0.102,0],[0,0.102],[-0.102,0]],"o":[[0,0.102],[-0.102,0],[0,-0.102],[0.102,0]],"v":[[-8.634,4.233],[-8.819,4.418],[-9.005,4.233],[-8.819,4.048]],"c":true}]},{"t":37,"s":[{"i":[[0,-1.519],[1.519,0],[0,1.519],[-1.519,0]],"o":[[0,1.519],[-1.519,0],[0,-1.519],[1.519,0]],"v":[[2.75,0],[0,2.75],[-2.75,0],[0,-2.75]],"c":true}]}],"ix":2},"nm":"Path 1","mn":"ADBE Vector Shape - Group","hd":false},{"ty":"st","c":{"a":0,"k":[0.169,0.278,0.208,1],"ix":3,"x":"var $bm_rt;\n$bm_rt = comp('system-regular-1-share').layer('control').effect('primary')('Color');"},"o":{"a":0,"k":100,"ix":4},"w":{"a":0,"k":1.5,"ix":5},"lc":2,"lj":2,"bm":0,"nm":".primary","mn":"ADBE Vector Graphic - Stroke","hd":false,"cl":"primary"},{"ty":"tr","p":{"a":0,"k":[255,244.5],"ix":2},"a":{"a":0,"k":[0,0],"ix":1},"s":{"a":0,"k":[100,100],"ix":3},"r":{"a":0,"k":0,"ix":6},"o":{"a":0,"k":100,"ix":7},"sk":{"a":0,"k":0,"ix":4},"sa":{"a":0,"k":0,"ix":5},"nm":"Transform"}],"nm":"Group 1","np":2,"cix":2,"bm":0,"ix":1,"mn":"ADBE Vector Group","hd":false},{"ty":"gr","it":[{"ind":0,"ty":"sh","ix":1,"ks":{"a":1,"k":[{"i":{"x":0.833,"y":0.833},"o":{"x":0.167,"y":0.167},"t":7,"s":[{"i":[[0,0],[0,0]],"o":[[0,0],[0,0]],"v":[[-3.485,1.566],[-3.602,1.721]],"c":false}]},{"i":{"x":0.2,"y":1},"o":{"x":0.167,"y":0.167},"t":20,"s":[{"i":[[0,0],[0,0]],"o":[[0,0],[0,0]],"v":[[1.661,-0.868],[-2.986,1.474]],"c":false}]},{"t":37,"s":[{"i":[[0,0],[0,0]],"o":[[0,0],[0,0]],"v":[[3.04,-1.52],[-3.04,1.52]],"c":false}]}],"ix":2},"nm":"Path 1","mn":"ADBE Vector Shape - Group","hd":false},{"ty":"st","c":{"a":0,"k":[0.169,0.278,0.208,1],"ix":3,"x":"var $bm_rt;\n$bm_rt = comp('system-regular-1-share').layer('control').effect('primary')('Color');"},"o":{"a":0,"k":100,"ix":4},"w":{"a":0,"k":1.5,"ix":5},"lc":2,"lj":2,"bm":0,"nm":".primary","mn":"ADBE Vector Graphic - Stroke","hd":false,"cl":"primary"},{"ty":"tr","p":{"a":0,"k":[249.5,247.25],"ix":2},"a":{"a":0,"k":[0,0],"ix":1},"s":{"a":0,"k":[100,100],"ix":3},"r":{"a":0,"k":0,"ix":6},"o":{"a":0,"k":100,"ix":7},"sk":{"a":0,"k":0,"ix":4},"sa":{"a":0,"k":0,"ix":5},"nm":"Transform"}],"nm":"Group 2","np":2,"cix":2,"bm":0,"ix":2,"mn":"ADBE Vector Group","hd":false},{"ty":"gr","it":[{"ty":"fl","c":{"a":0,"k":[0.169,0.278,0.208,1],"ix":4,"x":"var $bm_rt;\n$bm_rt = comp('system-regular-1-share').layer('control').effect('primary')('Color');"},"o":{"a":0,"k":100,"ix":5},"r":1,"bm":0,"nm":".primary","mn":"ADBE Vector Graphic - Fill","hd":false,"cl":"primary"},{"ty":"tr","p":{"a":0,"k":[0,0],"ix":2},"a":{"a":0,"k":[0,0],"ix":1},"s":{"a":0,"k":[100,100],"ix":3},"r":{"a":0,"k":0,"ix":6},"o":{"a":0,"k":100,"ix":7},"sk":{"a":0,"k":0,"ix":4},"sa":{"a":0,"k":0,"ix":5},"nm":"Transform"}],"nm":"Group 3","np":1,"cix":2,"bm":0,"ix":3,"mn":"ADBE Vector Group","hd":false}],"ip":7,"op":60,"st":0,"ct":1,"bm":0},{"ddd":0,"ind":5,"ty":4,"nm":".primary.design","cl":"primary design","parent":3,"sr":1,"ks":{"o":{"a":0,"k":100,"ix":11},"r":{"a":1,"k":[{"i":{"x":[0.2],"y":[1]},"o":{"x":[0.167],"y":[0.167]},"t":15,"s":[-121]},{"t":45,"s":[0]}],"ix":10},"p":{"a":0,"k":[0,0,0],"ix":2,"l":2},"a":{"a":0,"k":[244,250,0],"ix":1,"l":2},"s":{"a":0,"k":[100,100,100],"ix":6,"l":2}},"ao":0,"shapes":[{"ty":"gr","it":[{"ind":0,"ty":"sh","ix":1,"ks":{"a":1,"k":[{"i":{"x":0.2,"y":1},"o":{"x":0.167,"y":0.167},"t":15,"s":[{"i":[[0,-0.102],[0.102,0],[0,0.102],[-0.102,0]],"o":[[0,0.102],[-0.102,0],[0,-0.102],[0.102,0]],"v":[[-8.063,4.345],[-8.248,4.53],[-8.433,4.345],[-8.248,4.16]],"c":true}]},{"t":45,"s":[{"i":[[0,-1.519],[1.519,0],[0,1.519],[-1.519,0]],"o":[[0,1.519],[-1.519,0],[0,-1.519],[1.519,0]],"v":[[2.75,0],[0,2.75],[-2.75,0],[0,-2.75]],"c":true}]}],"ix":2},"nm":"Path 1","mn":"ADBE Vector Shape - Group","hd":false},{"ty":"st","c":{"a":0,"k":[0.169,0.278,0.208,1],"ix":3,"x":"var $bm_rt;\n$bm_rt = comp('system-regular-1-share').layer('control').effect('primary')('Color');"},"o":{"a":0,"k":100,"ix":4},"w":{"a":0,"k":1.5,"ix":5},"lc":2,"lj":2,"bm":0,"nm":".primary","mn":"ADBE Vector Graphic - Stroke","hd":false,"cl":"primary"},{"ty":"tr","p":{"a":0,"k":[255,244.5],"ix":2},"a":{"a":0,"k":[0,0],"ix":1},"s":{"a":0,"k":[100,100],"ix":3},"r":{"a":0,"k":0,"ix":6},"o":{"a":0,"k":100,"ix":7},"sk":{"a":0,"k":0,"ix":4},"sa":{"a":0,"k":0,"ix":5},"nm":"Transform"}],"nm":"Group 1","np":2,"cix":2,"bm":0,"ix":1,"mn":"ADBE Vector Group","hd":false},{"ty":"gr","it":[{"ind":0,"ty":"sh","ix":1,"ks":{"a":1,"k":[{"i":{"x":0.833,"y":0.833},"o":{"x":0.167,"y":0.167},"t":15,"s":[{"i":[[0,0],[0,0]],"o":[[0,0],[0,0]],"v":[[-2.914,1.678],[-3.03,1.832]],"c":false}]},{"i":{"x":0.833,"y":0.833},"o":{"x":0.167,"y":0.167},"t":30,"s":[{"i":[[0,0],[0,0]],"o":[[0,0],[0,0]],"v":[[2.122,-1.027],[-2.94,1.5]],"c":false}]},{"i":{"x":0.2,"y":1},"o":{"x":0.167,"y":0.167},"t":35,"s":[{"i":[[0,0],[0,0]],"o":[[0,0],[0,0]],"v":[[2.66,-1.297],[-3.007,1.514]],"c":false}]},{"t":45,"s":[{"i":[[0,0],[0,0]],"o":[[0,0],[0,0]],"v":[[3.04,-1.52],[-3.04,1.52]],"c":false}]}],"ix":2},"nm":"Path 1","mn":"ADBE Vector Shape - Group","hd":false},{"ty":"st","c":{"a":0,"k":[0.169,0.278,0.208,1],"ix":3,"x":"var $bm_rt;\n$bm_rt = comp('system-regular-1-share').layer('control').effect('primary')('Color');"},"o":{"a":0,"k":100,"ix":4},"w":{"a":0,"k":1.5,"ix":5},"lc":2,"lj":2,"bm":0,"nm":".primary","mn":"ADBE Vector Graphic - Stroke","hd":false,"cl":"primary"},{"ty":"tr","p":{"a":0,"k":[249.5,247.25],"ix":2},"a":{"a":0,"k":[0,0],"ix":1},"s":{"a":0,"k":[100,100],"ix":3},"r":{"a":0,"k":0,"ix":6},"o":{"a":0,"k":100,"ix":7},"sk":{"a":0,"k":0,"ix":4},"sa":{"a":0,"k":0,"ix":5},"nm":"Transform"}],"nm":"Group 2","np":2,"cix":2,"bm":0,"ix":2,"mn":"ADBE Vector Group","hd":false},{"ty":"gr","it":[{"ty":"fl","c":{"a":0,"k":[0.169,0.278,0.208,1],"ix":4,"x":"var $bm_rt;\n$bm_rt = comp('system-regular-1-share').layer('control').effect('primary')('Color');"},"o":{"a":0,"k":100,"ix":5},"r":1,"bm":0,"nm":".primary","mn":"ADBE Vector Graphic - Fill","hd":false,"cl":"primary"},{"ty":"tr","p":{"a":0,"k":[0,0],"ix":2},"a":{"a":0,"k":[0,0],"ix":1},"s":{"a":0,"k":[100,100],"ix":3},"r":{"a":0,"k":0,"ix":6},"o":{"a":0,"k":100,"ix":7},"sk":{"a":0,"k":0,"ix":4},"sa":{"a":0,"k":0,"ix":5},"nm":"Transform"}],"nm":"Group 3","np":1,"cix":2,"bm":0,"ix":3,"mn":"ADBE Vector Group","hd":false}],"ip":15,"op":60,"st":0,"ct":1,"bm":0}]},{"id":"comp_1","nm":"hover-share","fr":60,"layers":[{"ddd":0,"ind":1,"ty":4,"nm":".primary.design","cl":"primary design","sr":1,"ks":{"o":{"a":0,"k":100,"ix":11},"r":{"a":0,"k":0,"ix":10},"p":{"a":0,"k":[250,250,0],"ix":2,"l":2},"a":{"a":0,"k":[0,0,0],"ix":1,"l":2},"s":{"a":0,"k":[2083,2083,100],"ix":6,"l":2}},"ao":0,"shapes":[{"ty":"gr","it":[{"ind":0,"ty":"sh","ix":1,"ks":{"a":0,"k":{"i":[[1.103,0],[0,1.103],[-1.103,0],[0,-1.103]],"o":[[-1.103,0],[0,-1.103],[1.103,0],[0,1.103]],"v":[[5,7.5],[3,5.5],[5,3.5],[7,5.5]],"c":true},"ix":2},"nm":"Path 1","mn":"ADBE Vector Shape - Group","hd":false},{"ind":1,"ty":"sh","ix":2,"ks":{"a":0,"k":{"i":[[1.103,0],[0,1.103],[-1.103,0],[0,-1.103]],"o":[[-1.103,0],[0,-1.103],[1.103,0],[0,1.103]],"v":[[-6,2],[-8,0],[-6,-2],[-4,0]],"c":true},"ix":2},"nm":"Path 2","mn":"ADBE Vector Shape - Group","hd":false},{"ind":2,"ty":"sh","ix":3,"ks":{"a":0,"k":{"i":[[-1.103,0],[0,-1.103],[1.103,0],[0,1.103]],"o":[[1.103,0],[0,1.103],[-1.103,0],[0,-1.103]],"v":[[5,-7.5],[7,-5.5],[5,-3.5],[3,-5.5]],"c":true},"ix":2},"nm":"Path 3","mn":"ADBE Vector Shape - Group","hd":false},{"ind":3,"ty":"sh","ix":4,"ks":{"a":0,"k":{"i":[[1.93,0],[0.642,-0.791],[0,0],[0,0.296],[0.069,0.274],[0,0],[-1.096,0],[0,1.93],[1.93,0],[0,-1.93],[-0.069,-0.275],[0,0],[1.096,0],[0,-1.93],[-1.93,0],[-0.642,0.791],[0,0],[0,-0.296],[-1.93,0],[0,1.93]],"o":[[-1.096,0],[0,0],[0.069,-0.275],[0,-0.296],[0,0],[0.642,0.791],[1.93,0],[0,-1.93],[-1.93,0],[0,0.296],[0,0],[-0.642,-0.791],[-1.93,0],[0,1.93],[1.096,0],[0,0],[-0.069,0.275],[0,1.93],[1.93,0],[0,-1.93]],"v":[[5,2],[2.294,3.308],[-2.617,0.853],[-2.5,0],[-2.617,-0.853],[2.293,-3.308],[5,-2],[8.5,-5.5],[5,-9],[1.5,-5.5],[1.617,-4.647],[-3.294,-2.192],[-6,-3.5],[-9.5,0],[-6,3.5],[-3.294,2.192],[1.617,4.647],[1.5,5.5],[5,9],[8.5,5.5]],"c":true},"ix":2},"nm":"Path 4","mn":"ADBE Vector Shape - Group","hd":false},{"ty":"fl","c":{"a":0,"k":[0.169,0.278,0.208,1],"ix":4,"x":"var $bm_rt;\n$bm_rt = comp('system-regular-1-share').layer('control').effect('primary')('Color');"},"o":{"a":0,"k":100,"ix":5},"r":1,"bm":0,"nm":".primary","mn":"ADBE Vector Graphic - Fill","hd":false,"cl":"primary"},{"ty":"tr","p":{"a":0,"k":[0,0],"ix":2},"a":{"a":0,"k":[0,0],"ix":1},"s":{"a":0,"k":[100,100],"ix":3},"r":{"a":0,"k":0,"ix":6},"o":{"a":0,"k":100,"ix":7},"sk":{"a":0,"k":0,"ix":4},"sa":{"a":0,"k":0,"ix":5},"nm":"Transform"}],"nm":"Group 1","np":5,"cix":2,"bm":0,"ix":1,"mn":"ADBE Vector Group","hd":false}],"ip":60,"op":130,"st":0,"ct":1,"bm":0},{"ddd":0,"ind":2,"ty":4,"nm":".primary.design","cl":"primary design","sr":1,"ks":{"o":{"a":0,"k":100,"ix":11},"r":{"a":0,"k":0,"ix":10},"p":{"a":0,"k":[250,250,0],"ix":2,"l":2},"a":{"a":0,"k":[0,0,0],"ix":1,"l":2},"s":{"a":0,"k":[2083,2083,100],"ix":6,"l":2}},"ao":0,"shapes":[{"ty":"gr","it":[{"ind":0,"ty":"sh","ix":1,"ks":{"a":0,"k":{"i":[[1.103,0],[0,1.103],[-1.103,0],[0,-1.103]],"o":[[-1.103,0],[0,-1.103],[1.103,0],[0,1.103]],"v":[[5,7.5],[3,5.5],[5,3.5],[7,5.5]],"c":true},"ix":2},"nm":"Path 1","mn":"ADBE Vector Shape - Group","hd":false},{"ind":1,"ty":"sh","ix":2,"ks":{"a":0,"k":{"i":[[1.103,0],[0,1.103],[-1.103,0],[0,-1.103]],"o":[[-1.103,0],[0,-1.103],[1.103,0],[0,1.103]],"v":[[-6,2],[-8,0],[-6,-2],[-4,0]],"c":true},"ix":2},"nm":"Path 2","mn":"ADBE Vector Shape - Group","hd":false},{"ind":2,"ty":"sh","ix":3,"ks":{"a":0,"k":{"i":[[-1.103,0],[0,-1.103],[1.103,0],[0,1.103]],"o":[[1.103,0],[0,1.103],[-1.103,0],[0,-1.103]],"v":[[5,-7.5],[7,-5.5],[5,-3.5],[3,-5.5]],"c":true},"ix":2},"nm":"Path 3","mn":"ADBE Vector Shape - Group","hd":false},{"ind":3,"ty":"sh","ix":4,"ks":{"a":0,"k":{"i":[[1.93,0],[0.642,-0.791],[0,0],[0,0.296],[0.069,0.274],[0,0],[-1.096,0],[0,1.93],[1.93,0],[0,-1.93],[-0.069,-0.275],[0,0],[1.096,0],[0,-1.93],[-1.93,0],[-0.642,0.791],[0,0],[0,-0.296],[-1.93,0],[0,1.93]],"o":[[-1.096,0],[0,0],[0.069,-0.275],[0,-0.296],[0,0],[0.642,0.791],[1.93,0],[0,-1.93],[-1.93,0],[0,0.296],[0,0],[-0.642,-0.791],[-1.93,0],[0,1.93],[1.096,0],[0,0],[-0.069,0.275],[0,1.93],[1.93,0],[0,-1.93]],"v":[[5,2],[2.294,3.308],[-2.617,0.853],[-2.5,0],[-2.617,-0.853],[2.293,-3.308],[5,-2],[8.5,-5.5],[5,-9],[1.5,-5.5],[1.617,-4.647],[-3.294,-2.192],[-6,-3.5],[-9.5,0],[-6,3.5],[-3.294,2.192],[1.617,4.647],[1.5,5.5],[5,9],[8.5,5.5]],"c":true},"ix":2},"nm":"Path 4","mn":"ADBE Vector Shape - Group","hd":false},{"ty":"fl","c":{"a":0,"k":[0.169,0.278,0.208,1],"ix":4,"x":"var $bm_rt;\n$bm_rt = comp('system-regular-1-share').layer('control').effect('primary')('Color');"},"o":{"a":0,"k":100,"ix":5},"r":1,"bm":0,"nm":".primary","mn":"ADBE Vector Graphic - Fill","hd":false,"cl":"primary"},{"ty":"tr","p":{"a":0,"k":[0,0],"ix":2},"a":{"a":0,"k":[0,0],"ix":1},"s":{"a":0,"k":[100,100],"ix":3},"r":{"a":0,"k":0,"ix":6},"o":{"a":0,"k":100,"ix":7},"sk":{"a":0,"k":0,"ix":4},"sa":{"a":0,"k":0,"ix":5},"nm":"Transform"}],"nm":"Group 1","np":5,"cix":2,"bm":0,"ix":1,"mn":"ADBE Vector Group","hd":false}],"ip":-15,"op":1,"st":-75,"ct":1,"bm":0},{"ddd":0,"ind":3,"ty":4,"nm":".primary.design","cl":"primary design","sr":1,"ks":{"o":{"a":0,"k":100,"ix":11},"r":{"a":1,"k":[{"i":{"x":[0.2],"y":[1]},"o":{"x":[0.167],"y":[0]},"t":-76,"s":[0]},{"t":-46,"s":[0]}],"ix":10},"p":{"a":1,"k":[{"i":{"x":0.2,"y":1},"o":{"x":0.167,"y":0.167},"t":-76,"s":[125.015,439,0],"to":[0,-31.5,0],"ti":[0,31.5,0]},{"t":-46,"s":[125.015,250,0]}],"ix":2,"l":2},"a":{"a":0,"k":[0,0,0],"ix":1,"l":2},"s":{"a":0,"k":[2083,2083,100],"ix":6,"l":2}},"ao":0,"shapes":[{"ty":"gr","it":[{"ind":0,"ty":"sh","ix":1,"ks":{"a":1,"k":[{"i":{"x":0.2,"y":1},"o":{"x":0.167,"y":0.167},"t":-76,"s":[{"i":[[0,-0.403],[0.403,0],[0,0.403],[-0.403,0]],"o":[[0,0.403],[-0.403,0],[0,-0.403],[0.403,0]],"v":[[0.729,0],[0,0.729],[-0.729,0],[0,-0.729]],"c":true}]},{"t":-46,"s":[{"i":[[0,-1.519],[1.519,0],[0,1.519],[-1.519,0]],"o":[[0,1.519],[-1.519,0],[0,-1.519],[1.519,0]],"v":[[2.75,0],[0,2.75],[-2.75,0],[0,-2.75]],"c":true}]}],"ix":2},"nm":"Path 1","mn":"ADBE Vector Shape - Group","hd":false},{"ty":"st","c":{"a":0,"k":[0.169,0.278,0.208,1],"ix":3,"x":"var $bm_rt;\n$bm_rt = comp('system-regular-1-share').layer('control').effect('primary')('Color');"},"o":{"a":0,"k":100,"ix":4},"w":{"a":0,"k":1.5,"ix":5},"lc":2,"lj":2,"bm":0,"nm":".primary","mn":"ADBE Vector Graphic - Stroke","hd":false,"cl":"primary"},{"ty":"tr","p":{"a":0,"k":[0,0],"ix":2},"a":{"a":0,"k":[0,0],"ix":1},"s":{"a":0,"k":[100,100],"ix":3},"r":{"a":0,"k":0,"ix":6},"o":{"a":0,"k":100,"ix":7},"sk":{"a":0,"k":0,"ix":4},"sa":{"a":0,"k":0,"ix":5},"nm":"Transform"}],"nm":"Group 1","np":2,"cix":2,"bm":0,"ix":1,"mn":"ADBE Vector Group","hd":false}],"ip":1,"op":60,"st":-76,"ct":1,"bm":0},{"ddd":0,"ind":4,"ty":4,"nm":".primary.design","cl":"primary design","parent":3,"sr":1,"ks":{"o":{"a":0,"k":100,"ix":11},"r":{"a":0,"k":53,"ix":10},"p":{"a":0,"k":[0,0,0],"ix":2,"l":2},"a":{"a":0,"k":[244,250,0],"ix":1,"l":2},"s":{"a":0,"k":[100,100,100],"ix":6,"l":2}},"ao":0,"shapes":[{"ty":"gr","it":[{"ind":0,"ty":"sh","ix":1,"ks":{"a":1,"k":[{"i":{"x":0.2,"y":1},"o":{"x":0.167,"y":0.167},"t":16,"s":[{"i":[[0,-0.102],[0.102,0],[0,0.102],[-0.102,0]],"o":[[0,0.102],[-0.102,0],[0,-0.102],[0.102,0]],"v":[[-8.033,3.875],[-8.219,4.06],[-8.404,3.875],[-8.219,3.689]],"c":true}]},{"t":53,"s":[{"i":[[0,-1.519],[1.519,0],[0,1.519],[-1.519,0]],"o":[[0,1.519],[-1.519,0],[0,-1.519],[1.519,0]],"v":[[2.75,0],[0,2.75],[-2.75,0],[0,-2.75]],"c":true}]}],"ix":2},"nm":"Path 1","mn":"ADBE Vector Shape - Group","hd":false},{"ty":"st","c":{"a":0,"k":[0.169,0.278,0.208,1],"ix":3,"x":"var $bm_rt;\n$bm_rt = comp('system-regular-1-share').layer('control').effect('primary')('Color');"},"o":{"a":0,"k":100,"ix":4},"w":{"a":0,"k":1.5,"ix":5},"lc":2,"lj":2,"bm":0,"nm":".primary","mn":"ADBE Vector Graphic - Stroke","hd":false,"cl":"primary"},{"ty":"tr","p":{"a":0,"k":[255,244.5],"ix":2},"a":{"a":0,"k":[0,0],"ix":1},"s":{"a":0,"k":[100,100],"ix":3},"r":{"a":0,"k":0,"ix":6},"o":{"a":0,"k":100,"ix":7},"sk":{"a":0,"k":0,"ix":4},"sa":{"a":0,"k":0,"ix":5},"nm":"Transform"}],"nm":"Group 1","np":2,"cix":2,"bm":0,"ix":1,"mn":"ADBE Vector Group","hd":false},{"ty":"gr","it":[{"ind":0,"ty":"sh","ix":1,"ks":{"a":1,"k":[{"i":{"x":0.2,"y":1},"o":{"x":0.167,"y":0.167},"t":16,"s":[{"i":[[0,0],[0,0]],"o":[[0,0],[0,0]],"v":[[-2.884,1.207],[-3.001,1.362]],"c":false}]},{"t":53,"s":[{"i":[[0,0],[0,0]],"o":[[0,0],[0,0]],"v":[[3.04,-1.52],[-3.04,1.52]],"c":false}]}],"ix":2},"nm":"Path 1","mn":"ADBE Vector Shape - Group","hd":false},{"ty":"st","c":{"a":0,"k":[0.169,0.278,0.208,1],"ix":3,"x":"var $bm_rt;\n$bm_rt = comp('system-regular-1-share').layer('control').effect('primary')('Color');"},"o":{"a":0,"k":100,"ix":4},"w":{"a":0,"k":1.5,"ix":5},"lc":2,"lj":2,"bm":0,"nm":".primary","mn":"ADBE Vector Graphic - Stroke","hd":false,"cl":"primary"},{"ty":"tr","p":{"a":0,"k":[249.5,247.25],"ix":2},"a":{"a":0,"k":[0,0],"ix":1},"s":{"a":0,"k":[100,100],"ix":3},"r":{"a":0,"k":0,"ix":6},"o":{"a":0,"k":100,"ix":7},"sk":{"a":0,"k":0,"ix":4},"sa":{"a":0,"k":0,"ix":5},"nm":"Transform"}],"nm":"Group 2","np":2,"cix":2,"bm":0,"ix":2,"mn":"ADBE Vector Group","hd":false}],"ip":17,"op":60,"st":-76,"ct":1,"bm":0},{"ddd":0,"ind":5,"ty":4,"nm":".primary.design","cl":"primary design","parent":3,"sr":1,"ks":{"o":{"a":0,"k":100,"ix":11},"r":{"a":0,"k":53,"ix":10},"p":{"a":1,"k":[{"i":{"x":0.2,"y":1},"o":{"x":0.167,"y":0.167},"t":1,"s":[0,0,0],"to":[0.356,0.192,0],"ti":[-0.356,-0.192,0]},{"t":28,"s":[2.136,1.152,0]}],"ix":2,"l":2},"a":{"a":0,"k":[244,250,0],"ix":1,"l":2},"s":{"a":0,"k":[100,100,100],"ix":6,"l":2}},"ao":0,"shapes":[{"ty":"gr","it":[{"ind":0,"ty":"sh","ix":1,"ks":{"a":1,"k":[{"i":{"x":0.833,"y":0.833},"o":{"x":0.8,"y":0},"t":13,"s":[{"i":[[0,-1.519],[1.519,0],[0,1.519],[-1.519,0]],"o":[[0,1.519],[-1.519,0],[0,-1.519],[1.519,0]],"v":[[2.75,0],[0,2.75],[-2.75,0],[0,-2.75]],"c":true}]},{"t":27,"s":[{"i":[[0,-0.087],[0.087,0],[0,0.087],[-0.087,0]],"o":[[0,0.087],[-0.087,0],[0,-0.087],[0.087,0]],"v":[[0.158,0],[0,0.158],[-0.158,0],[0,-0.158]],"c":true}]}],"ix":2},"nm":"Path 1","mn":"ADBE Vector Shape - Group","hd":false},{"ty":"st","c":{"a":0,"k":[0.169,0.278,0.208,1],"ix":3,"x":"var $bm_rt;\n$bm_rt = comp('system-regular-1-share').layer('control').effect('primary')('Color');"},"o":{"a":0,"k":100,"ix":4},"w":{"a":0,"k":1.5,"ix":5},"lc":2,"lj":2,"bm":0,"nm":".primary","mn":"ADBE Vector Graphic - Stroke","hd":false,"cl":"primary"},{"ty":"tr","p":{"a":0,"k":[255,244.5],"ix":2},"a":{"a":0,"k":[0,0],"ix":1},"s":{"a":0,"k":[100,100],"ix":3},"r":{"a":0,"k":0,"ix":6},"o":{"a":0,"k":100,"ix":7},"sk":{"a":0,"k":0,"ix":4},"sa":{"a":0,"k":0,"ix":5},"nm":"Transform"}],"nm":"Group 1","np":2,"cix":2,"bm":0,"ix":1,"mn":"ADBE Vector Group","hd":false},{"ty":"gr","it":[{"ind":0,"ty":"sh","ix":1,"ks":{"a":1,"k":[{"i":{"x":0.2,"y":1},"o":{"x":0.167,"y":0.167},"t":1,"s":[{"i":[[0,0],[0,0]],"o":[[0,0],[0,0]],"v":[[3.04,-1.52],[-3.04,1.52]],"c":false}]},{"i":{"x":0.833,"y":0.833},"o":{"x":0.8,"y":0},"t":13,"s":[{"i":[[0,0],[0,0]],"o":[[0,0],[0,0]],"v":[[3.04,-1.52],[3.001,-1.472]],"c":false}]},{"t":27,"s":[{"i":[[0,0],[0,0]],"o":[[0,0],[0,0]],"v":[[5.359,-2.68],[5.356,-2.677]],"c":false}]}],"ix":2},"nm":"Path 1","mn":"ADBE Vector Shape - Group","hd":false},{"ty":"st","c":{"a":0,"k":[0.169,0.278,0.208,1],"ix":3,"x":"var $bm_rt;\n$bm_rt = comp('system-regular-1-share').layer('control').effect('primary')('Color');"},"o":{"a":0,"k":100,"ix":4},"w":{"a":0,"k":1.5,"ix":5},"lc":2,"lj":2,"bm":0,"nm":".primary","mn":"ADBE Vector Graphic - Stroke","hd":false,"cl":"primary"},{"ty":"tr","p":{"a":0,"k":[249.5,247.25],"ix":2},"a":{"a":0,"k":[0,0],"ix":1},"s":{"a":0,"k":[100,100],"ix":3},"r":{"a":0,"k":0,"ix":6},"o":{"a":0,"k":100,"ix":7},"sk":{"a":0,"k":0,"ix":4},"sa":{"a":0,"k":0,"ix":5},"nm":"Transform"}],"nm":"Group 2","np":2,"cix":2,"bm":0,"ix":2,"mn":"ADBE Vector Group","hd":false}],"ip":1,"op":27,"st":-76,"ct":1,"bm":0},{"ddd":0,"ind":6,"ty":4,"nm":".primary.design","cl":"primary design","parent":3,"sr":1,"ks":{"o":{"a":0,"k":100,"ix":11},"r":{"a":0,"k":0,"ix":10},"p":{"a":0,"k":[0,0,0],"ix":2,"l":2},"a":{"a":0,"k":[244,250,0],"ix":1,"l":2},"s":{"a":0,"k":[100,100,100],"ix":6,"l":2}},"ao":0,"shapes":[{"ty":"gr","it":[{"ind":0,"ty":"sh","ix":1,"ks":{"a":1,"k":[{"i":{"x":0.2,"y":1},"o":{"x":0.167,"y":0.167},"t":23,"s":[{"i":[[0,-0.102],[0.102,0],[0,0.102],[-0.102,0]],"o":[[0,0.102],[-0.102,0],[0,-0.102],[0.102,0]],"v":[[-7.919,4.057],[-8.104,4.242],[-8.289,4.057],[-8.104,3.872]],"c":true}]},{"t":59,"s":[{"i":[[0,-1.519],[1.519,0],[0,1.519],[-1.519,0]],"o":[[0,1.519],[-1.519,0],[0,-1.519],[1.519,0]],"v":[[2.75,0],[0,2.75],[-2.75,0],[0,-2.75]],"c":true}]}],"ix":2},"nm":"Path 1","mn":"ADBE Vector Shape - Group","hd":false},{"ty":"st","c":{"a":0,"k":[0.169,0.278,0.208,1],"ix":3,"x":"var $bm_rt;\n$bm_rt = comp('system-regular-1-share').layer('control').effect('primary')('Color');"},"o":{"a":0,"k":100,"ix":4},"w":{"a":0,"k":1.5,"ix":5},"lc":2,"lj":2,"bm":0,"nm":".primary","mn":"ADBE Vector Graphic - Stroke","hd":false,"cl":"primary"},{"ty":"tr","p":{"a":0,"k":[255,244.5],"ix":2},"a":{"a":0,"k":[0,0],"ix":1},"s":{"a":0,"k":[100,100],"ix":3},"r":{"a":0,"k":0,"ix":6},"o":{"a":0,"k":100,"ix":7},"sk":{"a":0,"k":0,"ix":4},"sa":{"a":0,"k":0,"ix":5},"nm":"Transform"}],"nm":"Group 1","np":2,"cix":2,"bm":0,"ix":1,"mn":"ADBE Vector Group","hd":false},{"ty":"gr","it":[{"ind":0,"ty":"sh","ix":1,"ks":{"a":1,"k":[{"i":{"x":0.2,"y":1},"o":{"x":0.167,"y":0.167},"t":23,"s":[{"i":[[0,0],[0,0]],"o":[[0,0],[0,0]],"v":[[-2.77,1.39],[-2.886,1.544]],"c":false}]},{"t":59,"s":[{"i":[[0,0],[0,0]],"o":[[0,0],[0,0]],"v":[[3.04,-1.52],[-3.04,1.52]],"c":false}]}],"ix":2},"nm":"Path 1","mn":"ADBE Vector Shape - Group","hd":false},{"ty":"st","c":{"a":0,"k":[0.169,0.278,0.208,1],"ix":3,"x":"var $bm_rt;\n$bm_rt = comp('system-regular-1-share').layer('control').effect('primary')('Color');"},"o":{"a":0,"k":100,"ix":4},"w":{"a":0,"k":1.5,"ix":5},"lc":2,"lj":2,"bm":0,"nm":".primary","mn":"ADBE Vector Graphic - Stroke","hd":false,"cl":"primary"},{"ty":"tr","p":{"a":0,"k":[249.5,247.25],"ix":2},"a":{"a":0,"k":[0,0],"ix":1},"s":{"a":0,"k":[100,100],"ix":3},"r":{"a":0,"k":0,"ix":6},"o":{"a":0,"k":100,"ix":7},"sk":{"a":0,"k":0,"ix":4},"sa":{"a":0,"k":0,"ix":5},"nm":"Transform"}],"nm":"Group 2","np":2,"cix":2,"bm":0,"ix":2,"mn":"ADBE Vector Group","hd":false}],"ip":24,"op":60,"st":-76,"ct":1,"bm":0},{"ddd":0,"ind":7,"ty":4,"nm":".primary.design","cl":"primary design","parent":3,"sr":1,"ks":{"o":{"a":0,"k":100,"ix":11},"r":{"a":0,"k":0,"ix":10},"p":{"a":1,"k":[{"i":{"x":0.2,"y":1},"o":{"x":0.167,"y":0.167},"t":1,"s":[0,0,0],"to":[0.356,-0.176,0],"ti":[-0.356,0.176,0]},{"t":35,"s":[2.136,-1.056,0]}],"ix":2,"l":2},"a":{"a":0,"k":[244,250,0],"ix":1,"l":2},"s":{"a":0,"k":[100,100,100],"ix":6,"l":2}},"ao":0,"shapes":[{"ty":"gr","it":[{"ind":0,"ty":"sh","ix":1,"ks":{"a":1,"k":[{"i":{"x":0.833,"y":0.833},"o":{"x":0.8,"y":0},"t":18,"s":[{"i":[[0,-1.519],[1.519,0],[0,1.519],[-1.519,0]],"o":[[0,1.519],[-1.519,0],[0,-1.519],[1.519,0]],"v":[[2.75,0],[0,2.75],[-2.75,0],[0,-2.75]],"c":true}]},{"t":34,"s":[{"i":[[0,-0.087],[0.087,0],[0,0.087],[-0.087,0]],"o":[[0,0.087],[-0.087,0],[0,-0.087],[0.087,0]],"v":[[0.158,0],[0,0.158],[-0.158,0],[0,-0.158]],"c":true}]}],"ix":2},"nm":"Path 1","mn":"ADBE Vector Shape - Group","hd":false},{"ty":"st","c":{"a":0,"k":[0.169,0.278,0.208,1],"ix":3,"x":"var $bm_rt;\n$bm_rt = comp('system-regular-1-share').layer('control').effect('primary')('Color');"},"o":{"a":0,"k":100,"ix":4},"w":{"a":0,"k":1.5,"ix":5},"lc":2,"lj":2,"bm":0,"nm":".primary","mn":"ADBE Vector Graphic - Stroke","hd":false,"cl":"primary"},{"ty":"tr","p":{"a":0,"k":[255,244.5],"ix":2},"a":{"a":0,"k":[0,0],"ix":1},"s":{"a":0,"k":[100,100],"ix":3},"r":{"a":0,"k":0,"ix":6},"o":{"a":0,"k":100,"ix":7},"sk":{"a":0,"k":0,"ix":4},"sa":{"a":0,"k":0,"ix":5},"nm":"Transform"}],"nm":"Group 1","np":2,"cix":2,"bm":0,"ix":1,"mn":"ADBE Vector Group","hd":false},{"ty":"gr","it":[{"ind":0,"ty":"sh","ix":1,"ks":{"a":1,"k":[{"i":{"x":0.2,"y":1},"o":{"x":0.167,"y":0.167},"t":1,"s":[{"i":[[0,0],[0,0]],"o":[[0,0],[0,0]],"v":[[3.04,-1.52],[-3.04,1.52]],"c":false}]},{"i":{"x":0.833,"y":0.833},"o":{"x":0.8,"y":0},"t":18,"s":[{"i":[[0,0],[0,0]],"o":[[0,0],[0,0]],"v":[[3.04,-1.52],[3.001,-1.472]],"c":false}]},{"t":34,"s":[{"i":[[0,0],[0,0]],"o":[[0,0],[0,0]],"v":[[5.359,-2.68],[5.356,-2.677]],"c":false}]}],"ix":2},"nm":"Path 1","mn":"ADBE Vector Shape - Group","hd":false},{"ty":"st","c":{"a":0,"k":[0.169,0.278,0.208,1],"ix":3,"x":"var $bm_rt;\n$bm_rt = comp('system-regular-1-share').layer('control').effect('primary')('Color');"},"o":{"a":0,"k":100,"ix":4},"w":{"a":0,"k":1.5,"ix":5},"lc":2,"lj":2,"bm":0,"nm":".primary","mn":"ADBE Vector Graphic - Stroke","hd":false,"cl":"primary"},{"ty":"tr","p":{"a":0,"k":[249.5,247.25],"ix":2},"a":{"a":0,"k":[0,0],"ix":1},"s":{"a":0,"k":[100,100],"ix":3},"r":{"a":0,"k":0,"ix":6},"o":{"a":0,"k":100,"ix":7},"sk":{"a":0,"k":0,"ix":4},"sa":{"a":0,"k":0,"ix":5},"nm":"Transform"}],"nm":"Group 2","np":2,"cix":2,"bm":0,"ix":2,"mn":"ADBE Vector Group","hd":false}],"ip":1,"op":35,"st":-76,"ct":1,"bm":0}]},{"id":"comp_2","nm":"morph-share","fr":60,"layers":[{"ddd":0,"ind":1,"ty":4,"nm":".primary.design","cl":"primary design","sr":1,"ks":{"o":{"a":0,"k":100,"ix":11},"r":{"a":0,"k":0,"ix":10},"p":{"a":0,"k":[250,250,0],"ix":2,"l":2},"a":{"a":0,"k":[0,0,0],"ix":1,"l":2},"s":{"a":0,"k":[2083,2083,100],"ix":6,"l":2}},"ao":0,"shapes":[{"ty":"gr","it":[{"ind":0,"ty":"sh","ix":1,"ks":{"a":0,"k":{"i":[[1.103,0],[0,1.103],[-1.103,0],[0,-1.103]],"o":[[-1.103,0],[0,-1.103],[1.103,0],[0,1.103]],"v":[[5,7.5],[3,5.5],[5,3.5],[7,5.5]],"c":true},"ix":2},"nm":"Path 1","mn":"ADBE Vector Shape - Group","hd":false},{"ind":1,"ty":"sh","ix":2,"ks":{"a":0,"k":{"i":[[1.103,0],[0,1.103],[-1.103,0],[0,-1.103]],"o":[[-1.103,0],[0,-1.103],[1.103,0],[0,1.103]],"v":[[-6,2],[-8,0],[-6,-2],[-4,0]],"c":true},"ix":2},"nm":"Path 2","mn":"ADBE Vector Shape - Group","hd":false},{"ind":2,"ty":"sh","ix":3,"ks":{"a":0,"k":{"i":[[-1.103,0],[0,-1.103],[1.103,0],[0,1.103]],"o":[[1.103,0],[0,1.103],[-1.103,0],[0,-1.103]],"v":[[5,-7.5],[7,-5.5],[5,-3.5],[3,-5.5]],"c":true},"ix":2},"nm":"Path 3","mn":"ADBE Vector Shape - Group","hd":false},{"ind":3,"ty":"sh","ix":4,"ks":{"a":0,"k":{"i":[[1.93,0],[0.642,-0.791],[0,0],[0,0.296],[0.069,0.274],[0,0],[-1.096,0],[0,1.93],[1.93,0],[0,-1.93],[-0.069,-0.275],[0,0],[1.096,0],[0,-1.93],[-1.93,0],[-0.642,0.791],[0,0],[0,-0.296],[-1.93,0],[0,1.93]],"o":[[-1.096,0],[0,0],[0.069,-0.275],[0,-0.296],[0,0],[0.642,0.791],[1.93,0],[0,-1.93],[-1.93,0],[0,0.296],[0,0],[-0.642,-0.791],[-1.93,0],[0,1.93],[1.096,0],[0,0],[-0.069,0.275],[0,1.93],[1.93,0],[0,-1.93]],"v":[[5,2],[2.294,3.308],[-2.617,0.853],[-2.5,0],[-2.617,-0.853],[2.293,-3.308],[5,-2],[8.5,-5.5],[5,-9],[1.5,-5.5],[1.617,-4.647],[-3.294,-2.192],[-6,-3.5],[-9.5,0],[-6,3.5],[-3.294,2.192],[1.617,4.647],[1.5,5.5],[5,9],[8.5,5.5]],"c":true},"ix":2},"nm":"Path 4","mn":"ADBE Vector Shape - Group","hd":false},{"ty":"fl","c":{"a":0,"k":[0.169,0.278,0.208,1],"ix":4,"x":"var $bm_rt;\n$bm_rt = comp('system-regular-1-share').layer('control').effect('primary')('Color');"},"o":{"a":0,"k":100,"ix":5},"r":1,"bm":0,"nm":".primary","mn":"ADBE Vector Graphic - Fill","hd":false,"cl":"primary"},{"ty":"tr","p":{"a":0,"k":[0,0],"ix":2},"a":{"a":0,"k":[0,0],"ix":1},"s":{"a":0,"k":[100,100],"ix":3},"r":{"a":0,"k":0,"ix":6},"o":{"a":0,"k":100,"ix":7},"sk":{"a":0,"k":0,"ix":4},"sa":{"a":0,"k":0,"ix":5},"nm":"Transform"}],"nm":"Group 1","np":5,"cix":2,"bm":0,"ix":1,"mn":"ADBE Vector Group","hd":false}],"ip":-15,"op":1,"st":-75,"ct":1,"bm":0},{"ddd":0,"ind":2,"ty":4,"nm":".primary.design","cl":"primary design","sr":1,"ks":{"o":{"a":0,"k":100,"ix":11},"r":{"a":0,"k":0,"ix":10},"p":{"a":0,"k":[250,250,0],"ix":2,"l":2},"a":{"a":0,"k":[0,0,0],"ix":1,"l":2},"s":{"a":0,"k":[100,100,100],"ix":6,"l":2}},"ao":0,"shapes":[{"ty":"gr","it":[{"ind":0,"ty":"sh","ix":1,"ks":{"a":0,"k":{"i":[[95.656,0],[1.454,-0.035],[32.624,-34.24],[-1.143,-47.28],[-95.657,0],[-1.454,0.035],[2.349,97.592],[0,0]],"o":[[-1.446,0],[-47.28,1.143],[-32.624,34.24],[2.324,96.147],[1.446,0],[97.595,-2.359],[0,0],[-2.324,-96.148]],"v":[[0.061,-177.058],[-4.278,-177.005],[-128.187,-122.137],[-177.005,4.278],[-0.06,177.059],[4.278,177.006],[177.006,-4.278],[177.006,-4.278]],"c":true},"ix":2},"nm":"Path 1","mn":"ADBE Vector Shape - Group","hd":false},{"ind":1,"ty":"sh","ix":2,"ks":{"a":0,"k":{"i":[[1.694,0],[2.734,113.151],[-38.391,40.293],[-55.638,1.345],[-2.776,-114.854],[0,0],[114.855,-2.776]],"o":[[-112.576,0],[-1.345,-55.638],[38.391,-40.293],[114.876,-2.771],[0,0],[2.775,114.854],[-1.703,0.041]],"v":[[-0.07,208.358],[-208.296,5.034],[-150.848,-143.728],[-5.034,-208.296],[208.297,-5.035],[208.297,-5.034],[5.034,208.297]],"c":true},"ix":2},"nm":"Path 2","mn":"ADBE Vector Shape - Group","hd":false},{"ty":"fl","c":{"a":0,"k":[0.169,0.278,0.208,1],"ix":4,"x":"var $bm_rt;\n$bm_rt = comp('system-regular-1-share').layer('control').effect('primary')('Color');"},"o":{"a":0,"k":100,"ix":5},"r":1,"bm":0,"nm":".primary","mn":"ADBE Vector Graphic - Fill","hd":false,"cl":"primary"},{"ty":"tr","p":{"a":0,"k":[0,0],"ix":2},"a":{"a":0,"k":[0,0],"ix":1},"s":{"a":0,"k":[100,100],"ix":3},"r":{"a":0,"k":0,"ix":6},"o":{"a":0,"k":100,"ix":7},"sk":{"a":0,"k":0,"ix":4},"sa":{"a":0,"k":0,"ix":5},"nm":"Transform"}],"nm":"Group 1","np":3,"cix":2,"bm":0,"ix":1,"mn":"ADBE Vector Group","hd":false}],"ip":61,"op":137,"st":-163,"ct":1,"bm":0},{"ddd":0,"ind":3,"ty":4,"nm":".primary.design","cl":"primary design","sr":1,"ks":{"o":{"a":0,"k":100,"ix":11},"r":{"a":0,"k":0,"ix":10},"p":{"a":0,"k":[253.416,260.344,0],"ix":2,"l":2},"a":{"a":0,"k":[0,0,0],"ix":1,"l":2},"s":{"a":0,"k":[100,100,100],"ix":6,"l":2}},"ao":0,"shapes":[{"ty":"gr","it":[{"ind":0,"ty":"sh","ix":1,"ks":{"a":0,"k":{"i":[[4.002,0],[3.055,3.051],[0,0],[-6.108,6.115],[-6.116,-6.108],[0,0],[0,0],[-6.109,-6.115],[6.115,-6.108],[0,0]],"o":[[-4.002,0],[0,0],[-6.115,-6.108],[6.108,-6.115],[0,0],[0,0],[6.115,-6.107],[6.107,6.115],[0,0],[-3.055,3.051]],"v":[[-31.32,73.012],[-42.38,68.435],[-94.599,16.281],[-94.612,-5.852],[-72.48,-5.866],[-31.321,35.243],[72.48,-68.435],[94.613,-68.422],[94.599,-46.29],[-20.261,68.435]],"c":true},"ix":2},"nm":"Path 1","mn":"ADBE Vector Shape - Group","hd":false},{"ty":"fl","c":{"a":0,"k":[0.169,0.278,0.208,1],"ix":4,"x":"var $bm_rt;\n$bm_rt = comp('system-regular-1-share').layer('control').effect('primary')('Color');"},"o":{"a":0,"k":100,"ix":5},"r":1,"bm":0,"nm":".primary","mn":"ADBE Vector Graphic - Fill","hd":false,"cl":"primary"},{"ty":"tr","p":{"a":0,"k":[0,0],"ix":2},"a":{"a":0,"k":[0,0],"ix":1},"s":{"a":0,"k":[100,100],"ix":3},"r":{"a":0,"k":0,"ix":6},"o":{"a":0,"k":100,"ix":7},"sk":{"a":0,"k":0,"ix":4},"sa":{"a":0,"k":0,"ix":5},"nm":"Transform"}],"nm":"Group 1","np":2,"cix":2,"bm":0,"ix":1,"mn":"ADBE Vector Group","hd":false}],"ip":61,"op":137,"st":-163,"ct":1,"bm":0},{"ddd":0,"ind":4,"ty":4,"nm":".primary.design","cl":"primary design","parent":5,"sr":1,"ks":{"o":{"a":0,"k":100,"ix":11},"r":{"a":0,"k":90,"ix":10},"p":{"a":0,"k":[5.504,0.163,0],"ix":2,"l":2},"a":{"a":0,"k":[0,0,0],"ix":1,"l":2},"s":{"a":0,"k":[4.801,4.801,100],"ix":6,"l":2}},"ao":0,"shapes":[{"ty":"gr","it":[{"ind":0,"ty":"sh","ix":1,"ks":{"a":0,"k":{"i":[[0,0],[0,0],[0,0]],"o":[[0,0],[0,0],[0,0]],"v":[[150.508,-124.393],[-31.321,57.362],[-123.377,-34.954]],"c":false},"ix":2},"nm":"Path 1","mn":"ADBE Vector Shape - Group","hd":false},{"ty":"tm","s":{"a":1,"k":[{"i":{"x":[0.833],"y":[0.833]},"o":{"x":[0.167],"y":[0.167]},"t":20,"s":[10]},{"t":29,"s":[24.3]}],"ix":1},"e":{"a":1,"k":[{"i":{"x":[0.833],"y":[0.833]},"o":{"x":[0.167],"y":[0.167]},"t":20,"s":[11]},{"t":29,"s":[85.2]}],"ix":2},"o":{"a":1,"k":[{"i":{"x":[0.24],"y":[1]},"o":{"x":[0.167],"y":[0.167]},"t":29,"s":[0]},{"i":{"x":[0.667],"y":[1]},"o":{"x":[0.639],"y":[0]},"t":37,"s":[22]},{"i":{"x":[0.667],"y":[1]},"o":{"x":[0.333],"y":[0]},"t":47,"s":[-7]},{"t":57,"s":[0]}],"ix":3},"m":1,"ix":2,"nm":"Trim Paths 1","mn":"ADBE Vector Filter - Trim","hd":false},{"ty":"st","c":{"a":0,"k":[0.169,0.278,0.208,1],"ix":3,"x":"var $bm_rt;\n$bm_rt = comp('system-regular-1-share').layer('control').effect('primary')('Color');"},"o":{"a":0,"k":100,"ix":4},"w":{"a":0,"k":31.3,"ix":5},"lc":2,"lj":2,"bm":0,"nm":".primary","mn":"ADBE Vector Graphic - Stroke","hd":false,"cl":"primary"},{"ty":"tr","p":{"a":0,"k":[0,0],"ix":2},"a":{"a":0,"k":[0,0],"ix":1},"s":{"a":0,"k":[100,100],"ix":3},"r":{"a":0,"k":0,"ix":6},"o":{"a":0,"k":100,"ix":7},"sk":{"a":0,"k":0,"ix":4},"sa":{"a":0,"k":0,"ix":5},"nm":"Transform"}],"nm":"Group 1","np":3,"cix":2,"bm":0,"ix":1,"mn":"ADBE Vector Group","hd":false}],"ip":20,"op":61,"st":-165,"ct":1,"bm":0},{"ddd":0,"ind":5,"ty":4,"nm":".primary.design","cl":"primary design","sr":1,"ks":{"o":{"a":0,"k":100,"ix":11},"r":{"a":1,"k":[{"i":{"x":[0.2],"y":[1]},"o":{"x":[0.333],"y":[0]},"t":1,"s":[0]},{"t":36,"s":[-90]}],"ix":10},"p":{"a":0,"k":[250.015,250,0],"ix":2,"l":2},"a":{"a":0,"k":[6.001,0,0],"ix":1,"l":2},"s":{"a":1,"k":[{"i":{"x":[0.299,0.299,0.667],"y":[1,1,1]},"o":{"x":[0.333,0.333,0.333],"y":[0,0,0]},"t":1,"s":[2083,2083,100]},{"i":{"x":[0.667,0.667,0.667],"y":[1,1,1]},"o":{"x":[0.333,0.333,0.333],"y":[0,0,0]},"t":29,"s":[2427,2427,100]},{"i":{"x":[0.667,0.667,0.667],"y":[1,1,1]},"o":{"x":[0.333,0.333,0.333],"y":[0,0,0]},"t":44,"s":[1948,1948,100]},{"t":56,"s":[2083,2083,100]}],"ix":6,"l":2}},"ao":0,"shapes":[{"ty":"gr","it":[{"ind":0,"ty":"sh","ix":1,"ks":{"a":1,"k":[{"i":{"x":0.2,"y":1},"o":{"x":0.333,"y":0},"t":1,"s":[{"i":[[0,-1.519],[1.519,0],[0,1.519],[-1.519,0]],"o":[[0,1.519],[-1.519,0],[0,-1.519],[1.519,0]],"v":[[2.75,0],[0,2.75],[-2.75,0],[0,-2.75]],"c":true}]},{"t":36,"s":[{"i":[[0,-5.104],[5.104,0],[0,5.104],[-5.104,0]],"o":[[0,5.104],[-5.104,0],[0,-5.104],[5.104,0]],"v":[[15.242,0],[6.001,9.241],[-3.241,0],[6.001,-9.241]],"c":true}]}],"ix":2},"nm":"Path 1","mn":"ADBE Vector Shape - Group","hd":false},{"ty":"st","c":{"a":0,"k":[0.169,0.278,0.208,1],"ix":3,"x":"var $bm_rt;\n$bm_rt = comp('system-regular-1-share').layer('control').effect('primary')('Color');"},"o":{"a":0,"k":100,"ix":4},"w":{"a":0,"k":1.5,"ix":5},"lc":2,"lj":2,"bm":0,"nm":".primary","mn":"ADBE Vector Graphic - Stroke","hd":false,"cl":"primary"},{"ty":"tr","p":{"a":0,"k":[0,0],"ix":2},"a":{"a":0,"k":[0,0],"ix":1},"s":{"a":0,"k":[100,100],"ix":3},"r":{"a":0,"k":0,"ix":6},"o":{"a":0,"k":100,"ix":7},"sk":{"a":0,"k":0,"ix":4},"sa":{"a":0,"k":0,"ix":5},"nm":"Transform"}],"nm":"Group 1","np":2,"cix":2,"bm":0,"ix":1,"mn":"ADBE Vector Group","hd":false}],"ip":1,"op":61,"st":-75,"ct":1,"bm":0},{"ddd":0,"ind":6,"ty":4,"nm":".primary.design","cl":"primary design","sr":1,"ks":{"o":{"a":0,"k":100,"ix":11},"r":{"a":0,"k":53,"ix":10},"p":{"a":1,"k":[{"i":{"x":0.2,"y":1},"o":{"x":0.167,"y":0.167},"t":1,"s":[125.015,250,0],"to":[13.083,11.5,0],"ti":[-13.083,-11.5,0]},{"t":29,"s":[203.515,319,0]}],"ix":2,"l":2},"a":{"a":0,"k":[244,250,0],"ix":1,"l":2},"s":{"a":0,"k":[2083,2083,100],"ix":6,"l":2}},"ao":0,"shapes":[{"ty":"gr","it":[{"ind":0,"ty":"sh","ix":1,"ks":{"a":1,"k":[{"i":{"x":0.833,"y":0.833},"o":{"x":0.333,"y":0},"t":10,"s":[{"i":[[0,-1.519],[1.519,0],[0,1.519],[-1.519,0]],"o":[[0,1.519],[-1.519,0],[0,-1.519],[1.519,0]],"v":[[2.75,0],[0,2.75],[-2.75,0],[0,-2.75]],"c":true}]},{"t":20,"s":[{"i":[[0,-0.087],[0.087,0],[0,0.087],[-0.087,0]],"o":[[0,0.087],[-0.087,0],[0,-0.087],[0.087,0]],"v":[[0.158,0],[0,0.158],[-0.158,0],[0,-0.158]],"c":true}]}],"ix":2},"nm":"Path 1","mn":"ADBE Vector Shape - Group","hd":false},{"ty":"st","c":{"a":0,"k":[0.169,0.278,0.208,1],"ix":3,"x":"var $bm_rt;\n$bm_rt = comp('system-regular-1-share').layer('control').effect('primary')('Color');"},"o":{"a":0,"k":100,"ix":4},"w":{"a":0,"k":1.5,"ix":5},"lc":2,"lj":2,"bm":0,"nm":".primary","mn":"ADBE Vector Graphic - Stroke","hd":false,"cl":"primary"},{"ty":"tr","p":{"a":0,"k":[255,244.5],"ix":2},"a":{"a":0,"k":[0,0],"ix":1},"s":{"a":0,"k":[100,100],"ix":3},"r":{"a":0,"k":0,"ix":6},"o":{"a":0,"k":100,"ix":7},"sk":{"a":0,"k":0,"ix":4},"sa":{"a":0,"k":0,"ix":5},"nm":"Transform"}],"nm":"Group 1","np":2,"cix":2,"bm":0,"ix":1,"mn":"ADBE Vector Group","hd":false},{"ty":"gr","it":[{"ind":0,"ty":"sh","ix":1,"ks":{"a":1,"k":[{"i":{"x":0.667,"y":1},"o":{"x":0.167,"y":0.167},"t":1,"s":[{"i":[[0,0],[0,0]],"o":[[0,0],[0,0]],"v":[[3.04,-1.52],[-3.04,1.52]],"c":false}]},{"i":{"x":0.833,"y":0.833},"o":{"x":0.333,"y":0},"t":10,"s":[{"i":[[0,0],[0,0]],"o":[[0,0],[0,0]],"v":[[3.04,-1.52],[3.001,-1.472]],"c":false}]},{"t":20,"s":[{"i":[[0,0],[0,0]],"o":[[0,0],[0,0]],"v":[[5.359,-2.68],[5.356,-2.677]],"c":false}]}],"ix":2},"nm":"Path 1","mn":"ADBE Vector Shape - Group","hd":false},{"ty":"st","c":{"a":0,"k":[0.169,0.278,0.208,1],"ix":3,"x":"var $bm_rt;\n$bm_rt = comp('system-regular-1-share').layer('control').effect('primary')('Color');"},"o":{"a":0,"k":100,"ix":4},"w":{"a":0,"k":1.5,"ix":5},"lc":2,"lj":2,"bm":0,"nm":".primary","mn":"ADBE Vector Graphic - Stroke","hd":false,"cl":"primary"},{"ty":"tr","p":{"a":0,"k":[249.5,247.25],"ix":2},"a":{"a":0,"k":[0,0],"ix":1},"s":{"a":0,"k":[100,100],"ix":3},"r":{"a":0,"k":0,"ix":6},"o":{"a":0,"k":100,"ix":7},"sk":{"a":0,"k":0,"ix":4},"sa":{"a":0,"k":0,"ix":5},"nm":"Transform"}],"nm":"Group 2","np":2,"cix":2,"bm":0,"ix":2,"mn":"ADBE Vector Group","hd":false}],"ip":1,"op":20,"st":-75,"ct":1,"bm":0},{"ddd":0,"ind":7,"ty":4,"nm":".primary.design","cl":"primary design","sr":1,"ks":{"o":{"a":0,"k":100,"ix":11},"r":{"a":0,"k":0,"ix":10},"p":{"a":1,"k":[{"i":{"x":0.2,"y":1},"o":{"x":0.167,"y":0.167},"t":1,"s":[125.015,250,0],"to":[13.917,-11.833,0],"ti":[-13.917,11.833,0]},{"t":36,"s":[208.515,179,0]}],"ix":2,"l":2},"a":{"a":0,"k":[244,250,0],"ix":1,"l":2},"s":{"a":0,"k":[2083,2083,100],"ix":6,"l":2}},"ao":0,"shapes":[{"ty":"gr","it":[{"ind":0,"ty":"sh","ix":1,"ks":{"a":1,"k":[{"i":{"x":0.833,"y":0.833},"o":{"x":0.333,"y":0},"t":15,"s":[{"i":[[0,-1.519],[1.519,0],[0,1.519],[-1.519,0]],"o":[[0,1.519],[-1.519,0],[0,-1.519],[1.519,0]],"v":[[2.75,0],[0,2.75],[-2.75,0],[0,-2.75]],"c":true}]},{"t":27,"s":[{"i":[[0,-0.087],[0.087,0],[0,0.087],[-0.087,0]],"o":[[0,0.087],[-0.087,0],[0,-0.087],[0.087,0]],"v":[[0.158,0],[0,0.158],[-0.158,0],[0,-0.158]],"c":true}]}],"ix":2},"nm":"Path 1","mn":"ADBE Vector Shape - Group","hd":false},{"ty":"st","c":{"a":0,"k":[0.169,0.278,0.208,1],"ix":3,"x":"var $bm_rt;\n$bm_rt = comp('system-regular-1-share').layer('control').effect('primary')('Color');"},"o":{"a":0,"k":100,"ix":4},"w":{"a":0,"k":1.5,"ix":5},"lc":2,"lj":2,"bm":0,"nm":".primary","mn":"ADBE Vector Graphic - Stroke","hd":false,"cl":"primary"},{"ty":"tr","p":{"a":0,"k":[255,244.5],"ix":2},"a":{"a":0,"k":[0,0],"ix":1},"s":{"a":0,"k":[100,100],"ix":3},"r":{"a":0,"k":0,"ix":6},"o":{"a":0,"k":100,"ix":7},"sk":{"a":0,"k":0,"ix":4},"sa":{"a":0,"k":0,"ix":5},"nm":"Transform"}],"nm":"Group 1","np":2,"cix":2,"bm":0,"ix":1,"mn":"ADBE Vector Group","hd":false},{"ty":"gr","it":[{"ind":0,"ty":"sh","ix":1,"ks":{"a":1,"k":[{"i":{"x":0.667,"y":1},"o":{"x":0.167,"y":0.167},"t":1,"s":[{"i":[[0,0],[0,0]],"o":[[0,0],[0,0]],"v":[[3.04,-1.52],[-3.04,1.52]],"c":false}]},{"i":{"x":0.833,"y":0.833},"o":{"x":0.333,"y":0},"t":15,"s":[{"i":[[0,0],[0,0]],"o":[[0,0],[0,0]],"v":[[3.04,-1.52],[3.001,-1.472]],"c":false}]},{"t":27,"s":[{"i":[[0,0],[0,0]],"o":[[0,0],[0,0]],"v":[[5.359,-2.68],[5.356,-2.677]],"c":false}]}],"ix":2},"nm":"Path 1","mn":"ADBE Vector Shape - Group","hd":false},{"ty":"st","c":{"a":0,"k":[0.169,0.278,0.208,1],"ix":3,"x":"var $bm_rt;\n$bm_rt = comp('system-regular-1-share').layer('control').effect('primary')('Color');"},"o":{"a":0,"k":100,"ix":4},"w":{"a":0,"k":1.5,"ix":5},"lc":2,"lj":2,"bm":0,"nm":".primary","mn":"ADBE Vector Graphic - Stroke","hd":false,"cl":"primary"},{"ty":"tr","p":{"a":0,"k":[249.5,247.25],"ix":2},"a":{"a":0,"k":[0,0],"ix":1},"s":{"a":0,"k":[100,100],"ix":3},"r":{"a":0,"k":0,"ix":6},"o":{"a":0,"k":100,"ix":7},"sk":{"a":0,"k":0,"ix":4},"sa":{"a":0,"k":0,"ix":5},"nm":"Transform"}],"nm":"Group 2","np":2,"cix":2,"bm":0,"ix":2,"mn":"ADBE Vector Group","hd":false}],"ip":1,"op":27,"st":-75,"ct":1,"bm":0}]}],"layers":[{"ddd":0,"ind":1,"ty":3,"nm":"control","sr":1,"ks":{"o":{"a":0,"k":0,"ix":11},"r":{"a":0,"k":0,"ix":10},"p":{"a":0,"k":[0,0],"ix":2,"l":2},"a":{"a":0,"k":[0,0,0],"ix":1,"l":2},"s":{"a":0,"k":[100,100,100],"ix":6,"l":2}},"ao":0,"ef":[{"ty":5,"nm":"primary","np":3,"mn":"ADBE Color Control","ix":1,"en":1,"ef":[{"ty":2,"nm":"Color","mn":"ADBE Color Control-0001","ix":1,"v":{"a":0,"k":[0.169,0.278,0.208],"ix":1}}]}],"ip":0,"op":216,"st":0,"bm":0},{"ddd":0,"ind":2,"ty":0,"nm":"in-share","refId":"comp_0","sr":1,"ks":{"o":{"a":0,"k":100,"ix":11},"r":{"a":0,"k":0,"ix":10},"p":{"a":0,"k":[250,250,0],"ix":2,"l":2},"a":{"a":0,"k":[250,250,0],"ix":1,"l":2},"s":{"a":0,"k":[100,100,100],"ix":6,"l":2}},"ao":0,"w":500,"h":500,"ip":0,"op":70,"st":0,"bm":0},{"ddd":0,"ind":3,"ty":0,"nm":"hover-share","refId":"comp_1","sr":1,"ks":{"o":{"a":0,"k":100,"ix":11},"r":{"a":0,"k":0,"ix":10},"p":{"a":0,"k":[250,250,0],"ix":2,"l":2},"a":{"a":0,"k":[250,250,0],"ix":1,"l":2},"s":{"a":0,"k":[100,100,100],"ix":6,"l":2}},"ao":0,"w":500,"h":500,"ip":70,"op":155,"st":70,"bm":0},{"ddd":0,"ind":4,"ty":0,"nm":"morph-share","refId":"comp_2","sr":1,"ks":{"o":{"a":0,"k":100,"ix":11},"r":{"a":0,"k":0,"ix":10},"p":{"a":0,"k":[250,250,0],"ix":2,"l":2},"a":{"a":0,"k":[250,250,0],"ix":1,"l":2},"s":{"a":0,"k":[100,100,100],"ix":6,"l":2}},"ao":0,"w":500,"h":500,"ip":155,"op":225,"st":155,"bm":0}],"markers":[{"tm":0,"cm":"default:in-share","dr":60},{"tm":70,"cm":"hover-share","dr":75},{"tm":155,"cm":"morph-share","dr":60}],"props":{}}