{"v":"5.12.1","fr":60,"ip":70,"op":130,"w":500,"h":500,"nm":"system-regular-8-account","ddd":0,"assets":[{"id":"comp_0","nm":"in-account","fr":60,"layers":[{"ddd":0,"ind":1,"ty":4,"nm":".primary.design","cl":"primary design","sr":1,"ks":{"o":{"a":0,"k":100,"ix":11},"r":{"a":0,"k":0,"ix":10},"p":{"a":0,"k":[250.002,249.974,0],"ix":2,"l":2},"a":{"a":0,"k":[250,249.999,0],"ix":1,"l":2},"s":{"a":0,"k":[2083,2083,100],"ix":6,"l":2}},"ao":0,"shapes":[{"ty":"gr","it":[{"ty":"gr","it":[{"ind":0,"ty":"sh","ix":1,"ks":{"a":0,"k":{"i":[[0,0],[0,0],[0,0.96],[0,0],[-0.96,0],[0,0],[0,-0.97]],"o":[[0,0],[-0.96,0],[0,0],[0,-0.96],[0,0],[0.96,0],[0,0]],"v":[[2,2.75],[-0.25,2.75],[-2,1],[-2,-1],[-0.25,-2.75],[0.25,-2.75],[2,-1]],"c":true},"ix":2},"nm":"Path 1","mn":"ADBE Vector Shape - Group","hd":false},{"ind":1,"ty":"sh","ix":2,"ks":{"a":0,"k":{"i":[[1.79,0],[0,0],[0,-1.79],[0,0],[-1.79,0],[0,0],[0,0.41],[0,0]],"o":[[0,0],[-1.79,0],[0,0],[0,1.79],[0,0],[0.41,0],[0,0],[0,-1.79]],"v":[[0.25,-4.25],[-0.25,-4.25],[-3.5,-1],[-3.5,1],[-0.25,4.25],[2.75,4.25],[3.5,3.5],[3.5,-1]],"c":true},"ix":2},"nm":"Path 2","mn":"ADBE Vector Shape - Group","hd":false},{"ty":"fl","c":{"a":0,"k":[0.169,0.278,0.208,1],"ix":4,"x":"var $bm_rt;\n$bm_rt = comp('system-regular-8-account').layer('control').effect('primary')('Color');"},"o":{"a":0,"k":100,"ix":5},"r":1,"bm":0,"nm":".primary","mn":"ADBE Vector Graphic - Fill","hd":false,"cl":"primary"},{"ty":"tr","p":{"a":0,"k":[250,247.25],"ix":2},"a":{"a":0,"k":[0,0],"ix":1},"s":{"a":0,"k":[100,100],"ix":3},"r":{"a":0,"k":0,"ix":6},"o":{"a":0,"k":100,"ix":7},"sk":{"a":0,"k":0,"ix":4},"sa":{"a":0,"k":0,"ix":5},"nm":"Transform"}],"nm":"Group 1","np":3,"cix":2,"bm":0,"ix":1,"mn":"ADBE Vector Group","hd":false},{"ty":"gr","it":[{"ind":0,"ty":"sh","ix":1,"ks":{"a":0,"k":{"i":[[1.38,-1.6],[1.78,0],[0,0],[0.8,-1.53],[0.04,1.99],[-1.57,1.64],[-2.27,0.05],[-0.07,0],[-1.6,-1.52],[-0.05,-2.27]],"o":[[-0.81,-1.52],[0,0],[-1.78,0],[-1.29,-1.49],[-0.06,-2.27],[1.57,-1.64],[0.07,0],[2.19,0],[1.64,1.57],[0.05,2.11]],"v":[[6.43,5.551],[2.25,3.011],[-2.25,3.011],[-6.43,5.561],[-8.49,0.211],[-6.15,-5.859],[-0.2,-8.489],[0.01,-8.489],[5.87,-6.139],[8.5,-0.189]],"c":true},"ix":2},"nm":"Path 1","mn":"ADBE Vector Shape - Group","hd":false},{"ind":1,"ty":"sh","ix":2,"ks":{"a":0,"k":{"i":[[1.87,-0.05],[1.55,1.25],[-1.37,0],[0,0],[-0.46,-1.25]],"o":[[-2.01,0.05],[0.46,-1.26],[0,0],[1.37,0],[-1.45,1.16]],"v":[[0.21,8.501],[-5.28,6.651],[-2.24,4.511],[2.26,4.511],[5.3,6.641]],"c":true},"ix":2},"nm":"Path 2","mn":"ADBE Vector Shape - Group","hd":false},{"ind":2,"ty":"sh","ix":3,"ks":{"a":0,"k":{"i":[[1.93,1.84],[2.67,-0.06],[1.84,-1.93],[-0.06,-2.67],[-1.93,-1.84],[-2.58,0],[-0.08,0],[-1.84,1.93],[0.06,2.67]],"o":[[-1.94,-1.84],[-2.67,0.06],[-1.84,1.94],[0.06,2.67],[1.88,1.79],[0.08,0],[2.67,-0.06],[1.84,-1.93],[-0.07,-2.67]],"v":[[6.9,-7.239],[-0.24,-9.999],[-7.24,-6.899],[-10,0.241],[-6.9,7.241],[-0.01,10.001],[0.24,10.001],[7.24,6.901],[10,-0.239]],"c":true},"ix":2},"nm":"Path 3","mn":"ADBE Vector Shape - Group","hd":false},{"ty":"fl","c":{"a":0,"k":[0.169,0.278,0.208,1],"ix":4,"x":"var $bm_rt;\n$bm_rt = comp('system-regular-8-account').layer('control').effect('primary')('Color');"},"o":{"a":0,"k":100,"ix":5},"r":1,"bm":0,"nm":".primary","mn":"ADBE Vector Graphic - Fill","hd":false,"cl":"primary"},{"ty":"tr","p":{"a":0,"k":[250,249.999],"ix":2},"a":{"a":0,"k":[0,0],"ix":1},"s":{"a":0,"k":[100,100],"ix":3},"r":{"a":0,"k":0,"ix":6},"o":{"a":0,"k":100,"ix":7},"sk":{"a":0,"k":0,"ix":4},"sa":{"a":0,"k":0,"ix":5},"nm":"Transform"}],"nm":"Group 2","np":4,"cix":2,"bm":0,"ix":2,"mn":"ADBE Vector Group","hd":false},{"ty":"tr","p":{"a":0,"k":[250,249.999],"ix":2},"a":{"a":0,"k":[250,249.999],"ix":1},"s":{"a":0,"k":[100,100],"ix":3},"r":{"a":0,"k":0,"ix":6},"o":{"a":0,"k":100,"ix":7},"sk":{"a":0,"k":0,"ix":4},"sa":{"a":0,"k":0,"ix":5},"nm":"Transform"}],"nm":"Group 1","np":2,"cix":2,"bm":0,"ix":1,"mn":"ADBE Vector Group","hd":false}],"ip":60,"op":300,"st":0,"ct":1,"bm":0},{"ddd":0,"ind":2,"ty":4,"nm":".primary.design","cl":"primary design","sr":1,"ks":{"o":{"a":0,"k":100,"ix":11},"r":{"a":1,"k":[{"i":{"x":[0.4],"y":[1]},"o":{"x":[0.167],"y":[0.167]},"t":20,"s":[34]},{"i":{"x":[0.667],"y":[1]},"o":{"x":[0.444],"y":[0]},"t":36,"s":[-20]},{"i":{"x":[0.667],"y":[1]},"o":{"x":[0.333],"y":[0]},"t":51,"s":[7]},{"t":63,"s":[0]}],"ix":10},"p":{"a":1,"k":[{"i":{"x":0.413,"y":0.448},"o":{"x":0.167,"y":0.167},"t":11,"s":[241,555.312,0],"to":[0,0,0],"ti":[0,0,0]},{"i":{"x":0.4,"y":1},"o":{"x":0.196,"y":0.422},"t":20,"s":[241,306.247,0],"to":[0,0,0],"ti":[0,0,0]},{"i":{"x":0.667,"y":1},"o":{"x":0.444,"y":0},"t":34,"s":[241,137.312,0],"to":[0,0,0],"ti":[0,0,0]},{"i":{"x":0.667,"y":1},"o":{"x":0.333,"y":0},"t":47,"s":[241,249.312,0],"to":[0,0,0],"ti":[0,0,0]},{"t":59,"s":[241,237.312,0]}],"ix":2,"l":2},"a":{"a":0,"k":[-9.004,44.605,0],"ix":1,"l":2},"s":{"a":0,"k":[100,100,100],"ix":6,"l":2}},"ao":0,"shapes":[{"ty":"gr","it":[{"ind":0,"ty":"sh","ix":1,"ks":{"a":0,"k":{"i":[[28.766,0],[0,0],[0,-28.764],[0,0],[-28.766,0],[0,0],[0,0]],"o":[[0,0],[-28.766,0],[0,0],[0,28.766],[0,0],[0,0],[0,-28.764]],"v":[[5.208,-72.917],[-5.208,-72.917],[-57.292,-20.833],[-57.292,20.833],[-5.208,72.917],[57.292,72.917],[57.292,-20.833]],"c":true},"ix":2},"nm":"Path 1","mn":"ADBE Vector Shape - Group","hd":false},{"ty":"st","c":{"a":0,"k":[0.169,0.278,0.208,1],"ix":3,"x":"var $bm_rt;\n$bm_rt = comp('system-regular-8-account').layer('control').effect('primary')('Color');"},"o":{"a":0,"k":100,"ix":4},"w":{"a":0,"k":31.3,"ix":5},"lc":2,"lj":2,"bm":0,"nm":".primary","mn":"ADBE Vector Graphic - Stroke","hd":false,"cl":"primary"},{"ty":"tr","p":{"a":0,"k":[0,0],"ix":2},"a":{"a":0,"k":[0,0],"ix":1},"s":{"a":0,"k":[100,100],"ix":3},"r":{"a":0,"k":0,"ix":6},"o":{"a":0,"k":100,"ix":7},"sk":{"a":0,"k":0,"ix":4},"sa":{"a":0,"k":0,"ix":5},"nm":"Transform"}],"nm":"Group 1","np":2,"cix":2,"bm":0,"ix":1,"mn":"ADBE Vector Group","hd":false}],"ip":20,"op":60,"st":0,"ct":1,"bm":0},{"ddd":0,"ind":3,"ty":4,"nm":".primary.design","cl":"primary design","parent":2,"td":1,"sr":1,"ks":{"o":{"a":0,"k":100,"ix":11},"r":{"a":0,"k":0,"ix":10},"p":{"a":0,"k":[-9.004,44.605,0],"ix":2,"l":2},"a":{"a":0,"k":[-9.004,44.605,0],"ix":1,"l":2},"s":{"a":0,"k":[100,100,100],"ix":6,"l":2}},"ao":0,"shapes":[{"ty":"gr","it":[{"ind":0,"ty":"sh","ix":1,"ks":{"a":0,"k":{"i":[[28.766,0],[0,0],[0,-28.764],[0,0],[-28.766,0],[0,0],[0,0]],"o":[[0,0],[-28.766,0],[0,0],[0,28.766],[0,0],[0,0],[0,-28.764]],"v":[[5.208,-72.917],[-5.208,-72.917],[-57.292,-20.833],[-57.292,20.833],[-5.208,72.917],[57.292,72.917],[57.292,-20.833]],"c":true},"ix":2},"nm":"Path 1","mn":"ADBE Vector Shape - Group","hd":false},{"ty":"fl","c":{"a":0,"k":[0.169,0.278,0.208,1],"ix":4,"x":"var $bm_rt;\n$bm_rt = comp('system-regular-8-account').layer('control').effect('primary')('Color');"},"o":{"a":0,"k":100,"ix":5},"r":1,"bm":0,"nm":".primary","mn":"ADBE Vector Graphic - Fill","hd":false,"cl":"primary"},{"ty":"tr","p":{"a":0,"k":[0,0],"ix":2},"a":{"a":0,"k":[0,0],"ix":1},"s":{"a":0,"k":[100,100],"ix":3},"r":{"a":0,"k":0,"ix":6},"o":{"a":0,"k":100,"ix":7},"sk":{"a":0,"k":0,"ix":4},"sa":{"a":0,"k":0,"ix":5},"nm":"Transform"}],"nm":"Group 1","np":2,"cix":2,"bm":0,"ix":1,"mn":"ADBE Vector Group","hd":false}],"ip":20,"op":60,"st":0,"ct":1,"bm":0},{"ddd":0,"ind":4,"ty":4,"nm":".primary.design","cl":"primary design","tt":2,"tp":3,"sr":1,"ks":{"o":{"a":0,"k":100,"ix":11},"r":{"a":1,"k":[{"i":{"x":[0.2],"y":[1]},"o":{"x":[0.167],"y":[0.167]},"t":0,"s":[0]},{"t":40,"s":[-180]}],"ix":10},"p":{"a":0,"k":[250.004,250.003,0],"ix":2,"l":2},"a":{"a":0,"k":[0,0,0],"ix":1,"l":2},"s":{"a":0,"k":[100,100,100],"ix":6,"l":2}},"ao":0,"shapes":[{"ty":"gr","it":[{"ind":0,"ty":"sh","ix":1,"ks":{"a":1,"k":[{"i":{"x":0.2,"y":1},"o":{"x":0.167,"y":0.167},"t":0,"s":[{"i":[[-0.237,-9.809],[9.809,-0.237],[0.237,9.809],[-9.809,0.237]],"o":[[0.237,9.809],[-9.809,0.237],[-0.237,-9.809],[9.809,-0.237]],"v":[[17.524,-176.429],[0.193,-158.24],[-17.996,-175.571],[-0.666,-193.76]],"c":true}]},{"t":40,"s":[{"i":[[-2.572,-106.399],[106.399,-2.572],[2.572,106.399],[-106.399,2.572]],"o":[[2.572,106.399],[-106.399,2.572],[-2.572,-106.399],[106.399,-2.572]],"v":[[192.652,-4.656],[4.656,192.652],[-192.652,4.656],[-4.656,-192.652]],"c":true}]}],"ix":2},"nm":"Path 1","mn":"ADBE Vector Shape - Group","hd":false},{"ty":"st","c":{"a":0,"k":[0.169,0.278,0.208,1],"ix":3,"x":"var $bm_rt;\n$bm_rt = comp('system-regular-8-account').layer('control').effect('primary')('Color');"},"o":{"a":0,"k":100,"ix":4},"w":{"a":0,"k":31.3,"ix":5},"lc":2,"lj":2,"bm":0,"nm":".primary","mn":"ADBE Vector Graphic - Stroke","hd":false,"cl":"primary"},{"ty":"tr","p":{"a":0,"k":[0,0],"ix":2},"a":{"a":0,"k":[0,0],"ix":1},"s":{"a":0,"k":[100,100],"ix":3},"r":{"a":0,"k":0,"ix":6},"o":{"a":0,"k":100,"ix":7},"sk":{"a":0,"k":0,"ix":4},"sa":{"a":0,"k":0,"ix":5},"nm":"Transform"}],"nm":"Group 1","np":2,"cix":2,"bm":0,"ix":1,"mn":"ADBE Vector Group","hd":false}],"ip":1,"op":60,"st":0,"ct":1,"bm":0},{"ddd":0,"ind":5,"ty":4,"nm":".primary.design","cl":"primary design","td":1,"sr":1,"ks":{"o":{"a":0,"k":100,"ix":11},"r":{"a":1,"k":[{"i":{"x":[0.2],"y":[1]},"o":{"x":[0.167],"y":[0.167]},"t":0,"s":[0]},{"t":40,"s":[-180]}],"ix":10},"p":{"a":0,"k":[250.004,250.003,0],"ix":2,"l":2},"a":{"a":0,"k":[0,0,0],"ix":1,"l":2},"s":{"a":0,"k":[100,100,100],"ix":6,"l":2}},"ao":0,"shapes":[{"ty":"gr","it":[{"ind":0,"ty":"sh","ix":1,"ks":{"a":1,"k":[{"i":{"x":0.2,"y":1},"o":{"x":0.167,"y":0.167},"t":0,"s":[{"i":[[-0.237,-9.809],[9.809,-0.237],[0.237,9.809],[-9.809,0.237]],"o":[[0.237,9.809],[-9.809,0.237],[-0.237,-9.809],[9.809,-0.237]],"v":[[17.524,-176.429],[0.193,-158.24],[-17.996,-175.571],[-0.666,-193.76]],"c":true}]},{"t":40,"s":[{"i":[[-2.572,-106.399],[106.399,-2.572],[2.572,106.399],[-106.399,2.572]],"o":[[2.572,106.399],[-106.399,2.572],[-2.572,-106.399],[106.399,-2.572]],"v":[[192.652,-4.656],[4.656,192.652],[-192.652,4.656],[-4.656,-192.652]],"c":true}]}],"ix":2},"nm":"Path 1","mn":"ADBE Vector Shape - Group","hd":false},{"ty":"fl","c":{"a":0,"k":[0.169,0.278,0.208,1],"ix":4,"x":"var $bm_rt;\n$bm_rt = comp('system-regular-8-account').layer('control').effect('primary')('Color');"},"o":{"a":0,"k":100,"ix":5},"r":1,"bm":0,"nm":".primary","mn":"ADBE Vector Graphic - Fill","hd":false,"cl":"primary"},{"ty":"tr","p":{"a":0,"k":[0,0],"ix":2},"a":{"a":0,"k":[0,0],"ix":1},"s":{"a":0,"k":[100,100],"ix":3},"r":{"a":0,"k":0,"ix":6},"o":{"a":0,"k":100,"ix":7},"sk":{"a":0,"k":0,"ix":4},"sa":{"a":0,"k":0,"ix":5},"nm":"Transform"}],"nm":"Group 1","np":2,"cix":2,"bm":0,"ix":1,"mn":"ADBE Vector Group","hd":false}],"ip":1,"op":60,"st":0,"ct":1,"bm":0},{"ddd":0,"ind":6,"ty":4,"nm":".primary.design","cl":"primary design","tt":1,"tp":5,"sr":1,"ks":{"o":{"a":0,"k":100,"ix":11},"r":{"a":0,"k":0,"ix":10},"p":{"a":1,"k":[{"i":{"x":0.16,"y":1},"o":{"x":0.167,"y":0.167},"t":11,"s":[250.5,619.226,0],"to":[0,0,0],"ti":[0,0,0]},{"i":{"x":0.667,"y":1},"o":{"x":0.333,"y":0},"t":34,"s":[250.5,255.226,0],"to":[0,0,0],"ti":[0,0,0]},{"t":48,"s":[250.5,301.226,0]}],"ix":2,"l":2},"a":{"a":0,"k":[0.496,108.519,0],"ix":1,"l":2},"s":{"a":0,"k":[100,100,100],"ix":6,"l":2}},"ao":0,"shapes":[{"ty":"gr","it":[{"ind":0,"ty":"sh","ix":1,"ks":{"a":0,"k":{"i":[[28.766,0],[0,0],[0,-28.764],[0,0],[-28.766,0],[0,0],[0,0]],"o":[[0,0],[-28.766,0],[0,0],[0,28.766],[0,0],[0,0],[0,-28.764]],"v":[[5.208,-72.917],[-5.208,-72.917],[-57.292,-20.833],[-57.292,20.833],[-5.208,72.917],[57.292,72.917],[57.292,-20.833]],"c":true},"ix":2},"nm":"Path 1","mn":"ADBE Vector Shape - Group","hd":false},{"ty":"st","c":{"a":0,"k":[0.169,0.278,0.208,1],"ix":3,"x":"var $bm_rt;\n$bm_rt = comp('system-regular-8-account').layer('control').effect('primary')('Color');"},"o":{"a":0,"k":100,"ix":4},"w":{"a":0,"k":31.3,"ix":5},"lc":2,"lj":2,"bm":0,"nm":".primary","mn":"ADBE Vector Graphic - Stroke","hd":false,"cl":"primary"},{"ty":"tr","p":{"a":0,"k":[22,40],"ix":2},"a":{"a":0,"k":[0,0],"ix":1},"s":{"a":0,"k":[100,100],"ix":3},"r":{"a":0,"k":31,"ix":6},"o":{"a":1,"k":[{"t":0,"s":[100],"h":1},{"t":20,"s":[0],"h":1}],"ix":7},"sk":{"a":0,"k":0,"ix":4},"sa":{"a":0,"k":0,"ix":5},"nm":"Transform"}],"nm":"Group 1","np":2,"cix":2,"bm":0,"ix":1,"mn":"ADBE Vector Group","hd":false},{"ty":"gr","it":[{"ind":0,"ty":"sh","ix":1,"ks":{"a":0,"k":{"i":[[0,0],[-8.125,37.5],[-39.792,0],[0,0],[-8.125,-37.5],[0,0]],"o":[[0,0],[8.125,-37.5],[0,0],[39.792,0],[0,0],[0,0]],"v":[[-146.004,115.955],[-128.126,32.708],[-46.875,-32.708],[46.875,-32.708],[128.126,32.708],[146.996,121.955]],"c":false},"ix":2},"nm":"Path 1","mn":"ADBE Vector Shape - Group","hd":false},{"ty":"st","c":{"a":0,"k":[0.169,0.278,0.208,1],"ix":3,"x":"var $bm_rt;\n$bm_rt = comp('system-regular-8-account').layer('control').effect('primary')('Color');"},"o":{"a":0,"k":100,"ix":4},"w":{"a":0,"k":31.3,"ix":5},"lc":2,"lj":2,"bm":0,"nm":".primary","mn":"ADBE Vector Graphic - Stroke","hd":false,"cl":"primary"},{"ty":"tr","p":{"a":0,"k":[0,168],"ix":2},"a":{"a":0,"k":[0,0],"ix":1},"s":{"a":0,"k":[100,100],"ix":3},"r":{"a":0,"k":0,"ix":6},"o":{"a":0,"k":100,"ix":7},"sk":{"a":0,"k":0,"ix":4},"sa":{"a":0,"k":0,"ix":5},"nm":"Transform"}],"nm":"Group 2","np":2,"cix":2,"bm":0,"ix":2,"mn":"ADBE Vector Group","hd":false}],"ip":1,"op":60,"st":0,"ct":1,"bm":0}]},{"id":"comp_1","nm":"hover-account","fr":60,"layers":[{"ddd":0,"ind":1,"ty":4,"nm":".primary.design","cl":"primary design","sr":1,"ks":{"o":{"a":0,"k":100,"ix":11},"r":{"a":0,"k":0,"ix":10},"p":{"a":0,"k":[250.002,249.974,0],"ix":2,"l":2},"a":{"a":0,"k":[250,249.999,0],"ix":1,"l":2},"s":{"a":0,"k":[2083,2083,100],"ix":6,"l":2}},"ao":0,"shapes":[{"ty":"gr","it":[{"ty":"gr","it":[{"ind":0,"ty":"sh","ix":1,"ks":{"a":0,"k":{"i":[[0,0],[0,0],[0,0.96],[0,0],[-0.96,0],[0,0],[0,-0.97]],"o":[[0,0],[-0.96,0],[0,0],[0,-0.96],[0,0],[0.96,0],[0,0]],"v":[[2,2.75],[-0.25,2.75],[-2,1],[-2,-1],[-0.25,-2.75],[0.25,-2.75],[2,-1]],"c":true},"ix":2},"nm":"Path 1","mn":"ADBE Vector Shape - Group","hd":false},{"ind":1,"ty":"sh","ix":2,"ks":{"a":0,"k":{"i":[[1.79,0],[0,0],[0,-1.79],[0,0],[-1.79,0],[0,0],[0,0.41],[0,0]],"o":[[0,0],[-1.79,0],[0,0],[0,1.79],[0,0],[0.41,0],[0,0],[0,-1.79]],"v":[[0.25,-4.25],[-0.25,-4.25],[-3.5,-1],[-3.5,1],[-0.25,4.25],[2.75,4.25],[3.5,3.5],[3.5,-1]],"c":true},"ix":2},"nm":"Path 2","mn":"ADBE Vector Shape - Group","hd":false},{"ty":"fl","c":{"a":0,"k":[0.169,0.278,0.208,1],"ix":4,"x":"var $bm_rt;\n$bm_rt = comp('system-regular-8-account').layer('control').effect('primary')('Color');"},"o":{"a":0,"k":100,"ix":5},"r":1,"bm":0,"nm":".primary","mn":"ADBE Vector Graphic - Fill","hd":false,"cl":"primary"},{"ty":"tr","p":{"a":0,"k":[250,247.25],"ix":2},"a":{"a":0,"k":[0,0],"ix":1},"s":{"a":0,"k":[100,100],"ix":3},"r":{"a":0,"k":0,"ix":6},"o":{"a":0,"k":100,"ix":7},"sk":{"a":0,"k":0,"ix":4},"sa":{"a":0,"k":0,"ix":5},"nm":"Transform"}],"nm":"Group 1","np":3,"cix":2,"bm":0,"ix":1,"mn":"ADBE Vector Group","hd":false},{"ty":"gr","it":[{"ind":0,"ty":"sh","ix":1,"ks":{"a":0,"k":{"i":[[1.38,-1.6],[1.78,0],[0,0],[0.8,-1.53],[0.04,1.99],[-1.57,1.64],[-2.27,0.05],[-0.07,0],[-1.6,-1.52],[-0.05,-2.27]],"o":[[-0.81,-1.52],[0,0],[-1.78,0],[-1.29,-1.49],[-0.06,-2.27],[1.57,-1.64],[0.07,0],[2.19,0],[1.64,1.57],[0.05,2.11]],"v":[[6.43,5.551],[2.25,3.011],[-2.25,3.011],[-6.43,5.561],[-8.49,0.211],[-6.15,-5.859],[-0.2,-8.489],[0.01,-8.489],[5.87,-6.139],[8.5,-0.189]],"c":true},"ix":2},"nm":"Path 1","mn":"ADBE Vector Shape - Group","hd":false},{"ind":1,"ty":"sh","ix":2,"ks":{"a":0,"k":{"i":[[1.87,-0.05],[1.55,1.25],[-1.37,0],[0,0],[-0.46,-1.25]],"o":[[-2.01,0.05],[0.46,-1.26],[0,0],[1.37,0],[-1.45,1.16]],"v":[[0.21,8.501],[-5.28,6.651],[-2.24,4.511],[2.26,4.511],[5.3,6.641]],"c":true},"ix":2},"nm":"Path 2","mn":"ADBE Vector Shape - Group","hd":false},{"ind":2,"ty":"sh","ix":3,"ks":{"a":0,"k":{"i":[[1.93,1.84],[2.67,-0.06],[1.84,-1.93],[-0.06,-2.67],[-1.93,-1.84],[-2.58,0],[-0.08,0],[-1.84,1.93],[0.06,2.67]],"o":[[-1.94,-1.84],[-2.67,0.06],[-1.84,1.94],[0.06,2.67],[1.88,1.79],[0.08,0],[2.67,-0.06],[1.84,-1.93],[-0.07,-2.67]],"v":[[6.9,-7.239],[-0.24,-9.999],[-7.24,-6.899],[-10,0.241],[-6.9,7.241],[-0.01,10.001],[0.24,10.001],[7.24,6.901],[10,-0.239]],"c":true},"ix":2},"nm":"Path 3","mn":"ADBE Vector Shape - Group","hd":false},{"ty":"fl","c":{"a":0,"k":[0.169,0.278,0.208,1],"ix":4,"x":"var $bm_rt;\n$bm_rt = comp('system-regular-8-account').layer('control').effect('primary')('Color');"},"o":{"a":0,"k":100,"ix":5},"r":1,"bm":0,"nm":".primary","mn":"ADBE Vector Graphic - Fill","hd":false,"cl":"primary"},{"ty":"tr","p":{"a":0,"k":[250,249.999],"ix":2},"a":{"a":0,"k":[0,0],"ix":1},"s":{"a":0,"k":[100,100],"ix":3},"r":{"a":0,"k":0,"ix":6},"o":{"a":0,"k":100,"ix":7},"sk":{"a":0,"k":0,"ix":4},"sa":{"a":0,"k":0,"ix":5},"nm":"Transform"}],"nm":"Group 2","np":4,"cix":2,"bm":0,"ix":2,"mn":"ADBE Vector Group","hd":false},{"ty":"tr","p":{"a":0,"k":[250,249.999],"ix":2},"a":{"a":0,"k":[250,249.999],"ix":1},"s":{"a":0,"k":[100,100],"ix":3},"r":{"a":0,"k":0,"ix":6},"o":{"a":0,"k":100,"ix":7},"sk":{"a":0,"k":0,"ix":4},"sa":{"a":0,"k":0,"ix":5},"nm":"Transform"}],"nm":"Group 1","np":2,"cix":2,"bm":0,"ix":1,"mn":"ADBE Vector Group","hd":false}],"ip":0,"op":1,"st":-60,"ct":1,"bm":0},{"ddd":0,"ind":2,"ty":4,"nm":".primary.design","cl":"primary design","sr":1,"ks":{"o":{"a":0,"k":100,"ix":11},"r":{"a":0,"k":0,"ix":10},"p":{"a":0,"k":[250.002,249.974,0],"ix":2,"l":2},"a":{"a":0,"k":[250,249.999,0],"ix":1,"l":2},"s":{"a":0,"k":[2083,2083,100],"ix":6,"l":2}},"ao":0,"shapes":[{"ty":"gr","it":[{"ty":"gr","it":[{"ind":0,"ty":"sh","ix":1,"ks":{"a":0,"k":{"i":[[0,0],[0,0],[0,0.96],[0,0],[-0.96,0],[0,0],[0,-0.97]],"o":[[0,0],[-0.96,0],[0,0],[0,-0.96],[0,0],[0.96,0],[0,0]],"v":[[2,2.75],[-0.25,2.75],[-2,1],[-2,-1],[-0.25,-2.75],[0.25,-2.75],[2,-1]],"c":true},"ix":2},"nm":"Path 1","mn":"ADBE Vector Shape - Group","hd":false},{"ind":1,"ty":"sh","ix":2,"ks":{"a":0,"k":{"i":[[1.79,0],[0,0],[0,-1.79],[0,0],[-1.79,0],[0,0],[0,0.41],[0,0]],"o":[[0,0],[-1.79,0],[0,0],[0,1.79],[0,0],[0.41,0],[0,0],[0,-1.79]],"v":[[0.25,-4.25],[-0.25,-4.25],[-3.5,-1],[-3.5,1],[-0.25,4.25],[2.75,4.25],[3.5,3.5],[3.5,-1]],"c":true},"ix":2},"nm":"Path 2","mn":"ADBE Vector Shape - Group","hd":false},{"ty":"fl","c":{"a":0,"k":[0.169,0.278,0.208,1],"ix":4,"x":"var $bm_rt;\n$bm_rt = comp('system-regular-8-account').layer('control').effect('primary')('Color');"},"o":{"a":0,"k":100,"ix":5},"r":1,"bm":0,"nm":".primary","mn":"ADBE Vector Graphic - Fill","hd":false,"cl":"primary"},{"ty":"tr","p":{"a":0,"k":[250,247.25],"ix":2},"a":{"a":0,"k":[0,0],"ix":1},"s":{"a":0,"k":[100,100],"ix":3},"r":{"a":0,"k":0,"ix":6},"o":{"a":0,"k":100,"ix":7},"sk":{"a":0,"k":0,"ix":4},"sa":{"a":0,"k":0,"ix":5},"nm":"Transform"}],"nm":"Group 1","np":3,"cix":2,"bm":0,"ix":1,"mn":"ADBE Vector Group","hd":false},{"ty":"gr","it":[{"ind":0,"ty":"sh","ix":1,"ks":{"a":0,"k":{"i":[[1.38,-1.6],[1.78,0],[0,0],[0.8,-1.53],[0.04,1.99],[-1.57,1.64],[-2.27,0.05],[-0.07,0],[-1.6,-1.52],[-0.05,-2.27]],"o":[[-0.81,-1.52],[0,0],[-1.78,0],[-1.29,-1.49],[-0.06,-2.27],[1.57,-1.64],[0.07,0],[2.19,0],[1.64,1.57],[0.05,2.11]],"v":[[6.43,5.551],[2.25,3.011],[-2.25,3.011],[-6.43,5.561],[-8.49,0.211],[-6.15,-5.859],[-0.2,-8.489],[0.01,-8.489],[5.87,-6.139],[8.5,-0.189]],"c":true},"ix":2},"nm":"Path 1","mn":"ADBE Vector Shape - Group","hd":false},{"ind":1,"ty":"sh","ix":2,"ks":{"a":0,"k":{"i":[[1.87,-0.05],[1.55,1.25],[-1.37,0],[0,0],[-0.46,-1.25]],"o":[[-2.01,0.05],[0.46,-1.26],[0,0],[1.37,0],[-1.45,1.16]],"v":[[0.21,8.501],[-5.28,6.651],[-2.24,4.511],[2.26,4.511],[5.3,6.641]],"c":true},"ix":2},"nm":"Path 2","mn":"ADBE Vector Shape - Group","hd":false},{"ind":2,"ty":"sh","ix":3,"ks":{"a":0,"k":{"i":[[1.93,1.84],[2.67,-0.06],[1.84,-1.93],[-0.06,-2.67],[-1.93,-1.84],[-2.58,0],[-0.08,0],[-1.84,1.93],[0.06,2.67]],"o":[[-1.94,-1.84],[-2.67,0.06],[-1.84,1.94],[0.06,2.67],[1.88,1.79],[0.08,0],[2.67,-0.06],[1.84,-1.93],[-0.07,-2.67]],"v":[[6.9,-7.239],[-0.24,-9.999],[-7.24,-6.899],[-10,0.241],[-6.9,7.241],[-0.01,10.001],[0.24,10.001],[7.24,6.901],[10,-0.239]],"c":true},"ix":2},"nm":"Path 3","mn":"ADBE Vector Shape - Group","hd":false},{"ty":"fl","c":{"a":0,"k":[0.169,0.278,0.208,1],"ix":4,"x":"var $bm_rt;\n$bm_rt = comp('system-regular-8-account').layer('control').effect('primary')('Color');"},"o":{"a":0,"k":100,"ix":5},"r":1,"bm":0,"nm":".primary","mn":"ADBE Vector Graphic - Fill","hd":false,"cl":"primary"},{"ty":"tr","p":{"a":0,"k":[250,249.999],"ix":2},"a":{"a":0,"k":[0,0],"ix":1},"s":{"a":0,"k":[100,100],"ix":3},"r":{"a":0,"k":0,"ix":6},"o":{"a":0,"k":100,"ix":7},"sk":{"a":0,"k":0,"ix":4},"sa":{"a":0,"k":0,"ix":5},"nm":"Transform"}],"nm":"Group 2","np":4,"cix":2,"bm":0,"ix":2,"mn":"ADBE Vector Group","hd":false},{"ty":"tr","p":{"a":0,"k":[250,249.999],"ix":2},"a":{"a":0,"k":[250,249.999],"ix":1},"s":{"a":0,"k":[100,100],"ix":3},"r":{"a":0,"k":0,"ix":6},"o":{"a":0,"k":100,"ix":7},"sk":{"a":0,"k":0,"ix":4},"sa":{"a":0,"k":0,"ix":5},"nm":"Transform"}],"nm":"Group 1","np":2,"cix":2,"bm":0,"ix":1,"mn":"ADBE Vector Group","hd":false}],"ip":60,"op":300,"st":0,"ct":1,"bm":0},{"ddd":0,"ind":3,"ty":4,"nm":".primary.design","cl":"primary design","sr":1,"ks":{"o":{"a":0,"k":100,"ix":11},"r":{"a":1,"k":[{"i":{"x":[0.667],"y":[1]},"o":{"x":[0.167],"y":[0.167]},"t":1,"s":[0]},{"i":{"x":[0.4],"y":[1]},"o":{"x":[0.333],"y":[0]},"t":12,"s":[24]},{"i":{"x":[0.667],"y":[1]},"o":{"x":[0.6],"y":[0]},"t":25,"s":[-14]},{"i":{"x":[0.667],"y":[1]},"o":{"x":[0.333],"y":[0]},"t":40,"s":[10]},{"i":{"x":[0.667],"y":[1]},"o":{"x":[0.333],"y":[0]},"t":52,"s":[-6]},{"t":60,"s":[0]}],"ix":10},"p":{"a":1,"k":[{"i":{"x":0.667,"y":1},"o":{"x":0.167,"y":0.167},"t":1,"s":[241,237.312,0],"to":[0,0,0],"ti":[0,0,0]},{"i":{"x":0.4,"y":1},"o":{"x":0.333,"y":0},"t":9,"s":[241,288.312,0],"to":[0,0,0],"ti":[0,0,0]},{"i":{"x":0.667,"y":1},"o":{"x":0.6,"y":0},"t":22,"s":[241,140.312,0],"to":[0,0,0],"ti":[0,0,0]},{"i":{"x":0.667,"y":1},"o":{"x":0.333,"y":0},"t":37,"s":[241,283.312,0],"to":[0,0,0],"ti":[0,0,0]},{"i":{"x":0.667,"y":1},"o":{"x":0.333,"y":0},"t":49,"s":[241,217.312,0],"to":[0,0,0],"ti":[0,0,0]},{"t":60,"s":[241,237.312,0]}],"ix":2,"l":2},"a":{"a":0,"k":[-9.004,44.605,0],"ix":1,"l":2},"s":{"a":0,"k":[100,100,100],"ix":6,"l":2}},"ao":0,"shapes":[{"ty":"gr","it":[{"ind":0,"ty":"sh","ix":1,"ks":{"a":0,"k":{"i":[[28.766,0],[0,0],[0,-28.764],[0,0],[-28.766,0],[0,0],[0,0]],"o":[[0,0],[-28.766,0],[0,0],[0,28.766],[0,0],[0,0],[0,-28.764]],"v":[[5.208,-72.917],[-5.208,-72.917],[-57.292,-20.833],[-57.292,20.833],[-5.208,72.917],[57.292,72.917],[57.292,-20.833]],"c":true},"ix":2},"nm":"Path 1","mn":"ADBE Vector Shape - Group","hd":false},{"ty":"st","c":{"a":0,"k":[0.169,0.278,0.208,1],"ix":3,"x":"var $bm_rt;\n$bm_rt = comp('system-regular-8-account').layer('control').effect('primary')('Color');"},"o":{"a":0,"k":100,"ix":4},"w":{"a":0,"k":31.3,"ix":5},"lc":2,"lj":2,"bm":0,"nm":".primary","mn":"ADBE Vector Graphic - Stroke","hd":false,"cl":"primary"},{"ty":"tr","p":{"a":0,"k":[0,0],"ix":2},"a":{"a":0,"k":[0,0],"ix":1},"s":{"a":0,"k":[100,100],"ix":3},"r":{"a":0,"k":0,"ix":6},"o":{"a":0,"k":100,"ix":7},"sk":{"a":0,"k":0,"ix":4},"sa":{"a":0,"k":0,"ix":5},"nm":"Transform"}],"nm":"Group 1","np":2,"cix":2,"bm":0,"ix":1,"mn":"ADBE Vector Group","hd":false}],"ip":1,"op":60,"st":0,"ct":1,"bm":0},{"ddd":0,"ind":4,"ty":4,"nm":".primary.design","cl":"primary design","parent":3,"td":1,"sr":1,"ks":{"o":{"a":0,"k":100,"ix":11},"r":{"a":0,"k":0,"ix":10},"p":{"a":0,"k":[-9.004,44.605,0],"ix":2,"l":2},"a":{"a":0,"k":[-9.004,44.605,0],"ix":1,"l":2},"s":{"a":0,"k":[100,100,100],"ix":6,"l":2}},"ao":0,"shapes":[{"ty":"gr","it":[{"ind":0,"ty":"sh","ix":1,"ks":{"a":0,"k":{"i":[[28.766,0],[0,0],[0,-28.764],[0,0],[-28.766,0],[0,0],[0,0]],"o":[[0,0],[-28.766,0],[0,0],[0,28.766],[0,0],[0,0],[0,-28.764]],"v":[[5.208,-72.917],[-5.208,-72.917],[-57.292,-20.833],[-57.292,20.833],[-5.208,72.917],[57.292,72.917],[57.292,-20.833]],"c":true},"ix":2},"nm":"Path 1","mn":"ADBE Vector Shape - Group","hd":false},{"ty":"fl","c":{"a":0,"k":[0.169,0.278,0.208,1],"ix":4,"x":"var $bm_rt;\n$bm_rt = comp('system-regular-8-account').layer('control').effect('primary')('Color');"},"o":{"a":0,"k":100,"ix":5},"r":1,"bm":0,"nm":".primary","mn":"ADBE Vector Graphic - Fill","hd":false,"cl":"primary"},{"ty":"tr","p":{"a":0,"k":[0,0],"ix":2},"a":{"a":0,"k":[0,0],"ix":1},"s":{"a":0,"k":[100,100],"ix":3},"r":{"a":0,"k":0,"ix":6},"o":{"a":0,"k":100,"ix":7},"sk":{"a":0,"k":0,"ix":4},"sa":{"a":0,"k":0,"ix":5},"nm":"Transform"}],"nm":"Group 1","np":2,"cix":2,"bm":0,"ix":1,"mn":"ADBE Vector Group","hd":false}],"ip":1,"op":60,"st":0,"ct":1,"bm":0},{"ddd":0,"ind":5,"ty":4,"nm":".primary.design","cl":"primary design","tt":2,"tp":4,"sr":1,"ks":{"o":{"a":0,"k":100,"ix":11},"r":{"a":0,"k":-180,"ix":10},"p":{"a":0,"k":[250.004,250.003,0],"ix":2,"l":2},"a":{"a":0,"k":[0,0,0],"ix":1,"l":2},"s":{"a":0,"k":[100,100,100],"ix":6,"l":2}},"ao":0,"shapes":[{"ty":"gr","it":[{"ind":0,"ty":"sh","ix":1,"ks":{"a":0,"k":{"i":[[-2.572,-106.399],[106.399,-2.572],[2.572,106.399],[-106.399,2.572]],"o":[[2.572,106.399],[-106.399,2.572],[-2.572,-106.399],[106.399,-2.572]],"v":[[192.652,-4.656],[4.656,192.652],[-192.652,4.656],[-4.656,-192.652]],"c":true},"ix":2},"nm":"Path 1","mn":"ADBE Vector Shape - Group","hd":false},{"ty":"st","c":{"a":0,"k":[0.169,0.278,0.208,1],"ix":3,"x":"var $bm_rt;\n$bm_rt = comp('system-regular-8-account').layer('control').effect('primary')('Color');"},"o":{"a":0,"k":100,"ix":4},"w":{"a":0,"k":31.3,"ix":5},"lc":2,"lj":2,"bm":0,"nm":".primary","mn":"ADBE Vector Graphic - Stroke","hd":false,"cl":"primary"},{"ty":"tr","p":{"a":0,"k":[0,0],"ix":2},"a":{"a":0,"k":[0,0],"ix":1},"s":{"a":0,"k":[100,100],"ix":3},"r":{"a":0,"k":0,"ix":6},"o":{"a":0,"k":100,"ix":7},"sk":{"a":0,"k":0,"ix":4},"sa":{"a":0,"k":0,"ix":5},"nm":"Transform"}],"nm":"Group 1","np":2,"cix":2,"bm":0,"ix":1,"mn":"ADBE Vector Group","hd":false}],"ip":1,"op":60,"st":0,"ct":1,"bm":0},{"ddd":0,"ind":6,"ty":4,"nm":".primary.design","cl":"primary design","td":1,"sr":1,"ks":{"o":{"a":0,"k":100,"ix":11},"r":{"a":0,"k":-180,"ix":10},"p":{"a":0,"k":[250.004,250.003,0],"ix":2,"l":2},"a":{"a":0,"k":[0,0,0],"ix":1,"l":2},"s":{"a":0,"k":[100,100,100],"ix":6,"l":2}},"ao":0,"shapes":[{"ty":"gr","it":[{"ind":0,"ty":"sh","ix":1,"ks":{"a":0,"k":{"i":[[-2.572,-106.399],[106.399,-2.572],[2.572,106.399],[-106.399,2.572]],"o":[[2.572,106.399],[-106.399,2.572],[-2.572,-106.399],[106.399,-2.572]],"v":[[192.652,-4.656],[4.656,192.652],[-192.652,4.656],[-4.656,-192.652]],"c":true},"ix":2},"nm":"Path 1","mn":"ADBE Vector Shape - Group","hd":false},{"ty":"fl","c":{"a":0,"k":[0.169,0.278,0.208,1],"ix":4,"x":"var $bm_rt;\n$bm_rt = comp('system-regular-8-account').layer('control').effect('primary')('Color');"},"o":{"a":0,"k":100,"ix":5},"r":1,"bm":0,"nm":".primary","mn":"ADBE Vector Graphic - Fill","hd":false,"cl":"primary"},{"ty":"tr","p":{"a":0,"k":[0,0],"ix":2},"a":{"a":0,"k":[0,0],"ix":1},"s":{"a":0,"k":[100,100],"ix":3},"r":{"a":0,"k":0,"ix":6},"o":{"a":0,"k":100,"ix":7},"sk":{"a":0,"k":0,"ix":4},"sa":{"a":0,"k":0,"ix":5},"nm":"Transform"}],"nm":"Group 1","np":2,"cix":2,"bm":0,"ix":1,"mn":"ADBE Vector Group","hd":false}],"ip":1,"op":60,"st":0,"ct":1,"bm":0},{"ddd":0,"ind":7,"ty":4,"nm":".primary.design","cl":"primary design","tt":1,"tp":6,"sr":1,"ks":{"o":{"a":0,"k":100,"ix":11},"r":{"a":0,"k":0,"ix":10},"p":{"a":1,"k":[{"i":{"x":0.667,"y":1},"o":{"x":0.167,"y":0.167},"t":1,"s":[250.5,301.226,0],"to":[0,0,0],"ti":[0,0,0]},{"i":{"x":0.4,"y":1},"o":{"x":0.333,"y":0},"t":6,"s":[250.5,329.226,0],"to":[0,0,0],"ti":[0,0,0]},{"i":{"x":0.667,"y":1},"o":{"x":0.6,"y":0},"t":19,"s":[250.5,249.226,0],"to":[0,0,0],"ti":[0,0,0]},{"i":{"x":0.667,"y":1},"o":{"x":0.333,"y":0},"t":34,"s":[250.5,341.226,0],"to":[0,0,0],"ti":[0,0,0]},{"t":47,"s":[250.5,301.226,0]}],"ix":2,"l":2},"a":{"a":0,"k":[0.496,108.519,0],"ix":1,"l":2},"s":{"a":0,"k":[100,100,100],"ix":6,"l":2}},"ao":0,"shapes":[{"ty":"gr","it":[{"ty":"st","c":{"a":0,"k":[0.169,0.278,0.208,1],"ix":3,"x":"var $bm_rt;\n$bm_rt = comp('system-regular-8-account').layer('control').effect('primary')('Color');"},"o":{"a":0,"k":100,"ix":4},"w":{"a":0,"k":31.3,"ix":5},"lc":2,"lj":2,"bm":0,"nm":".primary","mn":"ADBE Vector Graphic - Stroke","hd":false,"cl":"primary"},{"ty":"tr","p":{"a":0,"k":[22,40],"ix":2},"a":{"a":0,"k":[0,0],"ix":1},"s":{"a":0,"k":[100,100],"ix":3},"r":{"a":0,"k":31,"ix":6},"o":{"a":0,"k":0,"ix":7},"sk":{"a":0,"k":0,"ix":4},"sa":{"a":0,"k":0,"ix":5},"nm":"Transform"}],"nm":"Group 1","np":1,"cix":2,"bm":0,"ix":1,"mn":"ADBE Vector Group","hd":false},{"ty":"gr","it":[{"ind":0,"ty":"sh","ix":1,"ks":{"a":0,"k":{"i":[[0,0],[-8.125,37.5],[-39.792,0],[0,0],[-8.125,-37.5],[0,0]],"o":[[0,0],[8.125,-37.5],[0,0],[39.792,0],[0,0],[0,0]],"v":[[-146.004,115.955],[-128.126,32.708],[-46.875,-32.708],[46.875,-32.708],[128.126,32.708],[146.996,121.955]],"c":false},"ix":2},"nm":"Path 1","mn":"ADBE Vector Shape - Group","hd":false},{"ty":"st","c":{"a":0,"k":[0.169,0.278,0.208,1],"ix":3,"x":"var $bm_rt;\n$bm_rt = comp('system-regular-8-account').layer('control').effect('primary')('Color');"},"o":{"a":0,"k":100,"ix":4},"w":{"a":0,"k":31.3,"ix":5},"lc":2,"lj":2,"bm":0,"nm":".primary","mn":"ADBE Vector Graphic - Stroke","hd":false,"cl":"primary"},{"ty":"tr","p":{"a":0,"k":[0,168],"ix":2},"a":{"a":0,"k":[0,0],"ix":1},"s":{"a":0,"k":[100,100],"ix":3},"r":{"a":0,"k":0,"ix":6},"o":{"a":0,"k":100,"ix":7},"sk":{"a":0,"k":0,"ix":4},"sa":{"a":0,"k":0,"ix":5},"nm":"Transform"}],"nm":"Group 2","np":2,"cix":2,"bm":0,"ix":2,"mn":"ADBE Vector Group","hd":false}],"ip":1,"op":60,"st":0,"ct":1,"bm":0}]}],"layers":[{"ddd":0,"ind":1,"ty":3,"nm":"control","sr":1,"ks":{"o":{"a":0,"k":0,"ix":11},"r":{"a":0,"k":0,"ix":10},"p":{"a":0,"k":[0,0],"ix":2,"l":2},"a":{"a":0,"k":[0,0,0],"ix":1,"l":2},"s":{"a":0,"k":[100,100,100],"ix":6,"l":2}},"ao":0,"ef":[{"ty":5,"nm":"primary","np":3,"mn":"ADBE Color Control","ix":1,"en":1,"ef":[{"ty":2,"nm":"Color","mn":"ADBE Color Control-0001","ix":1,"v":{"a":0,"k":[0.169,0.278,0.208],"ix":1}}]}],"ip":0,"op":131,"st":0,"bm":0},{"ddd":0,"ind":2,"ty":0,"nm":"in-account","refId":"comp_0","sr":1,"ks":{"o":{"a":0,"k":100,"ix":11},"r":{"a":0,"k":0,"ix":10},"p":{"a":0,"k":[250,250,0],"ix":2,"l":2},"a":{"a":0,"k":[250,250,0],"ix":1,"l":2},"s":{"a":0,"k":[100,100,100],"ix":6,"l":2}},"ao":0,"w":500,"h":500,"ip":0,"op":70,"st":0,"bm":0},{"ddd":0,"ind":3,"ty":0,"nm":"hover-account","refId":"comp_1","sr":1,"ks":{"o":{"a":0,"k":100,"ix":11},"r":{"a":0,"k":0,"ix":10},"p":{"a":0,"k":[250,250,0],"ix":2,"l":2},"a":{"a":0,"k":[250,250,0],"ix":1,"l":2},"s":{"a":0,"k":[100,100,100],"ix":6,"l":2}},"ao":0,"w":500,"h":500,"ip":70,"op":140,"st":70,"bm":0}],"markers":[{"tm":0,"cm":"in-account","dr":60},{"tm":70,"cm":"default:hover-account","dr":60}],"props":{}}