{"v":"5.12.1","fr":60,"ip":100,"op":190,"w":500,"h":500,"nm":"system-regular-69-document-scan","ddd":0,"assets":[{"id":"comp_0","nm":"in-scan","fr":60,"layers":[{"ddd":0,"ind":1,"ty":4,"nm":".primary.design","cl":"primary design","sr":1,"ks":{"o":{"a":0,"k":100,"ix":11},"r":{"a":0,"k":0,"ix":10},"p":{"a":0,"k":[250.003,250.003,0],"ix":2,"l":2},"a":{"a":0,"k":[0,0,0],"ix":1,"l":2},"s":{"a":0,"k":[100,100,100],"ix":6,"l":2}},"ao":0,"shapes":[{"ty":"gr","it":[{"ind":0,"ty":"sh","ix":1,"ks":{"a":0,"k":{"i":[[8.644,0],[0,0],[0,8.643],[-8.644,0],[0,0],[0,-8.643]],"o":[[0,0],[-8.644,0],[0,-8.643],[0,0],[8.644,0],[0,8.643]],"v":[[171.875,15.65],[-171.875,15.65],[-187.525,0],[-171.875,-15.65],[171.875,-15.65],[187.525,0]],"c":true},"ix":2},"nm":"Path 1","mn":"ADBE Vector Shape - Group","hd":false},{"ty":"fl","c":{"a":0,"k":[0.169,0.278,0.208,1],"ix":4,"x":"var $bm_rt;\n$bm_rt = comp('system-regular-69-document-scan').layer('control').effect('primary')('Color');"},"o":{"a":0,"k":100,"ix":5},"r":1,"bm":0,"nm":".primary","mn":"ADBE Vector Graphic - Fill","hd":false,"cl":"primary"},{"ty":"tr","p":{"a":0,"k":[0,0],"ix":2},"a":{"a":0,"k":[0,0],"ix":1},"s":{"a":0,"k":[100,100],"ix":3},"r":{"a":0,"k":0,"ix":6},"o":{"a":0,"k":100,"ix":7},"sk":{"a":0,"k":0,"ix":4},"sa":{"a":0,"k":0,"ix":5},"nm":"Transform"}],"nm":"Group 1","np":2,"cix":2,"bm":0,"ix":1,"mn":"ADBE Vector Group","hd":false}],"ip":60,"op":300,"st":0,"ct":1,"bm":0},{"ddd":0,"ind":2,"ty":4,"nm":".primary.design","cl":"primary design","sr":1,"ks":{"o":{"a":0,"k":100,"ix":11},"r":{"a":0,"k":0,"ix":10},"p":{"a":0,"k":[250.001,250.001,0],"ix":2,"l":2},"a":{"a":0,"k":[250.001,250.001,0],"ix":1,"l":2},"s":{"a":0,"k":[100,100,100],"ix":6,"l":2}},"ao":0,"shapes":[{"ty":"gr","it":[{"ind":0,"ty":"sh","ix":1,"ks":{"a":0,"k":{"i":[[8.644,0],[0,8.643],[0,0],[2.858,0],[0,0],[0,8.643],[-8.644,0],[0,0],[0,-20.117],[0,0]],"o":[[-8.644,0],[0,0],[0,-2.858],[0,0],[-8.644,0],[0,-8.643],[0,0],[20.117,0],[0,0],[0,8.643]],"v":[[46.875,62.525],[31.225,46.875],[31.225,-26.041],[26.041,-31.225],[-46.875,-31.225],[-62.525,-46.875],[-46.875,-62.525],[26.041,-62.525],[62.525,-26.041],[62.525,46.875]],"c":true},"ix":2},"nm":"Path 1","mn":"ADBE Vector Shape - Group","hd":false},{"ty":"fl","c":{"a":0,"k":[0.169,0.278,0.208,1],"ix":4,"x":"var $bm_rt;\n$bm_rt = comp('system-regular-69-document-scan').layer('control').effect('primary')('Color');"},"o":{"a":0,"k":100,"ix":5},"r":1,"bm":0,"nm":".primary","mn":"ADBE Vector Graphic - Fill","hd":false,"cl":"primary"},{"ty":"tr","p":{"a":0,"k":[374.998,125.001],"ix":2},"a":{"a":0,"k":[0,0],"ix":1},"s":{"a":0,"k":[100,100],"ix":3},"r":{"a":0,"k":0,"ix":6},"o":{"a":0,"k":100,"ix":7},"sk":{"a":0,"k":0,"ix":4},"sa":{"a":0,"k":0,"ix":5},"nm":"Transform"}],"nm":"Group 1","np":2,"cix":2,"bm":0,"ix":1,"mn":"ADBE Vector Group","hd":false},{"ty":"gr","it":[{"ind":0,"ty":"sh","ix":1,"ks":{"a":0,"k":{"i":[[8.644,0],[0,0],[0,20.117],[0,0],[-8.644,0],[0,-8.643],[0,0],[-2.857,0],[0,0],[0,-8.643]],"o":[[0,0],[-20.117,0],[0,0],[0,-8.643],[8.644,0],[0,0],[0,2.858],[0,0],[8.644,0],[0,8.643]],"v":[[46.875,62.524],[-26.042,62.524],[-62.525,26.041],[-62.525,-46.875],[-46.875,-62.524],[-31.224,-46.875],[-31.224,26.041],[-26.042,31.225],[46.875,31.225],[62.525,46.875]],"c":true},"ix":2},"nm":"Path 1","mn":"ADBE Vector Shape - Group","hd":false},{"ty":"fl","c":{"a":0,"k":[0.169,0.278,0.208,1],"ix":4,"x":"var $bm_rt;\n$bm_rt = comp('system-regular-69-document-scan').layer('control').effect('primary')('Color');"},"o":{"a":0,"k":100,"ix":5},"r":1,"bm":0,"nm":".primary","mn":"ADBE Vector Graphic - Fill","hd":false,"cl":"primary"},{"ty":"tr","p":{"a":0,"k":[124.998,374.999],"ix":2},"a":{"a":0,"k":[0,0],"ix":1},"s":{"a":0,"k":[100,100],"ix":3},"r":{"a":0,"k":0,"ix":6},"o":{"a":0,"k":100,"ix":7},"sk":{"a":0,"k":0,"ix":4},"sa":{"a":0,"k":0,"ix":5},"nm":"Transform"}],"nm":"Group 2","np":2,"cix":2,"bm":0,"ix":2,"mn":"ADBE Vector Group","hd":false},{"ty":"gr","it":[{"ind":0,"ty":"sh","ix":1,"ks":{"a":0,"k":{"i":[[8.644,0],[0,8.643],[0,0],[-20.117,0],[0,0],[0,-8.643],[8.644,0],[0,0],[0,-2.858],[0,0]],"o":[[-8.644,0],[0,0],[0,-20.117],[0,0],[8.644,0],[0,8.643],[0,0],[-2.857,0],[0,0],[0,8.643]],"v":[[-46.875,62.524],[-62.525,46.875],[-62.525,-26.042],[-26.042,-62.524],[46.875,-62.524],[62.525,-46.875],[46.875,-31.225],[-26.042,-31.225],[-31.224,-26.042],[-31.224,46.875]],"c":true},"ix":2},"nm":"Path 1","mn":"ADBE Vector Shape - Group","hd":false},{"ty":"fl","c":{"a":0,"k":[0.169,0.278,0.208,1],"ix":4,"x":"var $bm_rt;\n$bm_rt = comp('system-regular-69-document-scan').layer('control').effect('primary')('Color');"},"o":{"a":0,"k":100,"ix":5},"r":1,"bm":0,"nm":".primary","mn":"ADBE Vector Graphic - Fill","hd":false,"cl":"primary"},{"ty":"tr","p":{"a":0,"k":[124.998,124.998],"ix":2},"a":{"a":0,"k":[0,0],"ix":1},"s":{"a":0,"k":[100,100],"ix":3},"r":{"a":0,"k":0,"ix":6},"o":{"a":0,"k":100,"ix":7},"sk":{"a":0,"k":0,"ix":4},"sa":{"a":0,"k":0,"ix":5},"nm":"Transform"}],"nm":"Group 3","np":2,"cix":2,"bm":0,"ix":3,"mn":"ADBE Vector Group","hd":false},{"ty":"gr","it":[{"ind":0,"ty":"sh","ix":1,"ks":{"a":0,"k":{"i":[[20.117,0],[0,0],[0,8.643],[-8.644,0],[0,0],[0,2.858],[0,0],[-8.644,0],[0,-8.643],[0,0]],"o":[[0,0],[-8.644,0],[0,-8.643],[0,0],[2.857,0],[0,0],[0,-8.643],[8.644,0],[0,0],[0,20.117]],"v":[[26.042,62.525],[-46.875,62.525],[-62.525,46.875],[-46.875,31.225],[26.042,31.225],[31.224,26.041],[31.224,-46.875],[46.875,-62.525],[62.525,-46.875],[62.525,26.041]],"c":true},"ix":2},"nm":"Path 1","mn":"ADBE Vector Shape - Group","hd":false},{"ty":"fl","c":{"a":0,"k":[0.169,0.278,0.208,1],"ix":4,"x":"var $bm_rt;\n$bm_rt = comp('system-regular-69-document-scan').layer('control').effect('primary')('Color');"},"o":{"a":0,"k":100,"ix":5},"r":1,"bm":0,"nm":".primary","mn":"ADBE Vector Graphic - Fill","hd":false,"cl":"primary"},{"ty":"tr","p":{"a":0,"k":[375.004,375.003],"ix":2},"a":{"a":0,"k":[0,0],"ix":1},"s":{"a":0,"k":[100,100],"ix":3},"r":{"a":0,"k":0,"ix":6},"o":{"a":0,"k":100,"ix":7},"sk":{"a":0,"k":0,"ix":4},"sa":{"a":0,"k":0,"ix":5},"nm":"Transform"}],"nm":"Group 4","np":2,"cix":2,"bm":0,"ix":4,"mn":"ADBE Vector Group","hd":false}],"ip":60,"op":300,"st":0,"ct":1,"bm":0},{"ddd":0,"ind":3,"ty":4,"nm":".primary.design","cl":"primary design","sr":1,"ks":{"o":{"a":0,"k":100,"ix":11},"r":{"a":0,"k":0,"ix":10},"p":{"a":0,"k":[250.004,250.003,0],"ix":2,"l":2},"a":{"a":0,"k":[0,0,0],"ix":1,"l":2},"s":{"a":0,"k":[100,100,100],"ix":6,"l":2}},"ao":0,"shapes":[{"ty":"gr","it":[{"ind":0,"ty":"sh","ix":1,"ks":{"a":1,"k":[{"i":{"x":0,"y":1},"o":{"x":0.167,"y":0.167},"t":10,"s":[{"i":[[0,0],[0,0]],"o":[[0,0],[0,0]],"v":[[0.004,0],[-0.004,0]],"c":false}]},{"t":60,"s":[{"i":[[0,0],[0,0]],"o":[[0,0],[0,0]],"v":[[-171.875,0],[171.875,0]],"c":false}]}],"ix":2},"nm":"Path 1","mn":"ADBE Vector Shape - Group","hd":false},{"ty":"st","c":{"a":0,"k":[0.169,0.278,0.208,1],"ix":3,"x":"var $bm_rt;\n$bm_rt = comp('system-regular-69-document-scan').layer('control').effect('primary')('Color');"},"o":{"a":0,"k":100,"ix":4},"w":{"a":0,"k":31.3,"ix":5},"lc":2,"lj":2,"bm":0,"nm":".primary","mn":"ADBE Vector Graphic - Stroke","hd":false,"cl":"primary"},{"ty":"tr","p":{"a":0,"k":[0,0],"ix":2},"a":{"a":0,"k":[0,0],"ix":1},"s":{"a":0,"k":[100,100],"ix":3},"r":{"a":0,"k":0,"ix":6},"o":{"a":0,"k":100,"ix":7},"sk":{"a":0,"k":0,"ix":4},"sa":{"a":0,"k":0,"ix":5},"nm":"Transform"}],"nm":"Group 1","np":2,"cix":2,"bm":0,"ix":1,"mn":"ADBE Vector Group","hd":false}],"ip":10,"op":60,"st":0,"ct":1,"bm":0},{"ddd":0,"ind":4,"ty":4,"nm":".primary.design","cl":"primary design","sr":1,"ks":{"o":{"a":0,"k":100,"ix":11},"r":{"a":0,"k":0,"ix":10},"p":{"a":0,"k":[250.001,250.001,0],"ix":2,"l":2},"a":{"a":0,"k":[250.001,250.001,0],"ix":1,"l":2},"s":{"a":0,"k":[100,100,100],"ix":6,"l":2}},"ao":0,"shapes":[{"ty":"gr","it":[{"ind":0,"ty":"sh","ix":1,"ks":{"a":1,"k":[{"i":{"x":0.833,"y":0.833},"o":{"x":0.167,"y":0.167},"t":0,"s":[{"i":[[0,0],[0,0],[0,-0.25],[0,0]],"o":[[0,0],[0.25,0],[0,0],[0,0]],"v":[[-125.038,123.001],[-123.451,123.001],[-122.998,123.454],[-122.998,125.04]],"c":false}]},{"i":{"x":0.04,"y":1},"o":{"x":0.167,"y":0.167},"t":10,"s":[{"i":[[0,0],[0,0],[0,-11.506],[0,0]],"o":[[0,0],[11.506,0],[0,0],[0,0]],"v":[[-126.875,33.125],[-53.959,33.125],[-33.125,53.959],[-33.125,126.875]],"c":false}]},{"t":45,"s":[{"i":[[0,0],[0,0],[0,-11.506],[0,0]],"o":[[0,0],[11.506,0],[0,0],[0,0]],"v":[[-46.875,-46.875],[26.041,-46.875],[46.875,-26.041],[46.875,46.875]],"c":false}]}],"ix":2},"nm":"Path 1","mn":"ADBE Vector Shape - Group","hd":false},{"ind":1,"ty":"sh","ix":2,"ks":{"a":1,"k":[{"i":{"x":0.833,"y":0.833},"o":{"x":0.167,"y":0.167},"t":0,"s":[{"i":[[0,0],[0,0],[0,0.25],[0,0]],"o":[[0,0],[-0.25,0],[0,0],[0,0]],"v":[[-124.956,126.998],[-126.543,126.998],[-126.996,126.545],[-126.996,124.959]],"c":false}]},{"i":{"x":0.04,"y":1},"o":{"x":0.167,"y":0.167},"t":10,"s":[{"i":[[0,0],[0,0],[0,11.506],[0,0]],"o":[[0,0],[-11.506,0],[0,0],[0,0]],"v":[[-123.126,216.872],[-196.042,216.872],[-216.875,196.039],[-216.875,123.123]],"c":false}]},{"t":45,"s":[{"i":[[0,0],[0,0],[0,11.506],[0,0]],"o":[[0,0],[-11.506,0],[0,0],[0,0]],"v":[[-203.126,296.872],[-276.042,296.872],[-296.875,276.039],[-296.875,203.123]],"c":false}]}],"ix":2},"nm":"Path 2","mn":"ADBE Vector Shape - Group","hd":false},{"ind":2,"ty":"sh","ix":3,"ks":{"a":1,"k":[{"i":{"x":0.833,"y":0.833},"o":{"x":0.167,"y":0.167},"t":0,"s":[{"i":[[0,0],[0,0],[-0.25,0],[0,0]],"o":[[0,0],[0,-0.25],[0,0],[0,0]],"v":[[-126.996,125.04],[-126.996,123.454],[-126.543,123.001],[-124.956,123.001]],"c":false}]},{"i":{"x":0.04,"y":1},"o":{"x":0.167,"y":0.167},"t":10,"s":[{"i":[[0,0],[0,0],[-11.506,0],[0,0]],"o":[[0,0],[0,-11.506],[0,0],[0,0]],"v":[[-216.875,126.872],[-216.875,53.956],[-196.042,33.122],[-123.126,33.122]],"c":false}]},{"t":45,"s":[{"i":[[0,0],[0,0],[-11.506,0],[0,0]],"o":[[0,0],[0,-11.506],[0,0],[0,0]],"v":[[-296.875,46.872],[-296.875,-26.044],[-276.042,-46.878],[-203.126,-46.878]],"c":false}]}],"ix":2},"nm":"Path 3","mn":"ADBE Vector Shape - Group","hd":false},{"ind":3,"ty":"sh","ix":4,"ks":{"a":1,"k":[{"i":{"x":0.833,"y":0.833},"o":{"x":0.167,"y":0.167},"t":0,"s":[{"i":[[0,0],[0,0],[0.25,0],[0,0]],"o":[[0,0],[0,0.25],[0,0],[0,0]],"v":[[-122.998,124.959],[-122.998,126.545],[-123.451,126.998],[-125.038,126.998]],"c":false}]},{"i":{"x":0.04,"y":1},"o":{"x":0.167,"y":0.167},"t":10,"s":[{"i":[[0,0],[0,0],[11.506,0],[0,0]],"o":[[0,0],[0,11.506],[0,0],[0,0]],"v":[[-33.119,123.127],[-33.119,196.043],[-53.952,216.877],[-126.868,216.877]],"c":false}]},{"t":45,"s":[{"i":[[0,0],[0,0],[11.506,0],[0,0]],"o":[[0,0],[0,11.506],[0,0],[0,0]],"v":[[46.881,203.127],[46.881,276.043],[26.048,296.877],[-46.868,296.877]],"c":false}]}],"ix":2},"nm":"Path 4","mn":"ADBE Vector Shape - Group","hd":false},{"ty":"st","c":{"a":0,"k":[0.169,0.278,0.208,1],"ix":3,"x":"var $bm_rt;\n$bm_rt = comp('system-regular-69-document-scan').layer('control').effect('primary')('Color');"},"o":{"a":0,"k":100,"ix":4},"w":{"a":0,"k":31.3,"ix":5},"lc":2,"lj":2,"bm":0,"nm":".primary","mn":"ADBE Vector Graphic - Stroke","hd":false,"cl":"primary"},{"ty":"tr","p":{"a":0,"k":[374.998,125.001],"ix":2},"a":{"a":0,"k":[0,0],"ix":1},"s":{"a":0,"k":[100,100],"ix":3},"r":{"a":0,"k":0,"ix":6},"o":{"a":0,"k":100,"ix":7},"sk":{"a":0,"k":0,"ix":4},"sa":{"a":0,"k":0,"ix":5},"nm":"Transform"}],"nm":"Group 1","np":5,"cix":2,"bm":0,"ix":1,"mn":"ADBE Vector Group","hd":false}],"ip":1,"op":60,"st":0,"ct":1,"bm":0}]},{"id":"comp_1","nm":"hover-scan","fr":60,"layers":[{"ddd":0,"ind":1,"ty":4,"nm":".primary.design","cl":"primary design","sr":1,"ks":{"o":{"a":0,"k":100,"ix":11},"r":{"a":0,"k":0,"ix":10},"p":{"a":0,"k":[250.003,250.003,0],"ix":2,"l":2},"a":{"a":0,"k":[0,0,0],"ix":1,"l":2},"s":{"a":0,"k":[100,100,100],"ix":6,"l":2}},"ao":0,"shapes":[{"ty":"gr","it":[{"ind":0,"ty":"sh","ix":1,"ks":{"a":0,"k":{"i":[[8.644,0],[0,0],[0,8.643],[-8.644,0],[0,0],[0,-8.643]],"o":[[0,0],[-8.644,0],[0,-8.643],[0,0],[8.644,0],[0,8.643]],"v":[[171.875,15.65],[-171.875,15.65],[-187.525,0],[-171.875,-15.65],[171.875,-15.65],[187.525,0]],"c":true},"ix":2},"nm":"Path 1","mn":"ADBE Vector Shape - Group","hd":false},{"ty":"fl","c":{"a":0,"k":[0.169,0.278,0.208,1],"ix":4,"x":"var $bm_rt;\n$bm_rt = comp('system-regular-69-document-scan').layer('control').effect('primary')('Color');"},"o":{"a":0,"k":100,"ix":5},"r":1,"bm":0,"nm":".primary","mn":"ADBE Vector Graphic - Fill","hd":false,"cl":"primary"},{"ty":"tr","p":{"a":0,"k":[0,0],"ix":2},"a":{"a":0,"k":[0,0],"ix":1},"s":{"a":0,"k":[100,100],"ix":3},"r":{"a":0,"k":0,"ix":6},"o":{"a":0,"k":100,"ix":7},"sk":{"a":0,"k":0,"ix":4},"sa":{"a":0,"k":0,"ix":5},"nm":"Transform"}],"nm":"Group 1","np":2,"cix":2,"bm":0,"ix":1,"mn":"ADBE Vector Group","hd":false}],"ip":90,"op":300,"st":0,"ct":1,"bm":0},{"ddd":0,"ind":2,"ty":4,"nm":".primary.design","cl":"primary design","sr":1,"ks":{"o":{"a":0,"k":100,"ix":11},"r":{"a":0,"k":0,"ix":10},"p":{"a":0,"k":[250.001,250.001,0],"ix":2,"l":2},"a":{"a":0,"k":[250.001,250.001,0],"ix":1,"l":2},"s":{"a":0,"k":[100,100,100],"ix":6,"l":2}},"ao":0,"shapes":[{"ty":"gr","it":[{"ind":0,"ty":"sh","ix":1,"ks":{"a":0,"k":{"i":[[8.644,0],[0,8.643],[0,0],[2.858,0],[0,0],[0,8.643],[-8.644,0],[0,0],[0,-20.117],[0,0]],"o":[[-8.644,0],[0,0],[0,-2.858],[0,0],[-8.644,0],[0,-8.643],[0,0],[20.117,0],[0,0],[0,8.643]],"v":[[46.875,62.525],[31.225,46.875],[31.225,-26.041],[26.041,-31.225],[-46.875,-31.225],[-62.525,-46.875],[-46.875,-62.525],[26.041,-62.525],[62.525,-26.041],[62.525,46.875]],"c":true},"ix":2},"nm":"Path 1","mn":"ADBE Vector Shape - Group","hd":false},{"ty":"fl","c":{"a":0,"k":[0.169,0.278,0.208,1],"ix":4,"x":"var $bm_rt;\n$bm_rt = comp('system-regular-69-document-scan').layer('control').effect('primary')('Color');"},"o":{"a":0,"k":100,"ix":5},"r":1,"bm":0,"nm":".primary","mn":"ADBE Vector Graphic - Fill","hd":false,"cl":"primary"},{"ty":"tr","p":{"a":0,"k":[374.998,125.001],"ix":2},"a":{"a":0,"k":[0,0],"ix":1},"s":{"a":0,"k":[100,100],"ix":3},"r":{"a":0,"k":0,"ix":6},"o":{"a":0,"k":100,"ix":7},"sk":{"a":0,"k":0,"ix":4},"sa":{"a":0,"k":0,"ix":5},"nm":"Transform"}],"nm":"Group 1","np":2,"cix":2,"bm":0,"ix":1,"mn":"ADBE Vector Group","hd":false},{"ty":"gr","it":[{"ind":0,"ty":"sh","ix":1,"ks":{"a":0,"k":{"i":[[8.644,0],[0,0],[0,20.117],[0,0],[-8.644,0],[0,-8.643],[0,0],[-2.857,0],[0,0],[0,-8.643]],"o":[[0,0],[-20.117,0],[0,0],[0,-8.643],[8.644,0],[0,0],[0,2.858],[0,0],[8.644,0],[0,8.643]],"v":[[46.875,62.524],[-26.042,62.524],[-62.525,26.041],[-62.525,-46.875],[-46.875,-62.524],[-31.224,-46.875],[-31.224,26.041],[-26.042,31.225],[46.875,31.225],[62.525,46.875]],"c":true},"ix":2},"nm":"Path 1","mn":"ADBE Vector Shape - Group","hd":false},{"ty":"fl","c":{"a":0,"k":[0.169,0.278,0.208,1],"ix":4,"x":"var $bm_rt;\n$bm_rt = comp('system-regular-69-document-scan').layer('control').effect('primary')('Color');"},"o":{"a":0,"k":100,"ix":5},"r":1,"bm":0,"nm":".primary","mn":"ADBE Vector Graphic - Fill","hd":false,"cl":"primary"},{"ty":"tr","p":{"a":0,"k":[124.998,374.999],"ix":2},"a":{"a":0,"k":[0,0],"ix":1},"s":{"a":0,"k":[100,100],"ix":3},"r":{"a":0,"k":0,"ix":6},"o":{"a":0,"k":100,"ix":7},"sk":{"a":0,"k":0,"ix":4},"sa":{"a":0,"k":0,"ix":5},"nm":"Transform"}],"nm":"Group 2","np":2,"cix":2,"bm":0,"ix":2,"mn":"ADBE Vector Group","hd":false},{"ty":"gr","it":[{"ind":0,"ty":"sh","ix":1,"ks":{"a":0,"k":{"i":[[8.644,0],[0,8.643],[0,0],[-20.117,0],[0,0],[0,-8.643],[8.644,0],[0,0],[0,-2.858],[0,0]],"o":[[-8.644,0],[0,0],[0,-20.117],[0,0],[8.644,0],[0,8.643],[0,0],[-2.857,0],[0,0],[0,8.643]],"v":[[-46.875,62.524],[-62.525,46.875],[-62.525,-26.042],[-26.042,-62.524],[46.875,-62.524],[62.525,-46.875],[46.875,-31.225],[-26.042,-31.225],[-31.224,-26.042],[-31.224,46.875]],"c":true},"ix":2},"nm":"Path 1","mn":"ADBE Vector Shape - Group","hd":false},{"ty":"fl","c":{"a":0,"k":[0.169,0.278,0.208,1],"ix":4,"x":"var $bm_rt;\n$bm_rt = comp('system-regular-69-document-scan').layer('control').effect('primary')('Color');"},"o":{"a":0,"k":100,"ix":5},"r":1,"bm":0,"nm":".primary","mn":"ADBE Vector Graphic - Fill","hd":false,"cl":"primary"},{"ty":"tr","p":{"a":0,"k":[124.998,124.998],"ix":2},"a":{"a":0,"k":[0,0],"ix":1},"s":{"a":0,"k":[100,100],"ix":3},"r":{"a":0,"k":0,"ix":6},"o":{"a":0,"k":100,"ix":7},"sk":{"a":0,"k":0,"ix":4},"sa":{"a":0,"k":0,"ix":5},"nm":"Transform"}],"nm":"Group 3","np":2,"cix":2,"bm":0,"ix":3,"mn":"ADBE Vector Group","hd":false},{"ty":"gr","it":[{"ind":0,"ty":"sh","ix":1,"ks":{"a":0,"k":{"i":[[20.117,0],[0,0],[0,8.643],[-8.644,0],[0,0],[0,2.858],[0,0],[-8.644,0],[0,-8.643],[0,0]],"o":[[0,0],[-8.644,0],[0,-8.643],[0,0],[2.857,0],[0,0],[0,-8.643],[8.644,0],[0,0],[0,20.117]],"v":[[26.042,62.525],[-46.875,62.525],[-62.525,46.875],[-46.875,31.225],[26.042,31.225],[31.224,26.041],[31.224,-46.875],[46.875,-62.525],[62.525,-46.875],[62.525,26.041]],"c":true},"ix":2},"nm":"Path 1","mn":"ADBE Vector Shape - Group","hd":false},{"ty":"fl","c":{"a":0,"k":[0.169,0.278,0.208,1],"ix":4,"x":"var $bm_rt;\n$bm_rt = comp('system-regular-69-document-scan').layer('control').effect('primary')('Color');"},"o":{"a":0,"k":100,"ix":5},"r":1,"bm":0,"nm":".primary","mn":"ADBE Vector Graphic - Fill","hd":false,"cl":"primary"},{"ty":"tr","p":{"a":0,"k":[375.004,375.003],"ix":2},"a":{"a":0,"k":[0,0],"ix":1},"s":{"a":0,"k":[100,100],"ix":3},"r":{"a":0,"k":0,"ix":6},"o":{"a":0,"k":100,"ix":7},"sk":{"a":0,"k":0,"ix":4},"sa":{"a":0,"k":0,"ix":5},"nm":"Transform"}],"nm":"Group 4","np":2,"cix":2,"bm":0,"ix":4,"mn":"ADBE Vector Group","hd":false}],"ip":90,"op":300,"st":0,"ct":1,"bm":0},{"ddd":0,"ind":3,"ty":4,"nm":".primary.design","cl":"primary design","sr":1,"ks":{"o":{"a":0,"k":100,"ix":11},"r":{"a":0,"k":0,"ix":10},"p":{"a":0,"k":[250.003,250.003,0],"ix":2,"l":2},"a":{"a":0,"k":[0,0,0],"ix":1,"l":2},"s":{"a":0,"k":[100,100,100],"ix":6,"l":2}},"ao":0,"shapes":[{"ty":"gr","it":[{"ind":0,"ty":"sh","ix":1,"ks":{"a":0,"k":{"i":[[8.644,0],[0,0],[0,8.643],[-8.644,0],[0,0],[0,-8.643]],"o":[[0,0],[-8.644,0],[0,-8.643],[0,0],[8.644,0],[0,8.643]],"v":[[171.875,15.65],[-171.875,15.65],[-187.525,0],[-171.875,-15.65],[171.875,-15.65],[187.525,0]],"c":true},"ix":2},"nm":"Path 1","mn":"ADBE Vector Shape - Group","hd":false},{"ty":"fl","c":{"a":0,"k":[0.169,0.278,0.208,1],"ix":4,"x":"var $bm_rt;\n$bm_rt = comp('system-regular-69-document-scan').layer('control').effect('primary')('Color');"},"o":{"a":0,"k":100,"ix":5},"r":1,"bm":0,"nm":".primary","mn":"ADBE Vector Graphic - Fill","hd":false,"cl":"primary"},{"ty":"tr","p":{"a":0,"k":[0,0],"ix":2},"a":{"a":0,"k":[0,0],"ix":1},"s":{"a":0,"k":[100,100],"ix":3},"r":{"a":0,"k":0,"ix":6},"o":{"a":0,"k":100,"ix":7},"sk":{"a":0,"k":0,"ix":4},"sa":{"a":0,"k":0,"ix":5},"nm":"Transform"}],"nm":"Group 1","np":2,"cix":2,"bm":0,"ix":1,"mn":"ADBE Vector Group","hd":false}],"ip":0,"op":1,"st":0,"ct":1,"bm":0},{"ddd":0,"ind":4,"ty":4,"nm":".primary.design","cl":"primary design","sr":1,"ks":{"o":{"a":0,"k":100,"ix":11},"r":{"a":0,"k":0,"ix":10},"p":{"a":0,"k":[250.001,250.001,0],"ix":2,"l":2},"a":{"a":0,"k":[250.001,250.001,0],"ix":1,"l":2},"s":{"a":0,"k":[100,100,100],"ix":6,"l":2}},"ao":0,"shapes":[{"ty":"gr","it":[{"ind":0,"ty":"sh","ix":1,"ks":{"a":0,"k":{"i":[[8.644,0],[0,8.643],[0,0],[2.858,0],[0,0],[0,8.643],[-8.644,0],[0,0],[0,-20.117],[0,0]],"o":[[-8.644,0],[0,0],[0,-2.858],[0,0],[-8.644,0],[0,-8.643],[0,0],[20.117,0],[0,0],[0,8.643]],"v":[[46.875,62.525],[31.225,46.875],[31.225,-26.041],[26.041,-31.225],[-46.875,-31.225],[-62.525,-46.875],[-46.875,-62.525],[26.041,-62.525],[62.525,-26.041],[62.525,46.875]],"c":true},"ix":2},"nm":"Path 1","mn":"ADBE Vector Shape - Group","hd":false},{"ty":"fl","c":{"a":0,"k":[0.169,0.278,0.208,1],"ix":4,"x":"var $bm_rt;\n$bm_rt = comp('system-regular-69-document-scan').layer('control').effect('primary')('Color');"},"o":{"a":0,"k":100,"ix":5},"r":1,"bm":0,"nm":".primary","mn":"ADBE Vector Graphic - Fill","hd":false,"cl":"primary"},{"ty":"tr","p":{"a":0,"k":[374.998,125.001],"ix":2},"a":{"a":0,"k":[0,0],"ix":1},"s":{"a":0,"k":[100,100],"ix":3},"r":{"a":0,"k":0,"ix":6},"o":{"a":0,"k":100,"ix":7},"sk":{"a":0,"k":0,"ix":4},"sa":{"a":0,"k":0,"ix":5},"nm":"Transform"}],"nm":"Group 1","np":2,"cix":2,"bm":0,"ix":1,"mn":"ADBE Vector Group","hd":false},{"ty":"gr","it":[{"ind":0,"ty":"sh","ix":1,"ks":{"a":0,"k":{"i":[[8.644,0],[0,0],[0,20.117],[0,0],[-8.644,0],[0,-8.643],[0,0],[-2.857,0],[0,0],[0,-8.643]],"o":[[0,0],[-20.117,0],[0,0],[0,-8.643],[8.644,0],[0,0],[0,2.858],[0,0],[8.644,0],[0,8.643]],"v":[[46.875,62.524],[-26.042,62.524],[-62.525,26.041],[-62.525,-46.875],[-46.875,-62.524],[-31.224,-46.875],[-31.224,26.041],[-26.042,31.225],[46.875,31.225],[62.525,46.875]],"c":true},"ix":2},"nm":"Path 1","mn":"ADBE Vector Shape - Group","hd":false},{"ty":"fl","c":{"a":0,"k":[0.169,0.278,0.208,1],"ix":4,"x":"var $bm_rt;\n$bm_rt = comp('system-regular-69-document-scan').layer('control').effect('primary')('Color');"},"o":{"a":0,"k":100,"ix":5},"r":1,"bm":0,"nm":".primary","mn":"ADBE Vector Graphic - Fill","hd":false,"cl":"primary"},{"ty":"tr","p":{"a":0,"k":[124.998,374.999],"ix":2},"a":{"a":0,"k":[0,0],"ix":1},"s":{"a":0,"k":[100,100],"ix":3},"r":{"a":0,"k":0,"ix":6},"o":{"a":0,"k":100,"ix":7},"sk":{"a":0,"k":0,"ix":4},"sa":{"a":0,"k":0,"ix":5},"nm":"Transform"}],"nm":"Group 2","np":2,"cix":2,"bm":0,"ix":2,"mn":"ADBE Vector Group","hd":false},{"ty":"gr","it":[{"ind":0,"ty":"sh","ix":1,"ks":{"a":0,"k":{"i":[[8.644,0],[0,8.643],[0,0],[-20.117,0],[0,0],[0,-8.643],[8.644,0],[0,0],[0,-2.858],[0,0]],"o":[[-8.644,0],[0,0],[0,-20.117],[0,0],[8.644,0],[0,8.643],[0,0],[-2.857,0],[0,0],[0,8.643]],"v":[[-46.875,62.524],[-62.525,46.875],[-62.525,-26.042],[-26.042,-62.524],[46.875,-62.524],[62.525,-46.875],[46.875,-31.225],[-26.042,-31.225],[-31.224,-26.042],[-31.224,46.875]],"c":true},"ix":2},"nm":"Path 1","mn":"ADBE Vector Shape - Group","hd":false},{"ty":"fl","c":{"a":0,"k":[0.169,0.278,0.208,1],"ix":4,"x":"var $bm_rt;\n$bm_rt = comp('system-regular-69-document-scan').layer('control').effect('primary')('Color');"},"o":{"a":0,"k":100,"ix":5},"r":1,"bm":0,"nm":".primary","mn":"ADBE Vector Graphic - Fill","hd":false,"cl":"primary"},{"ty":"tr","p":{"a":0,"k":[124.998,124.998],"ix":2},"a":{"a":0,"k":[0,0],"ix":1},"s":{"a":0,"k":[100,100],"ix":3},"r":{"a":0,"k":0,"ix":6},"o":{"a":0,"k":100,"ix":7},"sk":{"a":0,"k":0,"ix":4},"sa":{"a":0,"k":0,"ix":5},"nm":"Transform"}],"nm":"Group 3","np":2,"cix":2,"bm":0,"ix":3,"mn":"ADBE Vector Group","hd":false},{"ty":"gr","it":[{"ind":0,"ty":"sh","ix":1,"ks":{"a":0,"k":{"i":[[20.117,0],[0,0],[0,8.643],[-8.644,0],[0,0],[0,2.858],[0,0],[-8.644,0],[0,-8.643],[0,0]],"o":[[0,0],[-8.644,0],[0,-8.643],[0,0],[2.857,0],[0,0],[0,-8.643],[8.644,0],[0,0],[0,20.117]],"v":[[26.042,62.525],[-46.875,62.525],[-62.525,46.875],[-46.875,31.225],[26.042,31.225],[31.224,26.041],[31.224,-46.875],[46.875,-62.525],[62.525,-46.875],[62.525,26.041]],"c":true},"ix":2},"nm":"Path 1","mn":"ADBE Vector Shape - Group","hd":false},{"ty":"fl","c":{"a":0,"k":[0.169,0.278,0.208,1],"ix":4,"x":"var $bm_rt;\n$bm_rt = comp('system-regular-69-document-scan').layer('control').effect('primary')('Color');"},"o":{"a":0,"k":100,"ix":5},"r":1,"bm":0,"nm":".primary","mn":"ADBE Vector Graphic - Fill","hd":false,"cl":"primary"},{"ty":"tr","p":{"a":0,"k":[375.004,375.003],"ix":2},"a":{"a":0,"k":[0,0],"ix":1},"s":{"a":0,"k":[100,100],"ix":3},"r":{"a":0,"k":0,"ix":6},"o":{"a":0,"k":100,"ix":7},"sk":{"a":0,"k":0,"ix":4},"sa":{"a":0,"k":0,"ix":5},"nm":"Transform"}],"nm":"Group 4","np":2,"cix":2,"bm":0,"ix":4,"mn":"ADBE Vector Group","hd":false}],"ip":0,"op":1,"st":0,"ct":1,"bm":0},{"ddd":0,"ind":5,"ty":4,"nm":".primary.design","cl":"primary design","sr":1,"ks":{"o":{"a":0,"k":100,"ix":11},"r":{"a":0,"k":0,"ix":10},"p":{"a":1,"k":[{"i":{"x":0.365,"y":1},"o":{"x":0.333,"y":0},"t":0,"s":[250.064,250.003,0],"to":[0,0,0],"ti":[0,0,0]},{"i":{"x":0.431,"y":1},"o":{"x":0.575,"y":0},"t":22,"s":[250.064,56.003,0],"to":[0,0,0],"ti":[0,0,0]},{"i":{"x":0.667,"y":1},"o":{"x":0.803,"y":0},"t":60,"s":[250.064,443.003,0],"to":[0,0,0],"ti":[0,0,0]},{"t":90,"s":[250.064,250.003,0]}],"ix":2,"l":2},"a":{"a":0,"k":[0,0,0],"ix":1,"l":2},"s":{"a":0,"k":[100,100,100],"ix":6,"l":2}},"ao":0,"shapes":[{"ty":"gr","it":[{"ty":"rc","d":1,"s":{"a":1,"k":[{"i":{"x":[0.667,0.667],"y":[0.042,1]},"o":{"x":[0.333,0.333],"y":[0,0]},"t":0,"s":[343,0]},{"i":{"x":[0.667,0.667],"y":[1,1]},"o":{"x":[0.333,0.333],"y":[0.346,0]},"t":7,"s":[352.076,52]},{"i":{"x":[0.667,0.667],"y":[1,1]},"o":{"x":[0.333,0.333],"y":[0,0]},"t":22,"s":[406,0]},{"i":{"x":[0.667,0.667],"y":[1,1]},"o":{"x":[0.333,0.333],"y":[0,0]},"t":41,"s":[406,119]},{"i":{"x":[0.667,0.667],"y":[0.639,1]},"o":{"x":[0.333,0.333],"y":[0,0]},"t":60,"s":[406,0]},{"i":{"x":[0.667,0.667],"y":[1,1]},"o":{"x":[0.333,0.333],"y":[0.824,0]},"t":80,"s":[354.333,30]},{"t":90,"s":[343,0]}],"ix":2},"p":{"a":0,"k":[0,0],"ix":3},"r":{"a":0,"k":0,"ix":4},"nm":"Rectangle Path 1","mn":"ADBE Vector Shape - Rect","hd":false},{"ty":"st","c":{"a":0,"k":[0.169,0.278,0.208,1],"ix":3,"x":"var $bm_rt;\n$bm_rt = comp('system-regular-69-document-scan').layer('control').effect('primary')('Color');"},"o":{"a":0,"k":100,"ix":4},"w":{"a":0,"k":31.3,"ix":5},"lc":2,"lj":2,"bm":0,"nm":".primary","mn":"ADBE Vector Graphic - Stroke","hd":false,"cl":"primary"},{"ty":"fl","c":{"a":0,"k":[0.169,0.278,0.208,1],"ix":4,"x":"var $bm_rt;\n$bm_rt = comp('system-regular-69-document-scan').layer('control').effect('primary')('Color');"},"o":{"a":0,"k":100,"ix":5},"r":1,"bm":0,"nm":".primary","mn":"ADBE Vector Graphic - Fill","hd":false,"cl":"primary"},{"ty":"tr","p":{"a":0,"k":[-0.504,-0.503],"ix":2},"a":{"a":0,"k":[0,0],"ix":1},"s":{"a":0,"k":[100,100],"ix":3},"r":{"a":0,"k":0,"ix":6},"o":{"a":0,"k":100,"ix":7},"sk":{"a":0,"k":0,"ix":4},"sa":{"a":0,"k":0,"ix":5},"nm":"Transform"}],"nm":"Rectangle 1","np":3,"cix":2,"bm":0,"ix":1,"mn":"ADBE Vector Group","hd":false}],"ip":1,"op":90,"st":0,"ct":1,"bm":0},{"ddd":0,"ind":6,"ty":4,"nm":".primary.design","cl":"primary design","sr":1,"ks":{"o":{"a":0,"k":100,"ix":11},"r":{"a":0,"k":0,"ix":10},"p":{"a":0,"k":[250.001,250.001,0],"ix":2,"l":2},"a":{"a":0,"k":[250.001,250.001,0],"ix":1,"l":2},"s":{"a":0,"k":[100,100,100],"ix":6,"l":2}},"ao":0,"shapes":[{"ty":"gr","it":[{"ind":0,"ty":"sh","ix":1,"ks":{"a":1,"k":[{"i":{"x":0.4,"y":1},"o":{"x":0.6,"y":0},"t":0,"s":[{"i":[[0,0],[0,0],[0,-11.506],[0,0]],"o":[[0,0],[11.506,0],[0,0],[0,0]],"v":[[-46.875,-46.875],[26.041,-46.875],[46.875,-26.041],[46.875,46.875]],"c":false}]},{"i":{"x":0.4,"y":1},"o":{"x":0.6,"y":0},"t":22,"s":[{"i":[[0,0],[0,0],[0,-11.506],[0,0]],"o":[[0,0],[11.506,0],[0,0],[0,0]],"v":[[-13.917,-79.832],[58.999,-79.832],[79.832,-58.999],[79.832,13.917]],"c":false}]},{"i":{"x":0.4,"y":1},"o":{"x":0.6,"y":0},"t":60,"s":[{"i":[[0,0],[0,0],[0,-11.506],[0,0]],"o":[[0,0],[11.506,0],[0,0],[0,0]],"v":[[-13.917,-79.832],[58.999,-79.832],[79.832,-58.999],[79.832,13.917]],"c":false}]},{"t":90,"s":[{"i":[[0,0],[0,0],[0,-11.506],[0,0]],"o":[[0,0],[11.506,0],[0,0],[0,0]],"v":[[-46.875,-46.875],[26.041,-46.875],[46.875,-26.041],[46.875,46.875]],"c":false}]}],"ix":2},"nm":"Path 1","mn":"ADBE Vector Shape - Group","hd":false},{"ind":1,"ty":"sh","ix":2,"ks":{"a":1,"k":[{"i":{"x":0.4,"y":1},"o":{"x":0.6,"y":0},"t":0,"s":[{"i":[[0,0],[0,0],[0,11.506],[0,0]],"o":[[0,0],[-11.506,0],[0,0],[0,0]],"v":[[-203.126,296.872],[-276.042,296.872],[-296.875,276.039],[-296.875,203.123]],"c":false}]},{"i":{"x":0.4,"y":1},"o":{"x":0.6,"y":0},"t":22,"s":[{"i":[[0,0],[0,0],[0,11.506],[0,0]],"o":[[0,0],[-11.506,0],[0,0],[0,0]],"v":[[-236.084,329.83],[-309,329.83],[-329.833,308.997],[-329.833,236.081]],"c":false}]},{"i":{"x":0.4,"y":1},"o":{"x":0.6,"y":0},"t":60,"s":[{"i":[[0,0],[0,0],[0,11.506],[0,0]],"o":[[0,0],[-11.506,0],[0,0],[0,0]],"v":[[-236.084,329.83],[-309,329.83],[-329.833,308.997],[-329.833,236.081]],"c":false}]},{"t":90,"s":[{"i":[[0,0],[0,0],[0,11.506],[0,0]],"o":[[0,0],[-11.506,0],[0,0],[0,0]],"v":[[-203.126,296.872],[-276.042,296.872],[-296.875,276.039],[-296.875,203.123]],"c":false}]}],"ix":2},"nm":"Path 2","mn":"ADBE Vector Shape - Group","hd":false},{"ind":2,"ty":"sh","ix":3,"ks":{"a":1,"k":[{"i":{"x":0.4,"y":1},"o":{"x":0.6,"y":0},"t":0,"s":[{"i":[[0,0],[0,0],[-11.506,0],[0,0]],"o":[[0,0],[0,-11.506],[0,0],[0,0]],"v":[[-296.875,46.872],[-296.875,-26.044],[-276.042,-46.878],[-203.126,-46.878]],"c":false}]},{"i":{"x":0.4,"y":1},"o":{"x":0.6,"y":0},"t":22,"s":[{"i":[[0,0],[0,0],[-11.506,0],[0,0]],"o":[[0,0],[0,-11.506],[0,0],[0,0]],"v":[[-329.833,13.914],[-329.833,-59.002],[-309,-79.835],[-236.084,-79.835]],"c":false}]},{"i":{"x":0.4,"y":1},"o":{"x":0.6,"y":0},"t":60,"s":[{"i":[[0,0],[0,0],[-11.506,0],[0,0]],"o":[[0,0],[0,-11.506],[0,0],[0,0]],"v":[[-329.833,13.914],[-329.833,-59.002],[-309,-79.835],[-236.084,-79.835]],"c":false}]},{"t":90,"s":[{"i":[[0,0],[0,0],[-11.506,0],[0,0]],"o":[[0,0],[0,-11.506],[0,0],[0,0]],"v":[[-296.875,46.872],[-296.875,-26.044],[-276.042,-46.878],[-203.126,-46.878]],"c":false}]}],"ix":2},"nm":"Path 3","mn":"ADBE Vector Shape - Group","hd":false},{"ind":3,"ty":"sh","ix":4,"ks":{"a":1,"k":[{"i":{"x":0.4,"y":1},"o":{"x":0.6,"y":0},"t":0,"s":[{"i":[[0,0],[0,0],[11.506,0],[0,0]],"o":[[0,0],[0,11.506],[0,0],[0,0]],"v":[[46.881,203.127],[46.881,276.043],[26.048,296.877],[-46.868,296.877]],"c":false}]},{"i":{"x":0.4,"y":1},"o":{"x":0.6,"y":0},"t":22,"s":[{"i":[[0,0],[0,0],[11.506,0],[0,0]],"o":[[0,0],[0,11.506],[0,0],[0,0]],"v":[[79.839,236.085],[79.839,309.001],[59.006,329.834],[-13.91,329.834]],"c":false}]},{"i":{"x":0.4,"y":1},"o":{"x":0.6,"y":0},"t":60,"s":[{"i":[[0,0],[0,0],[11.506,0],[0,0]],"o":[[0,0],[0,11.506],[0,0],[0,0]],"v":[[79.839,236.085],[79.839,309.001],[59.006,329.834],[-13.91,329.834]],"c":false}]},{"t":90,"s":[{"i":[[0,0],[0,0],[11.506,0],[0,0]],"o":[[0,0],[0,11.506],[0,0],[0,0]],"v":[[46.881,203.127],[46.881,276.043],[26.048,296.877],[-46.868,296.877]],"c":false}]}],"ix":2},"nm":"Path 4","mn":"ADBE Vector Shape - Group","hd":false},{"ty":"st","c":{"a":0,"k":[0.169,0.278,0.208,1],"ix":3,"x":"var $bm_rt;\n$bm_rt = comp('system-regular-69-document-scan').layer('control').effect('primary')('Color');"},"o":{"a":0,"k":100,"ix":4},"w":{"a":0,"k":31.3,"ix":5},"lc":2,"lj":2,"bm":0,"nm":".primary","mn":"ADBE Vector Graphic - Stroke","hd":false,"cl":"primary"},{"ty":"tr","p":{"a":0,"k":[374.998,125.001],"ix":2},"a":{"a":0,"k":[0,0],"ix":1},"s":{"a":0,"k":[100,100],"ix":3},"r":{"a":0,"k":0,"ix":6},"o":{"a":0,"k":100,"ix":7},"sk":{"a":0,"k":0,"ix":4},"sa":{"a":0,"k":0,"ix":5},"nm":"Transform"}],"nm":"Group 1","np":5,"cix":2,"bm":0,"ix":1,"mn":"ADBE Vector Group","hd":false}],"ip":1,"op":90,"st":0,"ct":1,"bm":0}]},{"id":"comp_2","nm":"morph-scan-OK","fr":60,"layers":[{"ddd":0,"ind":1,"ty":4,"nm":".primary.design","cl":"primary design","sr":1,"ks":{"o":{"a":0,"k":100,"ix":11},"r":{"a":0,"k":0,"ix":10},"p":{"a":0,"k":[253.419,260.347,0],"ix":2,"l":2},"a":{"a":0,"k":[0,0,0],"ix":1,"l":2},"s":{"a":0,"k":[100,100,100],"ix":6,"l":2}},"ao":0,"shapes":[{"ty":"gr","it":[{"ind":0,"ty":"sh","ix":1,"ks":{"a":0,"k":{"i":[[0,0],[0,0],[0,0]],"o":[[0,0],[0,0],[0,0]],"v":[[149.956,-122.947],[-31.321,57.362],[-83.54,5.208]],"c":false},"ix":2},"nm":"Path 1","mn":"ADBE Vector Shape - Group","hd":false},{"ty":"tm","s":{"a":0,"k":100,"ix":1},"e":{"a":0,"k":100,"ix":2},"o":{"a":0,"k":0,"ix":3},"m":1,"ix":2,"nm":"Trim Paths 1","mn":"ADBE Vector Filter - Trim","hd":false},{"ty":"st","c":{"a":0,"k":[0.169,0.278,0.208,1],"ix":3,"x":"var $bm_rt;\n$bm_rt = comp('system-regular-69-document-scan').layer('control').effect('primary')('Color');"},"o":{"a":0,"k":100,"ix":4},"w":{"a":0,"k":31.3,"ix":5},"lc":2,"lj":2,"bm":0,"nm":".primary","mn":"ADBE Vector Graphic - Stroke","hd":false,"cl":"primary"},{"ty":"tr","p":{"a":0,"k":[0,0],"ix":2},"a":{"a":0,"k":[0,0],"ix":1},"s":{"a":0,"k":[100,100],"ix":3},"r":{"a":0,"k":0,"ix":6},"o":{"a":0,"k":100,"ix":7},"sk":{"a":0,"k":0,"ix":4},"sa":{"a":0,"k":0,"ix":5},"nm":"Transform"}],"nm":"Group 1","np":3,"cix":2,"bm":0,"ix":1,"mn":"ADBE Vector Group","hd":false}],"ip":1,"op":60,"st":0,"ct":1,"bm":0},{"ddd":0,"ind":2,"ty":4,"nm":".primary.design","cl":"primary design","sr":1,"ks":{"o":{"a":0,"k":100,"ix":11},"r":{"a":0,"k":0,"ix":10},"p":{"a":0,"k":[253.419,260.347,0],"ix":2,"l":2},"a":{"a":0,"k":[0,0,0],"ix":1,"l":2},"s":{"a":0,"k":[100,100,100],"ix":6,"l":2}},"ao":0,"shapes":[{"ty":"gr","it":[{"ind":0,"ty":"sh","ix":1,"ks":{"a":1,"k":[{"i":{"x":0.3,"y":1},"o":{"x":0.7,"y":0},"t":60,"s":[{"i":[[0,0],[0,0],[0,0]],"o":[[0,0],[0,0],[0,0]],"v":[[197.252,182.153],[-31.025,182.263],[-200.744,182.309]],"c":false}]},{"t":90,"s":[{"i":[[0,0],[0,0],[0,0]],"o":[[0,0],[0,0],[0,0]],"v":[[149.956,-122.947],[-31.321,57.362],[-83.54,5.208]],"c":false}]}],"ix":2},"nm":"Path 1","mn":"ADBE Vector Shape - Group","hd":false},{"ty":"tm","s":{"a":0,"k":100,"ix":1},"e":{"a":1,"k":[{"i":{"x":[0.3],"y":[1]},"o":{"x":[0.7],"y":[0]},"t":60,"s":[0]},{"t":90,"s":[28.5]}],"ix":2},"o":{"a":1,"k":[{"i":{"x":[0.667],"y":[0.418]},"o":{"x":[0.333],"y":[0]},"t":60,"s":[0]},{"i":{"x":[0.37],"y":[1]},"o":{"x":[0.333],"y":[-1.887]},"t":67,"s":[-2.777]},{"t":90,"s":[0]}],"ix":3},"m":1,"ix":2,"nm":"Trim Paths 1","mn":"ADBE Vector Filter - Trim","hd":false},{"ty":"st","c":{"a":0,"k":[0.169,0.278,0.208,1],"ix":3,"x":"var $bm_rt;\n$bm_rt = comp('system-regular-69-document-scan').layer('control').effect('primary')('Color');"},"o":{"a":0,"k":100,"ix":4},"w":{"a":0,"k":31.3,"ix":5},"lc":2,"lj":2,"bm":0,"nm":".primary","mn":"ADBE Vector Graphic - Stroke","hd":false,"cl":"primary"},{"ty":"tr","p":{"a":0,"k":[0,0],"ix":2},"a":{"a":0,"k":[0,0],"ix":1},"s":{"a":0,"k":[100,100],"ix":3},"r":{"a":0,"k":0,"ix":6},"o":{"a":0,"k":100,"ix":7},"sk":{"a":0,"k":0,"ix":4},"sa":{"a":0,"k":0,"ix":5},"nm":"Transform"}],"nm":"Group 1","np":3,"cix":2,"bm":0,"ix":1,"mn":"ADBE Vector Group","hd":false}],"ip":60,"op":90,"st":0,"ct":1,"bm":0},{"ddd":0,"ind":3,"ty":4,"nm":".primary.design","cl":"primary design","sr":1,"ks":{"o":{"a":0,"k":100,"ix":11},"r":{"a":0,"k":0,"ix":10},"p":{"a":0,"k":[250,249.974,0],"ix":2,"l":2},"a":{"a":0,"k":[250,249.999,0],"ix":1,"l":2},"s":{"a":0,"k":[2083,2083,100],"ix":6,"l":2}},"ao":0,"shapes":[{"ty":"gr","it":[{"ind":0,"ty":"sh","ix":1,"ks":{"a":0,"k":{"i":[[1.57,-1.64],[2.27,-0.05],[1.65,1.56],[0.05,2.27],[-4.68,0.11],[-0.07,0],[-1.6,-1.52],[-0.05,-2.27]],"o":[[-1.57,1.64],[-2.28,0.06],[-1.65,-1.56],[-0.11,-4.69],[0.07,0],[2.19,0],[1.64,1.57],[0.06,2.26]],"v":[[6.15,5.861],[0.2,8.491],[-5.87,6.151],[-8.5,0.201],[-0.21,-8.499],[0,-8.499],[5.86,-6.149],[8.49,-0.199]],"c":true},"ix":2},"nm":"Path 1","mn":"ADBE Vector Shape - Group","hd":false},{"ind":1,"ty":"sh","ix":2,"ks":{"a":0,"k":{"i":[[2.67,-0.06],[-0.13,-5.51],[-1.93,-1.84],[-2.58,0],[-0.08,0],[-1.84,1.93],[0.06,2.67],[1.93,1.84]],"o":[[-5.51,0.14],[0.06,2.67],[1.88,1.79],[0.08,0],[2.67,-0.06],[1.84,-1.93],[-0.06,-2.67],[-1.94,-1.84]],"v":[[-0.24,-9.999],[-10,0.241],[-6.9,7.241],[-0.01,10.001],[0.24,10.001],[7.24,6.901],[10,-0.239],[6.9,-7.239]],"c":true},"ix":2},"nm":"Path 2","mn":"ADBE Vector Shape - Group","hd":false},{"ty":"fl","c":{"a":0,"k":[0.169,0.278,0.208,1],"ix":4,"x":"var $bm_rt;\n$bm_rt = comp('system-regular-69-document-scan').layer('control').effect('primary')('Color');"},"o":{"a":0,"k":100,"ix":5},"r":1,"bm":0,"nm":".primary","mn":"ADBE Vector Graphic - Fill","hd":false,"cl":"primary"},{"ty":"tr","p":{"a":0,"k":[250,249.999],"ix":2},"a":{"a":0,"k":[0,0],"ix":1},"s":{"a":0,"k":[100,100],"ix":3},"r":{"a":0,"k":0,"ix":6},"o":{"a":0,"k":100,"ix":7},"sk":{"a":0,"k":0,"ix":4},"sa":{"a":0,"k":0,"ix":5},"nm":"Transform"}],"nm":"Group 1","np":3,"cix":2,"bm":0,"ix":1,"mn":"ADBE Vector Group","hd":false},{"ty":"gr","it":[{"ind":0,"ty":"sh","ix":1,"ks":{"a":0,"k":{"i":[[0.3,-0.29],[0,0],[0,0],[0.29,-0.29],[-0.29,-0.29],[0,0],[-0.19,0],[-0.15,0.15],[0,0],[0.3,0.3]],"o":[[0,0],[0,0],[-0.29,-0.29],[-0.29,0.29],[0,0],[0.15,0.15],[0.19,0],[0,0],[0.3,-0.29],[-0.29,-0.29]],"v":[[3.476,-3.286],[-1.504,1.694],[-3.484,-0.276],[-4.544,-0.276],[-4.544,0.784],[-2.034,3.284],[-1.504,3.504],[-0.974,3.284],[4.536,-2.226],[4.536,-3.286]],"c":true},"ix":2},"nm":"Path 1","mn":"ADBE Vector Shape - Group","hd":false},{"ty":"fl","c":{"a":0,"k":[0.169,0.278,0.208,1],"ix":4,"x":"var $bm_rt;\n$bm_rt = comp('system-regular-69-document-scan').layer('control').effect('primary')('Color');"},"o":{"a":0,"k":100,"ix":5},"r":1,"bm":0,"nm":".primary","mn":"ADBE Vector Graphic - Fill","hd":false,"cl":"primary"},{"ty":"tr","p":{"a":0,"k":[250.164,250.496],"ix":2},"a":{"a":0,"k":[0,0],"ix":1},"s":{"a":0,"k":[100,100],"ix":3},"r":{"a":0,"k":0,"ix":6},"o":{"a":0,"k":100,"ix":7},"sk":{"a":0,"k":0,"ix":4},"sa":{"a":0,"k":0,"ix":5},"nm":"Transform"}],"nm":"Group 2","np":2,"cix":2,"bm":0,"ix":2,"mn":"ADBE Vector Group","hd":false}],"ip":90,"op":300,"st":0,"ct":1,"bm":0},{"ddd":0,"ind":4,"ty":4,"nm":".primary.design","cl":"primary design","sr":1,"ks":{"o":{"a":0,"k":100,"ix":11},"r":{"a":0,"k":0,"ix":10},"p":{"a":0,"k":[250.003,250.003,0],"ix":2,"l":2},"a":{"a":0,"k":[0,0,0],"ix":1,"l":2},"s":{"a":0,"k":[100,100,100],"ix":6,"l":2}},"ao":0,"shapes":[{"ty":"gr","it":[{"ind":0,"ty":"sh","ix":1,"ks":{"a":0,"k":{"i":[[8.644,0],[0,0],[0,8.643],[-8.644,0],[0,0],[0,-8.643]],"o":[[0,0],[-8.644,0],[0,-8.643],[0,0],[8.644,0],[0,8.643]],"v":[[171.875,15.65],[-171.875,15.65],[-187.525,0],[-171.875,-15.65],[171.875,-15.65],[187.525,0]],"c":true},"ix":2},"nm":"Path 1","mn":"ADBE Vector Shape - Group","hd":false},{"ty":"fl","c":{"a":0,"k":[0.169,0.278,0.208,1],"ix":4,"x":"var $bm_rt;\n$bm_rt = comp('system-regular-69-document-scan').layer('control').effect('primary')('Color');"},"o":{"a":0,"k":100,"ix":5},"r":1,"bm":0,"nm":".primary","mn":"ADBE Vector Graphic - Fill","hd":false,"cl":"primary"},{"ty":"tr","p":{"a":0,"k":[0,0],"ix":2},"a":{"a":0,"k":[0,0],"ix":1},"s":{"a":0,"k":[100,100],"ix":3},"r":{"a":0,"k":0,"ix":6},"o":{"a":0,"k":100,"ix":7},"sk":{"a":0,"k":0,"ix":4},"sa":{"a":0,"k":0,"ix":5},"nm":"Transform"}],"nm":"Group 1","np":2,"cix":2,"bm":0,"ix":1,"mn":"ADBE Vector Group","hd":false}],"ip":0,"op":1,"st":0,"ct":1,"bm":0},{"ddd":0,"ind":5,"ty":4,"nm":".primary.design","cl":"primary design","sr":1,"ks":{"o":{"a":0,"k":100,"ix":11},"r":{"a":0,"k":0,"ix":10},"p":{"a":0,"k":[250.001,250.001,0],"ix":2,"l":2},"a":{"a":0,"k":[250.001,250.001,0],"ix":1,"l":2},"s":{"a":0,"k":[100,100,100],"ix":6,"l":2}},"ao":0,"shapes":[{"ty":"gr","it":[{"ind":0,"ty":"sh","ix":1,"ks":{"a":0,"k":{"i":[[8.644,0],[0,8.643],[0,0],[2.858,0],[0,0],[0,8.643],[-8.644,0],[0,0],[0,-20.117],[0,0]],"o":[[-8.644,0],[0,0],[0,-2.858],[0,0],[-8.644,0],[0,-8.643],[0,0],[20.117,0],[0,0],[0,8.643]],"v":[[46.875,62.525],[31.225,46.875],[31.225,-26.041],[26.041,-31.225],[-46.875,-31.225],[-62.525,-46.875],[-46.875,-62.525],[26.041,-62.525],[62.525,-26.041],[62.525,46.875]],"c":true},"ix":2},"nm":"Path 1","mn":"ADBE Vector Shape - Group","hd":false},{"ty":"fl","c":{"a":0,"k":[0.169,0.278,0.208,1],"ix":4,"x":"var $bm_rt;\n$bm_rt = comp('system-regular-69-document-scan').layer('control').effect('primary')('Color');"},"o":{"a":0,"k":100,"ix":5},"r":1,"bm":0,"nm":".primary","mn":"ADBE Vector Graphic - Fill","hd":false,"cl":"primary"},{"ty":"tr","p":{"a":0,"k":[374.998,125.001],"ix":2},"a":{"a":0,"k":[0,0],"ix":1},"s":{"a":0,"k":[100,100],"ix":3},"r":{"a":0,"k":0,"ix":6},"o":{"a":0,"k":100,"ix":7},"sk":{"a":0,"k":0,"ix":4},"sa":{"a":0,"k":0,"ix":5},"nm":"Transform"}],"nm":"Group 1","np":2,"cix":2,"bm":0,"ix":1,"mn":"ADBE Vector Group","hd":false},{"ty":"gr","it":[{"ind":0,"ty":"sh","ix":1,"ks":{"a":0,"k":{"i":[[8.644,0],[0,0],[0,20.117],[0,0],[-8.644,0],[0,-8.643],[0,0],[-2.857,0],[0,0],[0,-8.643]],"o":[[0,0],[-20.117,0],[0,0],[0,-8.643],[8.644,0],[0,0],[0,2.858],[0,0],[8.644,0],[0,8.643]],"v":[[46.875,62.524],[-26.042,62.524],[-62.525,26.041],[-62.525,-46.875],[-46.875,-62.524],[-31.224,-46.875],[-31.224,26.041],[-26.042,31.225],[46.875,31.225],[62.525,46.875]],"c":true},"ix":2},"nm":"Path 1","mn":"ADBE Vector Shape - Group","hd":false},{"ty":"fl","c":{"a":0,"k":[0.169,0.278,0.208,1],"ix":4,"x":"var $bm_rt;\n$bm_rt = comp('system-regular-69-document-scan').layer('control').effect('primary')('Color');"},"o":{"a":0,"k":100,"ix":5},"r":1,"bm":0,"nm":".primary","mn":"ADBE Vector Graphic - Fill","hd":false,"cl":"primary"},{"ty":"tr","p":{"a":0,"k":[124.998,374.999],"ix":2},"a":{"a":0,"k":[0,0],"ix":1},"s":{"a":0,"k":[100,100],"ix":3},"r":{"a":0,"k":0,"ix":6},"o":{"a":0,"k":100,"ix":7},"sk":{"a":0,"k":0,"ix":4},"sa":{"a":0,"k":0,"ix":5},"nm":"Transform"}],"nm":"Group 2","np":2,"cix":2,"bm":0,"ix":2,"mn":"ADBE Vector Group","hd":false},{"ty":"gr","it":[{"ind":0,"ty":"sh","ix":1,"ks":{"a":0,"k":{"i":[[8.644,0],[0,8.643],[0,0],[-20.117,0],[0,0],[0,-8.643],[8.644,0],[0,0],[0,-2.858],[0,0]],"o":[[-8.644,0],[0,0],[0,-20.117],[0,0],[8.644,0],[0,8.643],[0,0],[-2.857,0],[0,0],[0,8.643]],"v":[[-46.875,62.524],[-62.525,46.875],[-62.525,-26.042],[-26.042,-62.524],[46.875,-62.524],[62.525,-46.875],[46.875,-31.225],[-26.042,-31.225],[-31.224,-26.042],[-31.224,46.875]],"c":true},"ix":2},"nm":"Path 1","mn":"ADBE Vector Shape - Group","hd":false},{"ty":"fl","c":{"a":0,"k":[0.169,0.278,0.208,1],"ix":4,"x":"var $bm_rt;\n$bm_rt = comp('system-regular-69-document-scan').layer('control').effect('primary')('Color');"},"o":{"a":0,"k":100,"ix":5},"r":1,"bm":0,"nm":".primary","mn":"ADBE Vector Graphic - Fill","hd":false,"cl":"primary"},{"ty":"tr","p":{"a":0,"k":[124.998,124.998],"ix":2},"a":{"a":0,"k":[0,0],"ix":1},"s":{"a":0,"k":[100,100],"ix":3},"r":{"a":0,"k":0,"ix":6},"o":{"a":0,"k":100,"ix":7},"sk":{"a":0,"k":0,"ix":4},"sa":{"a":0,"k":0,"ix":5},"nm":"Transform"}],"nm":"Group 3","np":2,"cix":2,"bm":0,"ix":3,"mn":"ADBE Vector Group","hd":false},{"ty":"gr","it":[{"ind":0,"ty":"sh","ix":1,"ks":{"a":0,"k":{"i":[[20.117,0],[0,0],[0,8.643],[-8.644,0],[0,0],[0,2.858],[0,0],[-8.644,0],[0,-8.643],[0,0]],"o":[[0,0],[-8.644,0],[0,-8.643],[0,0],[2.857,0],[0,0],[0,-8.643],[8.644,0],[0,0],[0,20.117]],"v":[[26.042,62.525],[-46.875,62.525],[-62.525,46.875],[-46.875,31.225],[26.042,31.225],[31.224,26.041],[31.224,-46.875],[46.875,-62.525],[62.525,-46.875],[62.525,26.041]],"c":true},"ix":2},"nm":"Path 1","mn":"ADBE Vector Shape - Group","hd":false},{"ty":"fl","c":{"a":0,"k":[0.169,0.278,0.208,1],"ix":4,"x":"var $bm_rt;\n$bm_rt = comp('system-regular-69-document-scan').layer('control').effect('primary')('Color');"},"o":{"a":0,"k":100,"ix":5},"r":1,"bm":0,"nm":".primary","mn":"ADBE Vector Graphic - Fill","hd":false,"cl":"primary"},{"ty":"tr","p":{"a":0,"k":[375.004,375.003],"ix":2},"a":{"a":0,"k":[0,0],"ix":1},"s":{"a":0,"k":[100,100],"ix":3},"r":{"a":0,"k":0,"ix":6},"o":{"a":0,"k":100,"ix":7},"sk":{"a":0,"k":0,"ix":4},"sa":{"a":0,"k":0,"ix":5},"nm":"Transform"}],"nm":"Group 4","np":2,"cix":2,"bm":0,"ix":4,"mn":"ADBE Vector Group","hd":false}],"ip":0,"op":1,"st":0,"ct":1,"bm":0},{"ddd":0,"ind":6,"ty":4,"nm":".primary.design","cl":"primary design","sr":1,"ks":{"o":{"a":0,"k":100,"ix":11},"r":{"a":0,"k":0,"ix":10},"p":{"a":1,"k":[{"i":{"x":0.365,"y":1},"o":{"x":0.333,"y":0},"t":0,"s":[250.064,250.003,0],"to":[0,0,0],"ti":[0,0,0]},{"i":{"x":0.431,"y":1},"o":{"x":0.575,"y":0},"t":22,"s":[250.064,56.003,0],"to":[0,0,0],"ti":[0,0,0]},{"i":{"x":0.667,"y":1},"o":{"x":0.803,"y":0},"t":60,"s":[250.064,443.003,0],"to":[0,0,0],"ti":[0,0,0]},{"t":90,"s":[250.064,250.003,0]}],"ix":2,"l":2},"a":{"a":0,"k":[0,0,0],"ix":1,"l":2},"s":{"a":0,"k":[100,100,100],"ix":6,"l":2}},"ao":0,"shapes":[{"ty":"gr","it":[{"ty":"rc","d":1,"s":{"a":1,"k":[{"i":{"x":[0.667,0.667],"y":[0.042,1]},"o":{"x":[0.333,0.333],"y":[0,0]},"t":0,"s":[343,0]},{"i":{"x":[0.667,0.667],"y":[1,1]},"o":{"x":[0.333,0.333],"y":[0.346,0]},"t":7,"s":[352.076,52]},{"i":{"x":[0.667,0.667],"y":[1,1]},"o":{"x":[0.333,0.333],"y":[0,0]},"t":22,"s":[406,0]},{"i":{"x":[0.667,0.667],"y":[1,1]},"o":{"x":[0.333,0.333],"y":[0,0]},"t":41,"s":[406,119]},{"i":{"x":[0.667,0.667],"y":[1,1]},"o":{"x":[0.333,0.333],"y":[0,0]},"t":60,"s":[406,0]},{"t":90,"s":[343,0]}],"ix":2},"p":{"a":0,"k":[0,0],"ix":3},"r":{"a":0,"k":0,"ix":4},"nm":"Rectangle Path 1","mn":"ADBE Vector Shape - Rect","hd":false},{"ty":"st","c":{"a":0,"k":[0.169,0.278,0.208,1],"ix":3,"x":"var $bm_rt;\n$bm_rt = comp('system-regular-69-document-scan').layer('control').effect('primary')('Color');"},"o":{"a":0,"k":100,"ix":4},"w":{"a":0,"k":31.3,"ix":5},"lc":2,"lj":2,"bm":0,"nm":".primary","mn":"ADBE Vector Graphic - Stroke","hd":false,"cl":"primary"},{"ty":"fl","c":{"a":0,"k":[0.169,0.278,0.208,1],"ix":4,"x":"var $bm_rt;\n$bm_rt = comp('system-regular-69-document-scan').layer('control').effect('primary')('Color');"},"o":{"a":0,"k":100,"ix":5},"r":1,"bm":0,"nm":".primary","mn":"ADBE Vector Graphic - Fill","hd":false,"cl":"primary"},{"ty":"tr","p":{"a":0,"k":[-0.504,-0.503],"ix":2},"a":{"a":0,"k":[0,0],"ix":1},"s":{"a":0,"k":[100,100],"ix":3},"r":{"a":0,"k":0,"ix":6},"o":{"a":0,"k":100,"ix":7},"sk":{"a":0,"k":0,"ix":4},"sa":{"a":0,"k":0,"ix":5},"nm":"Transform"}],"nm":"Rectangle 1","np":3,"cix":2,"bm":0,"ix":1,"mn":"ADBE Vector Group","hd":false}],"ip":1,"op":60,"st":0,"ct":1,"bm":0},{"ddd":0,"ind":7,"ty":4,"nm":".primary.design","cl":"primary design","sr":1,"ks":{"o":{"a":0,"k":100,"ix":11},"r":{"a":0,"k":0,"ix":10},"p":{"a":0,"k":[250.001,250.001,0],"ix":2,"l":2},"a":{"a":0,"k":[250.001,250.001,0],"ix":1,"l":2},"s":{"a":0,"k":[100,100,100],"ix":6,"l":2}},"ao":0,"shapes":[{"ty":"gr","it":[{"ind":0,"ty":"sh","ix":1,"ks":{"a":1,"k":[{"i":{"x":0.4,"y":1},"o":{"x":0.6,"y":0},"t":0,"s":[{"i":[[0,0],[0,0],[0,-11.506],[0,0]],"o":[[0,0],[11.506,0],[0,0],[0,0]],"v":[[-46.875,-46.875],[26.041,-46.875],[46.875,-26.041],[46.875,46.875]],"c":false}]},{"i":{"x":0.4,"y":1},"o":{"x":0.6,"y":0},"t":22,"s":[{"i":[[0,0],[0,0],[0,-11.506],[0,0]],"o":[[0,0],[11.506,0],[0,0],[0,0]],"v":[[-13.917,-79.832],[58.999,-79.832],[79.832,-58.999],[79.832,13.917]],"c":false}]},{"i":{"x":0.221,"y":1},"o":{"x":0.6,"y":0},"t":60,"s":[{"i":[[0,0],[0,0],[0,-11.506],[0,0]],"o":[[0,0],[11.506,0],[0,0],[0,0]],"v":[[-13.917,-79.832],[58.999,-79.832],[79.832,-58.999],[79.832,13.917]],"c":false}]},{"t":90,"s":[{"i":[[0,0],[0,0],[0,-105.64],[0,0]],"o":[[0,0],[105.64,0],[0,0],[0,0]],"v":[[-124.924,-67.612],[-123.4,-67.615],[67.878,123.663],[67.875,124.613]],"c":false}]}],"ix":2},"nm":"Path 1","mn":"ADBE Vector Shape - Group","hd":false},{"ind":1,"ty":"sh","ix":2,"ks":{"a":1,"k":[{"i":{"x":0.4,"y":1},"o":{"x":0.6,"y":0},"t":0,"s":[{"i":[[0,0],[0,0],[0,11.506],[0,0]],"o":[[0,0],[-11.506,0],[0,0],[0,0]],"v":[[-203.126,296.872],[-276.042,296.872],[-296.875,276.039],[-296.875,203.123]],"c":false}]},{"i":{"x":0.4,"y":1},"o":{"x":0.6,"y":0},"t":22,"s":[{"i":[[0,0],[0,0],[0,11.506],[0,0]],"o":[[0,0],[-11.506,0],[0,0],[0,0]],"v":[[-236.084,329.83],[-309,329.83],[-329.833,308.997],[-329.833,236.081]],"c":false}]},{"i":{"x":0.221,"y":1},"o":{"x":0.6,"y":0},"t":60,"s":[{"i":[[0,0],[0,0],[0,11.506],[0,0]],"o":[[0,0],[-11.506,0],[0,0],[0,0]],"v":[[-236.084,329.83],[-309,329.83],[-329.833,308.997],[-329.833,236.081]],"c":false}]},{"t":90,"s":[{"i":[[0,0],[0,0],[0,105.64],[0,0]],"o":[[0,0],[-105.64,0],[0,0],[0,0]],"v":[[-124.928,316.796],[-126.451,315.673],[-317.73,124.395],[-316.584,120.576]],"c":false}]}],"ix":2},"nm":"Path 2","mn":"ADBE Vector Shape - Group","hd":false},{"ind":2,"ty":"sh","ix":3,"ks":{"a":1,"k":[{"i":{"x":0.4,"y":1},"o":{"x":0.6,"y":0},"t":0,"s":[{"i":[[0,0],[0,0],[-11.506,0],[0,0]],"o":[[0,0],[0,-11.506],[0,0],[0,0]],"v":[[-296.875,46.872],[-296.875,-26.044],[-276.042,-46.878],[-203.126,-46.878]],"c":false}]},{"i":{"x":0.4,"y":1},"o":{"x":0.6,"y":0},"t":22,"s":[{"i":[[0,0],[0,0],[-11.506,0],[0,0]],"o":[[0,0],[0,-11.506],[0,0],[0,0]],"v":[[-329.833,13.914],[-329.833,-59.002],[-309,-79.835],[-236.084,-79.835]],"c":false}]},{"i":{"x":0.221,"y":1},"o":{"x":0.6,"y":0},"t":60,"s":[{"i":[[0,0],[0,0],[-11.506,0],[0,0]],"o":[[0,0],[0,-11.506],[0,0],[0,0]],"v":[[-329.833,13.914],[-329.833,-59.002],[-309,-79.835],[-236.084,-79.835]],"c":false}]},{"t":90,"s":[{"i":[[0,0],[0,0],[-105.64,0],[0,0]],"o":[[0,0],[0,-105.64],[0,0],[0,0]],"v":[[-317.741,121.714],[-317.736,123.634],[-126.458,-67.644],[-124.934,-67.668]],"c":false}]}],"ix":2},"nm":"Path 3","mn":"ADBE Vector Shape - Group","hd":false},{"ind":3,"ty":"sh","ix":4,"ks":{"a":1,"k":[{"i":{"x":0.4,"y":1},"o":{"x":0.6,"y":0},"t":0,"s":[{"i":[[0,0],[0,0],[11.506,0],[0,0]],"o":[[0,0],[0,11.506],[0,0],[0,0]],"v":[[46.881,203.127],[46.881,276.043],[26.048,296.877],[-46.868,296.877]],"c":false}]},{"i":{"x":0.4,"y":1},"o":{"x":0.6,"y":0},"t":22,"s":[{"i":[[0,0],[0,0],[11.506,0],[0,0]],"o":[[0,0],[0,11.506],[0,0],[0,0]],"v":[[79.839,236.085],[79.839,309.001],[59.006,329.834],[-13.91,329.834]],"c":false}]},{"i":{"x":0.221,"y":1},"o":{"x":0.6,"y":0},"t":60,"s":[{"i":[[0,0],[0,0],[11.506,0],[0,0]],"o":[[0,0],[0,11.506],[0,0],[0,0]],"v":[[79.839,236.085],[79.839,309.001],[59.006,329.834],[-13.91,329.834]],"c":false}]},{"t":90,"s":[{"i":[[0,0],[0,0],[105.64,0],[0,0]],"o":[[0,0],[0,105.64],[0,0],[0,0]],"v":[[68.002,124.062],[67.944,124.438],[-123.334,315.716],[-123.136,315.157]],"c":false}]}],"ix":2},"nm":"Path 4","mn":"ADBE Vector Shape - Group","hd":false},{"ty":"st","c":{"a":0,"k":[0.169,0.278,0.208,1],"ix":3,"x":"var $bm_rt;\n$bm_rt = comp('system-regular-69-document-scan').layer('control').effect('primary')('Color');"},"o":{"a":0,"k":100,"ix":4},"w":{"a":0,"k":31.3,"ix":5},"lc":2,"lj":2,"bm":0,"nm":".primary","mn":"ADBE Vector Graphic - Stroke","hd":false,"cl":"primary"},{"ty":"tr","p":{"a":0,"k":[374.998,125.001],"ix":2},"a":{"a":0,"k":[0,0],"ix":1},"s":{"a":0,"k":[100,100],"ix":3},"r":{"a":0,"k":0,"ix":6},"o":{"a":0,"k":100,"ix":7},"sk":{"a":0,"k":0,"ix":4},"sa":{"a":0,"k":0,"ix":5},"nm":"Transform"}],"nm":"Group 1","np":5,"cix":2,"bm":0,"ix":1,"mn":"ADBE Vector Group","hd":false}],"ip":1,"op":90,"st":0,"ct":1,"bm":0}]},{"id":"comp_3","nm":"morph-scan-WRONG","fr":60,"layers":[{"ddd":0,"ind":1,"ty":4,"nm":".primary.design","cl":"primary design","sr":1,"ks":{"o":{"a":0,"k":100,"ix":11},"r":{"a":1,"k":[{"i":{"x":[0.236],"y":[1]},"o":{"x":[0.538],"y":[0]},"t":60,"s":[45]},{"t":90,"s":[90]}],"ix":10},"p":{"a":1,"k":[{"i":{"x":0.236,"y":1},"o":{"x":0.538,"y":0},"t":60,"s":[150.004,439.003,0],"to":[16.667,-31.5,0],"ti":[-16.667,31.5,0]},{"t":90,"s":[250.004,250.003,0]}],"ix":2,"l":2},"a":{"a":0,"k":[0,0,0],"ix":1,"l":2},"s":{"a":0,"k":[100,100,100],"ix":6,"l":2}},"ao":0,"shapes":[{"ty":"gr","it":[{"ind":0,"ty":"sh","ix":1,"ks":{"a":0,"k":{"i":[[0,0],[0,0]],"o":[[0,0],[0,0]],"v":[[-67.709,67.709],[67.709,-67.709]],"c":false},"ix":2},"nm":"Path 1","mn":"ADBE Vector Shape - Group","hd":false},{"ty":"st","c":{"a":0,"k":[0.169,0.278,0.208,1],"ix":3,"x":"var $bm_rt;\n$bm_rt = comp('system-regular-69-document-scan').layer('control').effect('primary')('Color');"},"o":{"a":0,"k":100,"ix":4},"w":{"a":0,"k":31.3,"ix":5},"lc":2,"lj":2,"bm":0,"nm":".primary","mn":"ADBE Vector Graphic - Stroke","hd":false,"cl":"primary"},{"ty":"tr","p":{"a":0,"k":[0,0],"ix":2},"a":{"a":0,"k":[0,0],"ix":1},"s":{"a":0,"k":[100,100],"ix":3},"r":{"a":0,"k":0,"ix":6},"o":{"a":0,"k":100,"ix":7},"sk":{"a":0,"k":0,"ix":4},"sa":{"a":0,"k":0,"ix":5},"nm":"Transform"}],"nm":"Group 1","np":2,"cix":2,"bm":0,"ix":1,"mn":"ADBE Vector Group","hd":false},{"ty":"tm","s":{"a":0,"k":0,"ix":1},"e":{"a":0,"k":100,"ix":2},"o":{"a":0,"k":0,"ix":3},"m":1,"ix":2,"nm":"Trim Paths 1","mn":"ADBE Vector Filter - Trim","hd":false}],"ip":60,"op":90,"st":30,"ct":1,"bm":0},{"ddd":0,"ind":2,"ty":4,"nm":".primary.design","cl":"primary design","sr":1,"ks":{"o":{"a":0,"k":100,"ix":11},"r":{"a":1,"k":[{"i":{"x":[0.236],"y":[1]},"o":{"x":[0.538],"y":[0]},"t":60,"s":[135]},{"t":90,"s":[90]}],"ix":10},"p":{"a":1,"k":[{"i":{"x":0.236,"y":1},"o":{"x":0.538,"y":0},"t":60,"s":[350.004,439.003,0],"to":[-16.667,-31.5,0],"ti":[16.667,31.5,0]},{"t":90,"s":[250.004,250.003,0]}],"ix":2,"l":2},"a":{"a":0,"k":[0,0,0],"ix":1,"l":2},"s":{"a":0,"k":[100,100,100],"ix":6,"l":2}},"ao":0,"shapes":[{"ty":"gr","it":[{"ind":0,"ty":"sh","ix":1,"ks":{"a":0,"k":{"i":[[0,0],[0,0]],"o":[[0,0],[0,0]],"v":[[67.709,67.709],[-67.709,-67.709]],"c":false},"ix":2},"nm":"Path 1","mn":"ADBE Vector Shape - Group","hd":false},{"ty":"st","c":{"a":0,"k":[0.169,0.278,0.208,1],"ix":3,"x":"var $bm_rt;\n$bm_rt = comp('system-regular-69-document-scan').layer('control').effect('primary')('Color');"},"o":{"a":0,"k":100,"ix":4},"w":{"a":0,"k":31.3,"ix":5},"lc":2,"lj":2,"bm":0,"nm":".primary","mn":"ADBE Vector Graphic - Stroke","hd":false,"cl":"primary"},{"ty":"tr","p":{"a":0,"k":[0,0],"ix":2},"a":{"a":0,"k":[0,0],"ix":1},"s":{"a":0,"k":[100,100],"ix":3},"r":{"a":0,"k":0,"ix":6},"o":{"a":0,"k":100,"ix":7},"sk":{"a":0,"k":0,"ix":4},"sa":{"a":0,"k":0,"ix":5},"nm":"Transform"}],"nm":"Group 1","np":2,"cix":2,"bm":0,"ix":1,"mn":"ADBE Vector Group","hd":false},{"ty":"tm","s":{"a":0,"k":0,"ix":1},"e":{"a":0,"k":100,"ix":2},"o":{"a":0,"k":0,"ix":3},"m":1,"ix":2,"nm":"Trim Paths 1","mn":"ADBE Vector Filter - Trim","hd":false}],"ip":60,"op":90,"st":30,"ct":1,"bm":0},{"ddd":0,"ind":3,"ty":4,"nm":".primary.design","cl":"primary design","sr":1,"ks":{"o":{"a":0,"k":100,"ix":11},"r":{"a":0,"k":0,"ix":10},"p":{"a":0,"k":[250.002,249.974,0],"ix":2,"l":2},"a":{"a":0,"k":[250,249.999,0],"ix":1,"l":2},"s":{"a":0,"k":[2083,2083,100],"ix":6,"l":2}},"ao":0,"shapes":[{"ty":"gr","it":[{"ind":0,"ty":"sh","ix":1,"ks":{"a":0,"k":{"i":[[1.57,-1.64],[2.27,-0.05],[1.64,1.56],[0.05,2.27],[-1.57,1.64],[-2.27,0.05],[-0.07,0],[-1.6,-1.52],[-0.05,-2.27]],"o":[[-1.57,1.64],[-2.26,0.06],[-1.64,-1.57],[-0.05,-2.26],[1.57,-1.64],[0.07,0],[2.19,0],[1.64,1.57],[0.05,2.25]],"v":[[6.15,5.861],[0.2,8.491],[-5.87,6.151],[-8.5,0.201],[-6.15,-5.859],[-0.2,-8.489],[0.01,-8.489],[5.87,-6.139],[8.5,-0.189]],"c":true},"ix":2},"nm":"Path 1","mn":"ADBE Vector Shape - Group","hd":false},{"ind":1,"ty":"sh","ix":2,"ks":{"a":0,"k":{"i":[[2.66,-0.06],[1.84,-1.93],[-0.06,-2.67],[-1.93,-1.84],[-2.58,0],[-0.08,0],[-1.84,1.93],[0.06,2.67],[1.93,1.84]],"o":[[-2.67,0.06],[-1.84,1.94],[0.06,2.67],[1.88,1.79],[0.08,0],[2.67,-0.06],[1.84,-1.93],[-0.06,-2.67],[-1.94,-1.84]],"v":[[-0.24,-9.999],[-7.24,-6.899],[-10,0.241],[-6.9,7.241],[-0.01,10.001],[0.24,10.001],[7.24,6.901],[10,-0.239],[6.9,-7.239]],"c":true},"ix":2},"nm":"Path 2","mn":"ADBE Vector Shape - Group","hd":false},{"ty":"fl","c":{"a":0,"k":[0.169,0.278,0.208,1],"ix":4,"x":"var $bm_rt;\n$bm_rt = comp('system-regular-69-document-scan').layer('control').effect('primary')('Color');"},"o":{"a":0,"k":100,"ix":5},"r":1,"bm":0,"nm":".primary","mn":"ADBE Vector Graphic - Fill","hd":false,"cl":"primary"},{"ty":"tr","p":{"a":0,"k":[250,249.999],"ix":2},"a":{"a":0,"k":[0,0],"ix":1},"s":{"a":0,"k":[100,100],"ix":3},"r":{"a":0,"k":0,"ix":6},"o":{"a":0,"k":100,"ix":7},"sk":{"a":0,"k":0,"ix":4},"sa":{"a":0,"k":0,"ix":5},"nm":"Transform"}],"nm":"Group 1","np":3,"cix":2,"bm":0,"ix":1,"mn":"ADBE Vector Group","hd":false},{"ty":"gr","it":[{"ind":0,"ty":"sh","ix":1,"ks":{"a":0,"k":{"i":[[0.29,0.29],[0.29,-0.29],[0,0],[0,0],[0.29,-0.29],[-0.29,-0.29],[0,0],[0,0],[-0.29,-0.29],[-0.19,0],[-0.15,0.15],[0,0],[0,0],[-0.19,0],[-0.15,0.15],[0.29,0.29],[0,0],[0,0]],"o":[[-0.29,-0.29],[0,0],[0,0],[-0.29,-0.29],[-0.29,0.29],[0,0],[0,0],[-0.29,0.29],[0.15,0.15],[0.19,0],[0,0],[0,0],[0.15,0.15],[0.19,0],[0.29,-0.29],[0,0],[0,0],[0.29,-0.29]],"v":[[3.78,-3.781],[2.72,-3.781],[0,-1.061],[-2.72,-3.781],[-3.78,-3.781],[-3.78,-2.721],[-1.06,-0.001],[-3.78,2.719],[-3.78,3.779],[-3.25,3.999],[-2.72,3.779],[0,1.059],[2.72,3.779],[3.25,3.999],[3.78,3.779],[3.78,2.719],[1.06,-0.001],[3.78,-2.721]],"c":true},"ix":2},"nm":"Path 1","mn":"ADBE Vector Shape - Group","hd":false},{"ty":"fl","c":{"a":0,"k":[0.169,0.278,0.208,1],"ix":4,"x":"var $bm_rt;\n$bm_rt = comp('system-regular-69-document-scan').layer('control').effect('primary')('Color');"},"o":{"a":0,"k":100,"ix":5},"r":1,"bm":0,"nm":".primary","mn":"ADBE Vector Graphic - Fill","hd":false,"cl":"primary"},{"ty":"tr","p":{"a":0,"k":[250,250.001],"ix":2},"a":{"a":0,"k":[0,0],"ix":1},"s":{"a":0,"k":[100,100],"ix":3},"r":{"a":0,"k":0,"ix":6},"o":{"a":0,"k":100,"ix":7},"sk":{"a":0,"k":0,"ix":4},"sa":{"a":0,"k":0,"ix":5},"nm":"Transform"}],"nm":"Group 2","np":2,"cix":2,"bm":0,"ix":2,"mn":"ADBE Vector Group","hd":false}],"ip":90,"op":330,"st":30,"ct":1,"bm":0},{"ddd":0,"ind":4,"ty":4,"nm":".primary.design","cl":"primary design","sr":1,"ks":{"o":{"a":0,"k":100,"ix":11},"r":{"a":0,"k":0,"ix":10},"p":{"a":0,"k":[253.419,260.347,0],"ix":2,"l":2},"a":{"a":0,"k":[0,0,0],"ix":1,"l":2},"s":{"a":0,"k":[100,100,100],"ix":6,"l":2}},"ao":0,"shapes":[{"ty":"gr","it":[{"ind":0,"ty":"sh","ix":1,"ks":{"a":0,"k":{"i":[[0,0],[0,0],[0,0]],"o":[[0,0],[0,0],[0,0]],"v":[[149.956,-122.947],[-31.321,57.362],[-83.54,5.208]],"c":false},"ix":2},"nm":"Path 1","mn":"ADBE Vector Shape - Group","hd":false},{"ty":"tm","s":{"a":0,"k":100,"ix":1},"e":{"a":0,"k":100,"ix":2},"o":{"a":0,"k":0,"ix":3},"m":1,"ix":2,"nm":"Trim Paths 1","mn":"ADBE Vector Filter - Trim","hd":false},{"ty":"st","c":{"a":0,"k":[0.169,0.278,0.208,1],"ix":3,"x":"var $bm_rt;\n$bm_rt = comp('system-regular-69-document-scan').layer('control').effect('primary')('Color');"},"o":{"a":0,"k":100,"ix":4},"w":{"a":0,"k":31.3,"ix":5},"lc":2,"lj":2,"bm":0,"nm":".primary","mn":"ADBE Vector Graphic - Stroke","hd":false,"cl":"primary"},{"ty":"tr","p":{"a":0,"k":[0,0],"ix":2},"a":{"a":0,"k":[0,0],"ix":1},"s":{"a":0,"k":[100,100],"ix":3},"r":{"a":0,"k":0,"ix":6},"o":{"a":0,"k":100,"ix":7},"sk":{"a":0,"k":0,"ix":4},"sa":{"a":0,"k":0,"ix":5},"nm":"Transform"}],"nm":"Group 1","np":3,"cix":2,"bm":0,"ix":1,"mn":"ADBE Vector Group","hd":false}],"ip":1,"op":60,"st":0,"ct":1,"bm":0},{"ddd":0,"ind":5,"ty":4,"nm":".primary.design","cl":"primary design","sr":1,"ks":{"o":{"a":0,"k":100,"ix":11},"r":{"a":0,"k":0,"ix":10},"p":{"a":0,"k":[250.003,250.003,0],"ix":2,"l":2},"a":{"a":0,"k":[0,0,0],"ix":1,"l":2},"s":{"a":0,"k":[100,100,100],"ix":6,"l":2}},"ao":0,"shapes":[{"ty":"gr","it":[{"ind":0,"ty":"sh","ix":1,"ks":{"a":0,"k":{"i":[[8.644,0],[0,0],[0,8.643],[-8.644,0],[0,0],[0,-8.643]],"o":[[0,0],[-8.644,0],[0,-8.643],[0,0],[8.644,0],[0,8.643]],"v":[[171.875,15.65],[-171.875,15.65],[-187.525,0],[-171.875,-15.65],[171.875,-15.65],[187.525,0]],"c":true},"ix":2},"nm":"Path 1","mn":"ADBE Vector Shape - Group","hd":false},{"ty":"fl","c":{"a":0,"k":[0.169,0.278,0.208,1],"ix":4,"x":"var $bm_rt;\n$bm_rt = comp('system-regular-69-document-scan').layer('control').effect('primary')('Color');"},"o":{"a":0,"k":100,"ix":5},"r":1,"bm":0,"nm":".primary","mn":"ADBE Vector Graphic - Fill","hd":false,"cl":"primary"},{"ty":"tr","p":{"a":0,"k":[0,0],"ix":2},"a":{"a":0,"k":[0,0],"ix":1},"s":{"a":0,"k":[100,100],"ix":3},"r":{"a":0,"k":0,"ix":6},"o":{"a":0,"k":100,"ix":7},"sk":{"a":0,"k":0,"ix":4},"sa":{"a":0,"k":0,"ix":5},"nm":"Transform"}],"nm":"Group 1","np":2,"cix":2,"bm":0,"ix":1,"mn":"ADBE Vector Group","hd":false}],"ip":0,"op":1,"st":0,"ct":1,"bm":0},{"ddd":0,"ind":6,"ty":4,"nm":".primary.design","cl":"primary design","sr":1,"ks":{"o":{"a":0,"k":100,"ix":11},"r":{"a":0,"k":0,"ix":10},"p":{"a":0,"k":[250.001,250.001,0],"ix":2,"l":2},"a":{"a":0,"k":[250.001,250.001,0],"ix":1,"l":2},"s":{"a":0,"k":[100,100,100],"ix":6,"l":2}},"ao":0,"shapes":[{"ty":"gr","it":[{"ind":0,"ty":"sh","ix":1,"ks":{"a":0,"k":{"i":[[8.644,0],[0,8.643],[0,0],[2.858,0],[0,0],[0,8.643],[-8.644,0],[0,0],[0,-20.117],[0,0]],"o":[[-8.644,0],[0,0],[0,-2.858],[0,0],[-8.644,0],[0,-8.643],[0,0],[20.117,0],[0,0],[0,8.643]],"v":[[46.875,62.525],[31.225,46.875],[31.225,-26.041],[26.041,-31.225],[-46.875,-31.225],[-62.525,-46.875],[-46.875,-62.525],[26.041,-62.525],[62.525,-26.041],[62.525,46.875]],"c":true},"ix":2},"nm":"Path 1","mn":"ADBE Vector Shape - Group","hd":false},{"ty":"fl","c":{"a":0,"k":[0.169,0.278,0.208,1],"ix":4,"x":"var $bm_rt;\n$bm_rt = comp('system-regular-69-document-scan').layer('control').effect('primary')('Color');"},"o":{"a":0,"k":100,"ix":5},"r":1,"bm":0,"nm":".primary","mn":"ADBE Vector Graphic - Fill","hd":false,"cl":"primary"},{"ty":"tr","p":{"a":0,"k":[374.998,125.001],"ix":2},"a":{"a":0,"k":[0,0],"ix":1},"s":{"a":0,"k":[100,100],"ix":3},"r":{"a":0,"k":0,"ix":6},"o":{"a":0,"k":100,"ix":7},"sk":{"a":0,"k":0,"ix":4},"sa":{"a":0,"k":0,"ix":5},"nm":"Transform"}],"nm":"Group 1","np":2,"cix":2,"bm":0,"ix":1,"mn":"ADBE Vector Group","hd":false},{"ty":"gr","it":[{"ind":0,"ty":"sh","ix":1,"ks":{"a":0,"k":{"i":[[8.644,0],[0,0],[0,20.117],[0,0],[-8.644,0],[0,-8.643],[0,0],[-2.857,0],[0,0],[0,-8.643]],"o":[[0,0],[-20.117,0],[0,0],[0,-8.643],[8.644,0],[0,0],[0,2.858],[0,0],[8.644,0],[0,8.643]],"v":[[46.875,62.524],[-26.042,62.524],[-62.525,26.041],[-62.525,-46.875],[-46.875,-62.524],[-31.224,-46.875],[-31.224,26.041],[-26.042,31.225],[46.875,31.225],[62.525,46.875]],"c":true},"ix":2},"nm":"Path 1","mn":"ADBE Vector Shape - Group","hd":false},{"ty":"fl","c":{"a":0,"k":[0.169,0.278,0.208,1],"ix":4,"x":"var $bm_rt;\n$bm_rt = comp('system-regular-69-document-scan').layer('control').effect('primary')('Color');"},"o":{"a":0,"k":100,"ix":5},"r":1,"bm":0,"nm":".primary","mn":"ADBE Vector Graphic - Fill","hd":false,"cl":"primary"},{"ty":"tr","p":{"a":0,"k":[124.998,374.999],"ix":2},"a":{"a":0,"k":[0,0],"ix":1},"s":{"a":0,"k":[100,100],"ix":3},"r":{"a":0,"k":0,"ix":6},"o":{"a":0,"k":100,"ix":7},"sk":{"a":0,"k":0,"ix":4},"sa":{"a":0,"k":0,"ix":5},"nm":"Transform"}],"nm":"Group 2","np":2,"cix":2,"bm":0,"ix":2,"mn":"ADBE Vector Group","hd":false},{"ty":"gr","it":[{"ind":0,"ty":"sh","ix":1,"ks":{"a":0,"k":{"i":[[8.644,0],[0,8.643],[0,0],[-20.117,0],[0,0],[0,-8.643],[8.644,0],[0,0],[0,-2.858],[0,0]],"o":[[-8.644,0],[0,0],[0,-20.117],[0,0],[8.644,0],[0,8.643],[0,0],[-2.857,0],[0,0],[0,8.643]],"v":[[-46.875,62.524],[-62.525,46.875],[-62.525,-26.042],[-26.042,-62.524],[46.875,-62.524],[62.525,-46.875],[46.875,-31.225],[-26.042,-31.225],[-31.224,-26.042],[-31.224,46.875]],"c":true},"ix":2},"nm":"Path 1","mn":"ADBE Vector Shape - Group","hd":false},{"ty":"fl","c":{"a":0,"k":[0.169,0.278,0.208,1],"ix":4,"x":"var $bm_rt;\n$bm_rt = comp('system-regular-69-document-scan').layer('control').effect('primary')('Color');"},"o":{"a":0,"k":100,"ix":5},"r":1,"bm":0,"nm":".primary","mn":"ADBE Vector Graphic - Fill","hd":false,"cl":"primary"},{"ty":"tr","p":{"a":0,"k":[124.998,124.998],"ix":2},"a":{"a":0,"k":[0,0],"ix":1},"s":{"a":0,"k":[100,100],"ix":3},"r":{"a":0,"k":0,"ix":6},"o":{"a":0,"k":100,"ix":7},"sk":{"a":0,"k":0,"ix":4},"sa":{"a":0,"k":0,"ix":5},"nm":"Transform"}],"nm":"Group 3","np":2,"cix":2,"bm":0,"ix":3,"mn":"ADBE Vector Group","hd":false},{"ty":"gr","it":[{"ind":0,"ty":"sh","ix":1,"ks":{"a":0,"k":{"i":[[20.117,0],[0,0],[0,8.643],[-8.644,0],[0,0],[0,2.858],[0,0],[-8.644,0],[0,-8.643],[0,0]],"o":[[0,0],[-8.644,0],[0,-8.643],[0,0],[2.857,0],[0,0],[0,-8.643],[8.644,0],[0,0],[0,20.117]],"v":[[26.042,62.525],[-46.875,62.525],[-62.525,46.875],[-46.875,31.225],[26.042,31.225],[31.224,26.041],[31.224,-46.875],[46.875,-62.525],[62.525,-46.875],[62.525,26.041]],"c":true},"ix":2},"nm":"Path 1","mn":"ADBE Vector Shape - Group","hd":false},{"ty":"fl","c":{"a":0,"k":[0.169,0.278,0.208,1],"ix":4,"x":"var $bm_rt;\n$bm_rt = comp('system-regular-69-document-scan').layer('control').effect('primary')('Color');"},"o":{"a":0,"k":100,"ix":5},"r":1,"bm":0,"nm":".primary","mn":"ADBE Vector Graphic - Fill","hd":false,"cl":"primary"},{"ty":"tr","p":{"a":0,"k":[375.004,375.003],"ix":2},"a":{"a":0,"k":[0,0],"ix":1},"s":{"a":0,"k":[100,100],"ix":3},"r":{"a":0,"k":0,"ix":6},"o":{"a":0,"k":100,"ix":7},"sk":{"a":0,"k":0,"ix":4},"sa":{"a":0,"k":0,"ix":5},"nm":"Transform"}],"nm":"Group 4","np":2,"cix":2,"bm":0,"ix":4,"mn":"ADBE Vector Group","hd":false}],"ip":0,"op":1,"st":0,"ct":1,"bm":0},{"ddd":0,"ind":7,"ty":4,"nm":".primary.design","cl":"primary design","sr":1,"ks":{"o":{"a":0,"k":100,"ix":11},"r":{"a":0,"k":0,"ix":10},"p":{"a":1,"k":[{"i":{"x":0.365,"y":1},"o":{"x":0.333,"y":0},"t":0,"s":[250.064,250.003,0],"to":[0,0,0],"ti":[0,0,0]},{"i":{"x":0.431,"y":1},"o":{"x":0.575,"y":0},"t":22,"s":[250.064,56.003,0],"to":[0,0,0],"ti":[0,0,0]},{"i":{"x":0.667,"y":1},"o":{"x":0.803,"y":0},"t":60,"s":[250.064,443.003,0],"to":[0,0,0],"ti":[0,0,0]},{"t":90,"s":[250.064,250.003,0]}],"ix":2,"l":2},"a":{"a":0,"k":[0,0,0],"ix":1,"l":2},"s":{"a":0,"k":[100,100,100],"ix":6,"l":2}},"ao":0,"shapes":[{"ty":"gr","it":[{"ty":"rc","d":1,"s":{"a":1,"k":[{"i":{"x":[0.667,0.667],"y":[0.042,1]},"o":{"x":[0.333,0.333],"y":[0,0]},"t":0,"s":[343,0]},{"i":{"x":[0.667,0.667],"y":[1,1]},"o":{"x":[0.333,0.333],"y":[0.346,0]},"t":7,"s":[352.076,52]},{"i":{"x":[0.667,0.667],"y":[1,1]},"o":{"x":[0.333,0.333],"y":[0,0]},"t":22,"s":[406,0]},{"i":{"x":[0.667,0.667],"y":[1,1]},"o":{"x":[0.333,0.333],"y":[0,0]},"t":41,"s":[406,119]},{"i":{"x":[0.667,0.667],"y":[1,1]},"o":{"x":[0.333,0.333],"y":[0,0]},"t":60,"s":[406,0]},{"t":90,"s":[343,0]}],"ix":2},"p":{"a":0,"k":[0,0],"ix":3},"r":{"a":0,"k":0,"ix":4},"nm":"Rectangle Path 1","mn":"ADBE Vector Shape - Rect","hd":false},{"ty":"st","c":{"a":0,"k":[0.169,0.278,0.208,1],"ix":3,"x":"var $bm_rt;\n$bm_rt = comp('system-regular-69-document-scan').layer('control').effect('primary')('Color');"},"o":{"a":0,"k":100,"ix":4},"w":{"a":0,"k":31.3,"ix":5},"lc":2,"lj":2,"bm":0,"nm":".primary","mn":"ADBE Vector Graphic - Stroke","hd":false,"cl":"primary"},{"ty":"fl","c":{"a":0,"k":[0.169,0.278,0.208,1],"ix":4,"x":"var $bm_rt;\n$bm_rt = comp('system-regular-69-document-scan').layer('control').effect('primary')('Color');"},"o":{"a":0,"k":100,"ix":5},"r":1,"bm":0,"nm":".primary","mn":"ADBE Vector Graphic - Fill","hd":false,"cl":"primary"},{"ty":"tr","p":{"a":0,"k":[-0.504,-0.503],"ix":2},"a":{"a":0,"k":[0,0],"ix":1},"s":{"a":0,"k":[100,100],"ix":3},"r":{"a":0,"k":0,"ix":6},"o":{"a":0,"k":100,"ix":7},"sk":{"a":0,"k":0,"ix":4},"sa":{"a":0,"k":0,"ix":5},"nm":"Transform"}],"nm":"Rectangle 1","np":3,"cix":2,"bm":0,"ix":1,"mn":"ADBE Vector Group","hd":false}],"ip":1,"op":60,"st":0,"ct":1,"bm":0},{"ddd":0,"ind":8,"ty":4,"nm":".primary.design","cl":"primary design","sr":1,"ks":{"o":{"a":0,"k":100,"ix":11},"r":{"a":0,"k":0,"ix":10},"p":{"a":0,"k":[250.001,250.001,0],"ix":2,"l":2},"a":{"a":0,"k":[250.001,250.001,0],"ix":1,"l":2},"s":{"a":0,"k":[100,100,100],"ix":6,"l":2}},"ao":0,"shapes":[{"ty":"gr","it":[{"ind":0,"ty":"sh","ix":1,"ks":{"a":1,"k":[{"i":{"x":0.4,"y":1},"o":{"x":0.6,"y":0},"t":0,"s":[{"i":[[0,0],[0,0],[0,-11.506],[0,0]],"o":[[0,0],[11.506,0],[0,0],[0,0]],"v":[[-46.875,-46.875],[26.041,-46.875],[46.875,-26.041],[46.875,46.875]],"c":false}]},{"i":{"x":0.4,"y":1},"o":{"x":0.6,"y":0},"t":22,"s":[{"i":[[0,0],[0,0],[0,-11.506],[0,0]],"o":[[0,0],[11.506,0],[0,0],[0,0]],"v":[[-13.917,-79.832],[58.999,-79.832],[79.832,-58.999],[79.832,13.917]],"c":false}]},{"i":{"x":0.221,"y":1},"o":{"x":0.6,"y":0},"t":60,"s":[{"i":[[0,0],[0,0],[0,-11.506],[0,0]],"o":[[0,0],[11.506,0],[0,0],[0,0]],"v":[[-13.917,-79.832],[58.999,-79.832],[79.832,-58.999],[79.832,13.917]],"c":false}]},{"t":90,"s":[{"i":[[0,0],[0,0],[0,-105.64],[0,0]],"o":[[0,0],[105.64,0],[0,0],[0,0]],"v":[[-124.924,-67.612],[-123.4,-67.615],[67.878,123.663],[67.875,124.613]],"c":false}]}],"ix":2},"nm":"Path 1","mn":"ADBE Vector Shape - Group","hd":false},{"ind":1,"ty":"sh","ix":2,"ks":{"a":1,"k":[{"i":{"x":0.4,"y":1},"o":{"x":0.6,"y":0},"t":0,"s":[{"i":[[0,0],[0,0],[0,11.506],[0,0]],"o":[[0,0],[-11.506,0],[0,0],[0,0]],"v":[[-203.126,296.872],[-276.042,296.872],[-296.875,276.039],[-296.875,203.123]],"c":false}]},{"i":{"x":0.4,"y":1},"o":{"x":0.6,"y":0},"t":22,"s":[{"i":[[0,0],[0,0],[0,11.506],[0,0]],"o":[[0,0],[-11.506,0],[0,0],[0,0]],"v":[[-236.084,329.83],[-309,329.83],[-329.833,308.997],[-329.833,236.081]],"c":false}]},{"i":{"x":0.221,"y":1},"o":{"x":0.6,"y":0},"t":60,"s":[{"i":[[0,0],[0,0],[0,11.506],[0,0]],"o":[[0,0],[-11.506,0],[0,0],[0,0]],"v":[[-236.084,329.83],[-309,329.83],[-329.833,308.997],[-329.833,236.081]],"c":false}]},{"t":90,"s":[{"i":[[0,0],[0,0],[0,105.64],[0,0]],"o":[[0,0],[-105.64,0],[0,0],[0,0]],"v":[[-124.928,316.796],[-126.451,315.673],[-317.73,124.395],[-316.584,120.576]],"c":false}]}],"ix":2},"nm":"Path 2","mn":"ADBE Vector Shape - Group","hd":false},{"ind":2,"ty":"sh","ix":3,"ks":{"a":1,"k":[{"i":{"x":0.4,"y":1},"o":{"x":0.6,"y":0},"t":0,"s":[{"i":[[0,0],[0,0],[-11.506,0],[0,0]],"o":[[0,0],[0,-11.506],[0,0],[0,0]],"v":[[-296.875,46.872],[-296.875,-26.044],[-276.042,-46.878],[-203.126,-46.878]],"c":false}]},{"i":{"x":0.4,"y":1},"o":{"x":0.6,"y":0},"t":22,"s":[{"i":[[0,0],[0,0],[-11.506,0],[0,0]],"o":[[0,0],[0,-11.506],[0,0],[0,0]],"v":[[-329.833,13.914],[-329.833,-59.002],[-309,-79.835],[-236.084,-79.835]],"c":false}]},{"i":{"x":0.221,"y":1},"o":{"x":0.6,"y":0},"t":60,"s":[{"i":[[0,0],[0,0],[-11.506,0],[0,0]],"o":[[0,0],[0,-11.506],[0,0],[0,0]],"v":[[-329.833,13.914],[-329.833,-59.002],[-309,-79.835],[-236.084,-79.835]],"c":false}]},{"t":90,"s":[{"i":[[0,0],[0,0],[-105.64,0],[0,0]],"o":[[0,0],[0,-105.64],[0,0],[0,0]],"v":[[-317.741,121.714],[-317.736,123.634],[-126.458,-67.644],[-124.934,-67.668]],"c":false}]}],"ix":2},"nm":"Path 3","mn":"ADBE Vector Shape - Group","hd":false},{"ind":3,"ty":"sh","ix":4,"ks":{"a":1,"k":[{"i":{"x":0.4,"y":1},"o":{"x":0.6,"y":0},"t":0,"s":[{"i":[[0,0],[0,0],[11.506,0],[0,0]],"o":[[0,0],[0,11.506],[0,0],[0,0]],"v":[[46.881,203.127],[46.881,276.043],[26.048,296.877],[-46.868,296.877]],"c":false}]},{"i":{"x":0.4,"y":1},"o":{"x":0.6,"y":0},"t":22,"s":[{"i":[[0,0],[0,0],[11.506,0],[0,0]],"o":[[0,0],[0,11.506],[0,0],[0,0]],"v":[[79.839,236.085],[79.839,309.001],[59.006,329.834],[-13.91,329.834]],"c":false}]},{"i":{"x":0.221,"y":1},"o":{"x":0.6,"y":0},"t":60,"s":[{"i":[[0,0],[0,0],[11.506,0],[0,0]],"o":[[0,0],[0,11.506],[0,0],[0,0]],"v":[[79.839,236.085],[79.839,309.001],[59.006,329.834],[-13.91,329.834]],"c":false}]},{"t":90,"s":[{"i":[[0,0],[0,0],[105.64,0],[0,0]],"o":[[0,0],[0,105.64],[0,0],[0,0]],"v":[[68.002,124.062],[67.944,124.438],[-123.334,315.716],[-123.136,315.157]],"c":false}]}],"ix":2},"nm":"Path 4","mn":"ADBE Vector Shape - Group","hd":false},{"ty":"st","c":{"a":0,"k":[0.169,0.278,0.208,1],"ix":3,"x":"var $bm_rt;\n$bm_rt = comp('system-regular-69-document-scan').layer('control').effect('primary')('Color');"},"o":{"a":0,"k":100,"ix":4},"w":{"a":0,"k":31.3,"ix":5},"lc":2,"lj":2,"bm":0,"nm":".primary","mn":"ADBE Vector Graphic - Stroke","hd":false,"cl":"primary"},{"ty":"tr","p":{"a":0,"k":[374.998,125.001],"ix":2},"a":{"a":0,"k":[0,0],"ix":1},"s":{"a":0,"k":[100,100],"ix":3},"r":{"a":0,"k":0,"ix":6},"o":{"a":0,"k":100,"ix":7},"sk":{"a":0,"k":0,"ix":4},"sa":{"a":0,"k":0,"ix":5},"nm":"Transform"}],"nm":"Group 1","np":5,"cix":2,"bm":0,"ix":1,"mn":"ADBE Vector Group","hd":false}],"ip":1,"op":90,"st":0,"ct":1,"bm":0}]},{"id":"comp_4","nm":"loop-scan","fr":60,"layers":[{"ddd":0,"ind":1,"ty":4,"nm":".primary.design","cl":"primary design","sr":1,"ks":{"o":{"a":0,"k":100,"ix":11},"r":{"a":0,"k":0,"ix":10},"p":{"a":0,"k":[250.001,250.001,0],"ix":2,"l":2},"a":{"a":0,"k":[250.001,250.001,0],"ix":1,"l":2},"s":{"a":0,"k":[100,100,100],"ix":6,"l":2}},"ao":0,"shapes":[{"ty":"gr","it":[{"ind":0,"ty":"sh","ix":1,"ks":{"a":0,"k":{"i":[[8.644,0],[0,8.643],[0,0],[2.858,0],[0,0],[0,8.643],[-8.644,0],[0,0],[0,-20.117],[0,0]],"o":[[-8.644,0],[0,0],[0,-2.858],[0,0],[-8.644,0],[0,-8.643],[0,0],[20.117,0],[0,0],[0,8.643]],"v":[[46.875,62.525],[31.225,46.875],[31.225,-26.041],[26.041,-31.225],[-46.875,-31.225],[-62.525,-46.875],[-46.875,-62.525],[26.041,-62.525],[62.525,-26.041],[62.525,46.875]],"c":true},"ix":2},"nm":"Path 1","mn":"ADBE Vector Shape - Group","hd":false},{"ty":"fl","c":{"a":0,"k":[0.169,0.278,0.208,1],"ix":4,"x":"var $bm_rt;\n$bm_rt = comp('system-regular-69-document-scan').layer('control').effect('primary')('Color');"},"o":{"a":0,"k":100,"ix":5},"r":1,"bm":0,"nm":".primary","mn":"ADBE Vector Graphic - Fill","hd":false,"cl":"primary"},{"ty":"tr","p":{"a":0,"k":[374.998,125.001],"ix":2},"a":{"a":0,"k":[0,0],"ix":1},"s":{"a":0,"k":[100,100],"ix":3},"r":{"a":0,"k":0,"ix":6},"o":{"a":0,"k":100,"ix":7},"sk":{"a":0,"k":0,"ix":4},"sa":{"a":0,"k":0,"ix":5},"nm":"Transform"}],"nm":"Group 1","np":2,"cix":2,"bm":0,"ix":1,"mn":"ADBE Vector Group","hd":false},{"ty":"gr","it":[{"ind":0,"ty":"sh","ix":1,"ks":{"a":0,"k":{"i":[[8.644,0],[0,0],[0,20.117],[0,0],[-8.644,0],[0,-8.643],[0,0],[-2.857,0],[0,0],[0,-8.643]],"o":[[0,0],[-20.117,0],[0,0],[0,-8.643],[8.644,0],[0,0],[0,2.858],[0,0],[8.644,0],[0,8.643]],"v":[[46.875,62.524],[-26.042,62.524],[-62.525,26.041],[-62.525,-46.875],[-46.875,-62.524],[-31.224,-46.875],[-31.224,26.041],[-26.042,31.225],[46.875,31.225],[62.525,46.875]],"c":true},"ix":2},"nm":"Path 1","mn":"ADBE Vector Shape - Group","hd":false},{"ty":"fl","c":{"a":0,"k":[0.169,0.278,0.208,1],"ix":4,"x":"var $bm_rt;\n$bm_rt = comp('system-regular-69-document-scan').layer('control').effect('primary')('Color');"},"o":{"a":0,"k":100,"ix":5},"r":1,"bm":0,"nm":".primary","mn":"ADBE Vector Graphic - Fill","hd":false,"cl":"primary"},{"ty":"tr","p":{"a":0,"k":[124.998,374.999],"ix":2},"a":{"a":0,"k":[0,0],"ix":1},"s":{"a":0,"k":[100,100],"ix":3},"r":{"a":0,"k":0,"ix":6},"o":{"a":0,"k":100,"ix":7},"sk":{"a":0,"k":0,"ix":4},"sa":{"a":0,"k":0,"ix":5},"nm":"Transform"}],"nm":"Group 2","np":2,"cix":2,"bm":0,"ix":2,"mn":"ADBE Vector Group","hd":false},{"ty":"gr","it":[{"ind":0,"ty":"sh","ix":1,"ks":{"a":0,"k":{"i":[[8.644,0],[0,8.643],[0,0],[-20.117,0],[0,0],[0,-8.643],[8.644,0],[0,0],[0,-2.858],[0,0]],"o":[[-8.644,0],[0,0],[0,-20.117],[0,0],[8.644,0],[0,8.643],[0,0],[-2.857,0],[0,0],[0,8.643]],"v":[[-46.875,62.524],[-62.525,46.875],[-62.525,-26.042],[-26.042,-62.524],[46.875,-62.524],[62.525,-46.875],[46.875,-31.225],[-26.042,-31.225],[-31.224,-26.042],[-31.224,46.875]],"c":true},"ix":2},"nm":"Path 1","mn":"ADBE Vector Shape - Group","hd":false},{"ty":"fl","c":{"a":0,"k":[0.169,0.278,0.208,1],"ix":4,"x":"var $bm_rt;\n$bm_rt = comp('system-regular-69-document-scan').layer('control').effect('primary')('Color');"},"o":{"a":0,"k":100,"ix":5},"r":1,"bm":0,"nm":".primary","mn":"ADBE Vector Graphic - Fill","hd":false,"cl":"primary"},{"ty":"tr","p":{"a":0,"k":[124.998,124.998],"ix":2},"a":{"a":0,"k":[0,0],"ix":1},"s":{"a":0,"k":[100,100],"ix":3},"r":{"a":0,"k":0,"ix":6},"o":{"a":0,"k":100,"ix":7},"sk":{"a":0,"k":0,"ix":4},"sa":{"a":0,"k":0,"ix":5},"nm":"Transform"}],"nm":"Group 3","np":2,"cix":2,"bm":0,"ix":3,"mn":"ADBE Vector Group","hd":false},{"ty":"gr","it":[{"ind":0,"ty":"sh","ix":1,"ks":{"a":0,"k":{"i":[[20.117,0],[0,0],[0,8.643],[-8.644,0],[0,0],[0,2.858],[0,0],[-8.644,0],[0,-8.643],[0,0]],"o":[[0,0],[-8.644,0],[0,-8.643],[0,0],[2.857,0],[0,0],[0,-8.643],[8.644,0],[0,0],[0,20.117]],"v":[[26.042,62.525],[-46.875,62.525],[-62.525,46.875],[-46.875,31.225],[26.042,31.225],[31.224,26.041],[31.224,-46.875],[46.875,-62.525],[62.525,-46.875],[62.525,26.041]],"c":true},"ix":2},"nm":"Path 1","mn":"ADBE Vector Shape - Group","hd":false},{"ty":"fl","c":{"a":0,"k":[0.169,0.278,0.208,1],"ix":4,"x":"var $bm_rt;\n$bm_rt = comp('system-regular-69-document-scan').layer('control').effect('primary')('Color');"},"o":{"a":0,"k":100,"ix":5},"r":1,"bm":0,"nm":".primary","mn":"ADBE Vector Graphic - Fill","hd":false,"cl":"primary"},{"ty":"tr","p":{"a":0,"k":[375.004,375.003],"ix":2},"a":{"a":0,"k":[0,0],"ix":1},"s":{"a":0,"k":[100,100],"ix":3},"r":{"a":0,"k":0,"ix":6},"o":{"a":0,"k":100,"ix":7},"sk":{"a":0,"k":0,"ix":4},"sa":{"a":0,"k":0,"ix":5},"nm":"Transform"}],"nm":"Group 4","np":2,"cix":2,"bm":0,"ix":4,"mn":"ADBE Vector Group","hd":false}],"ip":0,"op":300,"st":0,"ct":1,"bm":0},{"ddd":0,"ind":2,"ty":4,"nm":".primary.design","cl":"primary design","sr":1,"ks":{"o":{"a":0,"k":100,"ix":11},"r":{"a":0,"k":0,"ix":10},"p":{"a":1,"k":[{"i":{"x":0.667,"y":1},"o":{"x":0.167,"y":0.167},"t":0,"s":[250.064,250.003,0],"to":[0,0,0],"ti":[0,0,0]},{"i":{"x":0.667,"y":1},"o":{"x":0.333,"y":0},"t":25,"s":[250.064,86.003,0],"to":[0,0,0],"ti":[0,0,0]},{"i":{"x":0.833,"y":0.833},"o":{"x":0.333,"y":0},"t":65,"s":[250.064,416.003,0],"to":[0,0,0],"ti":[0,0,0]},{"t":90,"s":[250.064,250.003,0]}],"ix":2,"l":2},"a":{"a":0,"k":[0,0,0],"ix":1,"l":2},"s":{"a":0,"k":[100,100,100],"ix":6,"l":2}},"ao":0,"shapes":[{"ty":"gr","it":[{"ty":"rc","d":1,"s":{"a":1,"k":[{"i":{"x":[0.569,0.569],"y":[3.925,-0.646]},"o":{"x":[0.167,0.167],"y":[0.167,0.167]},"t":0,"s":[343,78]},{"i":{"x":[0.703,0.703],"y":[1,1]},"o":{"x":[0.321,0.321],"y":[0.247,0.493]},"t":9,"s":[344.02,63.623]},{"i":{"x":[0.833,0.833],"y":[0.833,0.833]},"o":{"x":[0.333,0.333],"y":[0,0]},"t":25,"s":[328,0]},{"i":{"x":[0.667,0.667],"y":[1,1]},"o":{"x":[0.167,0.167],"y":[0.167,0.167]},"t":45,"s":[343,144]},{"i":{"x":[0.833,0.833],"y":[0.833,0.833]},"o":{"x":[0.333,0.333],"y":[0,0]},"t":65,"s":[332,0]},{"t":90,"s":[343,78]}],"ix":2},"p":{"a":0,"k":[0,0],"ix":3},"r":{"a":0,"k":0,"ix":4},"nm":"Rectangle Path 1","mn":"ADBE Vector Shape - Rect","hd":false},{"ty":"st","c":{"a":0,"k":[0.169,0.278,0.208,1],"ix":3,"x":"var $bm_rt;\n$bm_rt = comp('system-regular-69-document-scan').layer('control').effect('primary')('Color');"},"o":{"a":0,"k":100,"ix":4},"w":{"a":0,"k":31.3,"ix":5},"lc":2,"lj":2,"bm":0,"nm":".primary","mn":"ADBE Vector Graphic - Stroke","hd":false,"cl":"primary"},{"ty":"fl","c":{"a":0,"k":[0.169,0.278,0.208,1],"ix":4,"x":"var $bm_rt;\n$bm_rt = comp('system-regular-69-document-scan').layer('control').effect('primary')('Color');"},"o":{"a":0,"k":100,"ix":5},"r":1,"bm":0,"nm":".primary","mn":"ADBE Vector Graphic - Fill","hd":false,"cl":"primary"},{"ty":"tr","p":{"a":0,"k":[-0.504,-0.503],"ix":2},"a":{"a":0,"k":[0,0],"ix":1},"s":{"a":0,"k":[100,100],"ix":3},"r":{"a":0,"k":0,"ix":6},"o":{"a":0,"k":100,"ix":7},"sk":{"a":0,"k":0,"ix":4},"sa":{"a":0,"k":0,"ix":5},"nm":"Transform"}],"nm":"Rectangle 1","np":3,"cix":2,"bm":0,"ix":1,"mn":"ADBE Vector Group","hd":false}],"ip":0,"op":91,"st":0,"ct":1,"bm":0}]}],"layers":[{"ddd":0,"ind":1,"ty":3,"nm":"control","sr":1,"ks":{"o":{"a":0,"k":0,"ix":11},"r":{"a":0,"k":0,"ix":10},"p":{"a":0,"k":[0,0],"ix":2,"l":2},"a":{"a":0,"k":[0,0,0],"ix":1,"l":2},"s":{"a":0,"k":[100,100,100],"ix":6,"l":2}},"ao":0,"ef":[{"ty":5,"nm":"primary","np":3,"mn":"ADBE Color Control","ix":1,"en":1,"ef":[{"ty":2,"nm":"Color","mn":"ADBE Color Control-0001","ix":1,"v":{"a":0,"k":[0.169,0.278,0.208],"ix":1}}]}],"ip":0,"op":491,"st":0,"bm":0},{"ddd":0,"ind":2,"ty":0,"nm":"in-scan","refId":"comp_0","sr":1,"ks":{"o":{"a":0,"k":100,"ix":11},"r":{"a":0,"k":0,"ix":10},"p":{"a":0,"k":[250,250,0],"ix":2,"l":2},"a":{"a":0,"k":[250,250,0],"ix":1,"l":2},"s":{"a":0,"k":[100,100,100],"ix":6,"l":2}},"ao":0,"w":500,"h":500,"ip":0,"op":100,"st":0,"bm":0},{"ddd":0,"ind":3,"ty":0,"nm":"hover-scan","refId":"comp_1","sr":1,"ks":{"o":{"a":0,"k":100,"ix":11},"r":{"a":0,"k":0,"ix":10},"p":{"a":0,"k":[250,250,0],"ix":2,"l":2},"a":{"a":0,"k":[250,250,0],"ix":1,"l":2},"s":{"a":0,"k":[100,100,100],"ix":6,"l":2}},"ao":0,"w":500,"h":500,"ip":100,"op":200,"st":100,"bm":0},{"ddd":0,"ind":4,"ty":0,"nm":"morph-scan-OK","refId":"comp_2","sr":1,"ks":{"o":{"a":0,"k":100,"ix":11},"r":{"a":0,"k":0,"ix":10},"p":{"a":0,"k":[250,250,0],"ix":2,"l":2},"a":{"a":0,"k":[250,250,0],"ix":1,"l":2},"s":{"a":0,"k":[100,100,100],"ix":6,"l":2}},"ao":0,"w":500,"h":500,"ip":200,"op":300,"st":200,"bm":0},{"ddd":0,"ind":5,"ty":0,"nm":"morph-scan-WRONG","refId":"comp_3","sr":1,"ks":{"o":{"a":0,"k":100,"ix":11},"r":{"a":0,"k":0,"ix":10},"p":{"a":0,"k":[250,250,0],"ix":2,"l":2},"a":{"a":0,"k":[250,250,0],"ix":1,"l":2},"s":{"a":0,"k":[100,100,100],"ix":6,"l":2}},"ao":0,"w":500,"h":500,"ip":300,"op":400,"st":300,"bm":0},{"ddd":0,"ind":6,"ty":0,"nm":"loop-scan","refId":"comp_4","sr":1,"ks":{"o":{"a":0,"k":100,"ix":11},"r":{"a":0,"k":0,"ix":10},"p":{"a":0,"k":[250,250,0],"ix":2,"l":2},"a":{"a":0,"k":[250,250,0],"ix":1,"l":2},"s":{"a":0,"k":[100,100,100],"ix":6,"l":2}},"ao":0,"w":500,"h":500,"ip":400,"op":500,"st":400,"bm":0}],"markers":[{"tm":0,"cm":"in-scan","dr":90},{"tm":100,"cm":"default:hover-scan","dr":90},{"tm":200,"cm":"morph-scan-OK","dr":90},{"tm":300,"cm":"morph-scan-WRONG","dr":90},{"tm":400,"cm":"loop-scan","dr":90}],"props":{}}