{"v":"5.12.1","fr":60,"ip":350,"op":410,"w":500,"h":500,"nm":"system-regular-95-star","ddd":0,"assets":[{"id":"comp_0","nm":"in-calm","fr":60,"layers":[{"ddd":0,"ind":1,"ty":4,"nm":".primary.design","cl":"primary design","sr":1,"ks":{"o":{"a":0,"k":100,"ix":11},"r":{"a":0,"k":0,"ix":10},"p":{"a":0,"k":[250,250,0],"ix":2,"l":2},"a":{"a":0,"k":[0,0,0],"ix":1,"l":2},"s":{"a":0,"k":[100,100,100],"ix":6,"l":2}},"ao":0,"shapes":[{"ty":"gr","it":[{"ind":0,"ty":"sh","ix":1,"ks":{"a":0,"k":{"i":[[-2.501,0],[-2.279,-1.199],[0,0],[0,0],[-3.688,3.595],[0,0],[0,0],[2.28,4.619],[0,0],[0,0],[5.098,-0.741],[0,0],[0,0],[0.871,-5.077],[0,0],[0,0]],"o":[[2.502,0],[0,0],[0,0],[-0.871,-5.077],[0,0],[0,0],[-5.098,-0.741],[0,0],[0,0],[-2.28,4.619],[0,0],[0,0],[3.688,3.596],[0,0],[0,0],[2.279,-1.198]],"v":[[0.004,97.509],[7.286,99.307],[90.91,143.27],[74.939,50.154],[79.44,36.302],[147.094,-29.644],[53.6,-43.229],[41.815,-51.79],[0.004,-136.511],[-41.808,-51.79],[-53.592,-43.229],[-147.086,-29.644],[-79.433,36.301],[-74.932,50.154],[-90.903,143.27],[-7.278,99.306]],"c":true},"ix":2},"nm":"Path 1","mn":"ADBE Vector Shape - Group","hd":false},{"ind":1,"ty":"sh","ix":2,"ks":{"a":0,"k":{"i":[[2.49,0],[2.728,1.981],[-1.007,5.871],[0,0],[0,0],[-1.841,5.666],[-5.896,0.856],[0,0],[0,0],[-5.957,0],[-2.637,-5.342],[0,0],[0,0],[-1.841,-5.666],[4.266,-4.158],[0,0],[0,0],[4.819,-3.501],[5.274,2.773],[0,0],[0,0]],"o":[[-3.246,0],[-4.819,-3.501],[0,0],[0,0],[-4.266,-4.158],[1.841,-5.666],[0,0],[0,0],[2.637,-5.342],[5.957,0],[0,0],[0,0],[5.896,0.856],[1.841,5.665],[0,0],[0,0],[1.007,5.871],[-4.819,3.501],[0,0],[0,0],[-2.289,1.204]],"v":[[-111.687,187.528],[-120.888,184.54],[-127.113,169.233],[-107.172,52.972],[-191.642,-29.365],[-195.602,-45.408],[-182.968,-56.059],[-66.234,-73.021],[-14.03,-178.799],[0.004,-187.523],[14.038,-178.799],[66.242,-73.021],[182.975,-56.059],[195.608,-45.408],[191.648,-29.365],[107.18,52.972],[127.12,169.233],[120.895,184.54],[104.413,185.731],[0.004,130.84],[-104.406,185.731]],"c":true},"ix":2},"nm":"Path 2","mn":"ADBE Vector Shape - Group","hd":false},{"ty":"fl","c":{"a":0,"k":[0.169,0.278,0.208,1],"ix":4,"x":"var $bm_rt;\n$bm_rt = comp('system-regular-95-star').layer('control').effect('primary')('Color');"},"o":{"a":0,"k":100,"ix":5},"r":1,"bm":0,"nm":".primary","mn":"ADBE Vector Graphic - Fill","hd":false,"cl":"primary"},{"ty":"tr","p":{"a":0,"k":[0,0],"ix":2},"a":{"a":0,"k":[0,0],"ix":1},"s":{"a":0,"k":[100,100],"ix":3},"r":{"a":0,"k":0,"ix":6},"o":{"a":0,"k":100,"ix":7},"sk":{"a":0,"k":0,"ix":4},"sa":{"a":0,"k":0,"ix":5},"nm":"Transform"}],"nm":"Group 1","np":3,"cix":2,"bm":0,"ix":1,"mn":"ADBE Vector Group","hd":false}],"ip":60,"op":300,"st":0,"ct":1,"bm":0},{"ddd":0,"ind":2,"ty":4,"nm":".primary.design","cl":"primary design","sr":1,"ks":{"o":{"a":0,"k":100,"ix":11},"r":{"a":0,"k":0,"ix":10},"p":{"a":0,"k":[250.004,267.003,0],"ix":2,"l":2},"a":{"a":0,"k":[0.155,16.8,0],"ix":1,"l":2},"s":{"a":0,"k":[100,100,100],"ix":6,"l":2}},"ao":0,"shapes":[{"ty":"gr","it":[{"ind":0,"ty":"sh","ix":1,"ks":{"a":1,"k":[{"i":{"x":0.833,"y":0.833},"o":{"x":0.167,"y":0.167},"t":1,"s":[{"i":[[0,0],[0,0],[0,0],[0,0],[0,0],[0,0],[0,0],[0,0],[0,0],[0,0]],"o":[[0,0],[0,0],[0,0],[0,0],[0,0],[0,0],[0,0],[0,0],[0,0],[0,0]],"v":[[-0.848,25.797],[-0.274,27.64],[-0.848,25.797],[-0.443,27.119],[-0.848,25.797],[0,26.797],[-0.848,25.797],[0.443,27.119],[-0.848,25.797],[0.274,27.64]],"c":true}]},{"i":{"x":0.1,"y":1},"o":{"x":0.167,"y":0.167},"t":9,"s":[{"i":[[0,0],[0,0],[0,0],[0,0],[0,0],[0,0],[0,0],[0,0],[0,0],[0,0]],"o":[[0,0],[0,0],[0,0],[0,0],[0,0],[0,0],[0,0],[0,0],[0,0],[0,0]],"v":[[-0.244,-114.935],[-0.274,27.64],[128.419,-21.456],[-0.443,27.119],[79.274,129.797],[0,26.797],[-79.763,129.797],[0.443,27.119],[-128.907,-21.456],[0.274,27.64]],"c":true}]},{"t":44,"s":[{"i":[[0,0],[0,0],[0,0],[0,0],[0,0],[0,0],[0,0],[0,0],[0,0],[0,0]],"o":[[0,0],[0,0],[0,0],[0,0],[0,0],[0,0],[0,0],[0,0],[0,0],[0,0]],"v":[[0,-171.876],[55.846,-58.72],[180.721,-40.574],[90.36,47.505],[111.692,171.876],[0,113.156],[-111.692,171.876],[-90.36,47.505],[-180.721,-40.574],[-55.846,-58.72]],"c":true}]}],"ix":2},"nm":"Path 1","mn":"ADBE Vector Shape - Group","hd":false},{"ty":"st","c":{"a":0,"k":[0.169,0.278,0.208,1],"ix":3,"x":"var $bm_rt;\n$bm_rt = comp('system-regular-95-star').layer('control').effect('primary')('Color');"},"o":{"a":0,"k":100,"ix":4},"w":{"a":0,"k":31.3,"ix":5},"lc":2,"lj":2,"bm":0,"nm":".primary","mn":"ADBE Vector Graphic - Stroke","hd":false,"cl":"primary"},{"ty":"tr","p":{"a":0,"k":[0,0],"ix":2},"a":{"a":0,"k":[0,0],"ix":1},"s":{"a":0,"k":[100,100],"ix":3},"r":{"a":0,"k":0,"ix":6},"o":{"a":0,"k":100,"ix":7},"sk":{"a":0,"k":0,"ix":4},"sa":{"a":0,"k":0,"ix":5},"nm":"Transform"}],"nm":"Group 1","np":2,"cix":2,"bm":0,"ix":1,"mn":"ADBE Vector Group","hd":false}],"ip":1,"op":60,"st":0,"ct":1,"bm":0}]},{"id":"comp_1","nm":"in-dynamic","fr":60,"layers":[{"ddd":0,"ind":1,"ty":4,"nm":".primary.design","cl":"primary design","sr":1,"ks":{"o":{"a":0,"k":100,"ix":11},"r":{"a":0,"k":0,"ix":10},"p":{"a":0,"k":[250,250,0],"ix":2,"l":2},"a":{"a":0,"k":[0,0,0],"ix":1,"l":2},"s":{"a":0,"k":[100,100,100],"ix":6,"l":2}},"ao":0,"shapes":[{"ty":"gr","it":[{"ind":0,"ty":"sh","ix":1,"ks":{"a":0,"k":{"i":[[-2.501,0],[-2.279,-1.199],[0,0],[0,0],[-3.688,3.595],[0,0],[0,0],[2.28,4.619],[0,0],[0,0],[5.098,-0.741],[0,0],[0,0],[0.871,-5.077],[0,0],[0,0]],"o":[[2.502,0],[0,0],[0,0],[-0.871,-5.077],[0,0],[0,0],[-5.098,-0.741],[0,0],[0,0],[-2.28,4.619],[0,0],[0,0],[3.688,3.596],[0,0],[0,0],[2.279,-1.198]],"v":[[0.004,97.509],[7.286,99.307],[90.91,143.27],[74.939,50.154],[79.44,36.302],[147.094,-29.644],[53.6,-43.229],[41.815,-51.79],[0.004,-136.511],[-41.808,-51.79],[-53.592,-43.229],[-147.086,-29.644],[-79.433,36.301],[-74.932,50.154],[-90.903,143.27],[-7.278,99.306]],"c":true},"ix":2},"nm":"Path 1","mn":"ADBE Vector Shape - Group","hd":false},{"ind":1,"ty":"sh","ix":2,"ks":{"a":0,"k":{"i":[[2.49,0],[2.728,1.981],[-1.007,5.871],[0,0],[0,0],[-1.841,5.666],[-5.896,0.856],[0,0],[0,0],[-5.957,0],[-2.637,-5.342],[0,0],[0,0],[-1.841,-5.666],[4.266,-4.158],[0,0],[0,0],[4.819,-3.501],[5.274,2.773],[0,0],[0,0]],"o":[[-3.246,0],[-4.819,-3.501],[0,0],[0,0],[-4.266,-4.158],[1.841,-5.666],[0,0],[0,0],[2.637,-5.342],[5.957,0],[0,0],[0,0],[5.896,0.856],[1.841,5.665],[0,0],[0,0],[1.007,5.871],[-4.819,3.501],[0,0],[0,0],[-2.289,1.204]],"v":[[-111.687,187.528],[-120.888,184.54],[-127.113,169.233],[-107.172,52.972],[-191.642,-29.365],[-195.602,-45.408],[-182.968,-56.059],[-66.234,-73.021],[-14.03,-178.799],[0.004,-187.523],[14.038,-178.799],[66.242,-73.021],[182.975,-56.059],[195.608,-45.408],[191.648,-29.365],[107.18,52.972],[127.12,169.233],[120.895,184.54],[104.413,185.731],[0.004,130.84],[-104.406,185.731]],"c":true},"ix":2},"nm":"Path 2","mn":"ADBE Vector Shape - Group","hd":false},{"ty":"fl","c":{"a":0,"k":[0.169,0.278,0.208,1],"ix":4,"x":"var $bm_rt;\n$bm_rt = comp('system-regular-95-star').layer('control').effect('primary')('Color');"},"o":{"a":0,"k":100,"ix":5},"r":1,"bm":0,"nm":".primary","mn":"ADBE Vector Graphic - Fill","hd":false,"cl":"primary"},{"ty":"tr","p":{"a":0,"k":[0,0],"ix":2},"a":{"a":0,"k":[0,0],"ix":1},"s":{"a":0,"k":[100,100],"ix":3},"r":{"a":0,"k":0,"ix":6},"o":{"a":0,"k":100,"ix":7},"sk":{"a":0,"k":0,"ix":4},"sa":{"a":0,"k":0,"ix":5},"nm":"Transform"}],"nm":"Group 1","np":3,"cix":2,"bm":0,"ix":1,"mn":"ADBE Vector Group","hd":false}],"ip":60,"op":300,"st":0,"ct":1,"bm":0},{"ddd":0,"ind":2,"ty":4,"nm":".primary.design","cl":"primary design","sr":1,"ks":{"o":{"a":0,"k":100,"ix":11},"r":{"a":1,"k":[{"i":{"x":[0.575],"y":[1.045]},"o":{"x":[0.185],"y":[-0.017]},"t":1,"s":[0]},{"i":{"x":[0.703],"y":[1]},"o":{"x":[0.341],"y":[0.059]},"t":9,"s":[-56.718]},{"i":{"x":[0.667],"y":[1]},"o":{"x":[0.333],"y":[0]},"t":25,"s":[13]},{"i":{"x":[0.667],"y":[1]},"o":{"x":[0.333],"y":[0]},"t":45,"s":[-4]},{"t":60,"s":[0]}],"ix":10},"p":{"a":0,"k":[250.004,274.003,0],"ix":2,"l":2},"a":{"a":0,"k":[0.155,23.8,0],"ix":1,"l":2},"s":{"a":0,"k":[100,100,100],"ix":6,"l":2}},"ao":0,"shapes":[{"ty":"gr","it":[{"ind":0,"ty":"sh","ix":1,"ks":{"a":1,"k":[{"i":{"x":0.833,"y":0.833},"o":{"x":0.167,"y":0.167},"t":1,"s":[{"i":[[0,0],[0,0],[0,0],[0,0],[0,0],[0,0],[0,0],[0,0],[0,0],[0,0]],"o":[[0,0],[0,0],[0,0],[0,0],[0,0],[0,0],[0,0],[0,0],[0,0],[0,0]],"v":[[-0.848,25.797],[-0.274,27.64],[-0.848,25.797],[-0.443,27.119],[-0.848,25.797],[0,26.797],[-0.848,25.797],[0.443,27.119],[-0.848,25.797],[0.274,27.64]],"c":true}]},{"i":{"x":0.667,"y":1},"o":{"x":0.167,"y":0.167},"t":9,"s":[{"i":[[0,0],[0,0],[0,0],[0,0],[0,0],[0,0],[0,0],[0,0],[0,0],[0,0]],"o":[[0,0],[0,0],[0,0],[0,0],[0,0],[0,0],[0,0],[0,0],[0,0],[0,0]],"v":[[-0.244,-114.935],[-0.274,27.64],[128.419,-21.456],[-0.443,27.119],[79.274,129.797],[0,26.797],[-79.763,129.797],[0.443,27.119],[-128.907,-21.456],[0.274,27.64]],"c":true}]},{"i":{"x":0.667,"y":1},"o":{"x":0.333,"y":0},"t":21,"s":[{"i":[[0,0],[0,0],[0,0],[0,0],[0,0],[0,0],[0,0],[0,0],[0,0],[0,0]],"o":[[0,0],[0,0],[0,0],[0,0],[0,0],[0,0],[0,0],[0,0],[0,0],[0,0]],"v":[[0,-204.621],[66.485,-69.907],[215.151,-48.305],[107.576,56.556],[132.971,204.621],[0,134.714],[-132.971,204.621],[-107.576,56.556],[-215.152,-48.305],[-66.485,-69.907]],"c":true}]},{"i":{"x":0.667,"y":1},"o":{"x":0.333,"y":0},"t":41,"s":[{"i":[[0,0],[0,0],[0,0],[0,0],[0,0],[0,0],[0,0],[0,0],[0,0],[0,0]],"o":[[0,0],[0,0],[0,0],[0,0],[0,0],[0,0],[0,0],[0,0],[0,0],[0,0]],"v":[[0,-153.264],[49.799,-52.361],[161.151,-36.181],[80.576,42.361],[99.597,153.264],[0,100.903],[-99.597,153.264],[-80.576,42.361],[-161.151,-36.181],[-49.799,-52.361]],"c":true}]},{"t":56,"s":[{"i":[[0,0],[0,0],[0,0],[0,0],[0,0],[0,0],[0,0],[0,0],[0,0],[0,0]],"o":[[0,0],[0,0],[0,0],[0,0],[0,0],[0,0],[0,0],[0,0],[0,0],[0,0]],"v":[[0,-171.876],[55.846,-58.72],[180.721,-40.574],[90.36,47.505],[111.692,171.876],[0,113.156],[-111.692,171.876],[-90.36,47.505],[-180.721,-40.574],[-55.846,-58.72]],"c":true}]}],"ix":2},"nm":"Path 1","mn":"ADBE Vector Shape - Group","hd":false},{"ty":"st","c":{"a":0,"k":[0.169,0.278,0.208,1],"ix":3,"x":"var $bm_rt;\n$bm_rt = comp('system-regular-95-star').layer('control').effect('primary')('Color');"},"o":{"a":0,"k":100,"ix":4},"w":{"a":0,"k":31.3,"ix":5},"lc":2,"lj":2,"bm":0,"nm":".primary","mn":"ADBE Vector Graphic - Stroke","hd":false,"cl":"primary"},{"ty":"tr","p":{"a":0,"k":[0,0],"ix":2},"a":{"a":0,"k":[0,0],"ix":1},"s":{"a":0,"k":[100,100],"ix":3},"r":{"a":0,"k":0,"ix":6},"o":{"a":0,"k":100,"ix":7},"sk":{"a":0,"k":0,"ix":4},"sa":{"a":0,"k":0,"ix":5},"nm":"Transform"}],"nm":"Group 1","np":2,"cix":2,"bm":0,"ix":1,"mn":"ADBE Vector Group","hd":false}],"ip":1,"op":60,"st":0,"ct":1,"bm":0}]},{"id":"comp_2","nm":"hover-rotation","fr":60,"layers":[{"ddd":0,"ind":1,"ty":4,"nm":".primary.design","cl":"primary design","sr":1,"ks":{"o":{"a":0,"k":100,"ix":11},"r":{"a":0,"k":0,"ix":10},"p":{"a":0,"k":[250,250,0],"ix":2,"l":2},"a":{"a":0,"k":[0,0,0],"ix":1,"l":2},"s":{"a":0,"k":[100,100,100],"ix":6,"l":2}},"ao":0,"shapes":[{"ty":"gr","it":[{"ind":0,"ty":"sh","ix":1,"ks":{"a":0,"k":{"i":[[-2.501,0],[-2.279,-1.199],[0,0],[0,0],[-3.688,3.595],[0,0],[0,0],[2.28,4.619],[0,0],[0,0],[5.098,-0.741],[0,0],[0,0],[0.871,-5.077],[0,0],[0,0]],"o":[[2.502,0],[0,0],[0,0],[-0.871,-5.077],[0,0],[0,0],[-5.098,-0.741],[0,0],[0,0],[-2.28,4.619],[0,0],[0,0],[3.688,3.596],[0,0],[0,0],[2.279,-1.198]],"v":[[0.004,97.509],[7.286,99.307],[90.91,143.27],[74.939,50.154],[79.44,36.302],[147.094,-29.644],[53.6,-43.229],[41.815,-51.79],[0.004,-136.511],[-41.808,-51.79],[-53.592,-43.229],[-147.086,-29.644],[-79.433,36.301],[-74.932,50.154],[-90.903,143.27],[-7.278,99.306]],"c":true},"ix":2},"nm":"Path 1","mn":"ADBE Vector Shape - Group","hd":false},{"ind":1,"ty":"sh","ix":2,"ks":{"a":0,"k":{"i":[[2.49,0],[2.728,1.981],[-1.007,5.871],[0,0],[0,0],[-1.841,5.666],[-5.896,0.856],[0,0],[0,0],[-5.957,0],[-2.637,-5.342],[0,0],[0,0],[-1.841,-5.666],[4.266,-4.158],[0,0],[0,0],[4.819,-3.501],[5.274,2.773],[0,0],[0,0]],"o":[[-3.246,0],[-4.819,-3.501],[0,0],[0,0],[-4.266,-4.158],[1.841,-5.666],[0,0],[0,0],[2.637,-5.342],[5.957,0],[0,0],[0,0],[5.896,0.856],[1.841,5.665],[0,0],[0,0],[1.007,5.871],[-4.819,3.501],[0,0],[0,0],[-2.289,1.204]],"v":[[-111.687,187.528],[-120.888,184.54],[-127.113,169.233],[-107.172,52.972],[-191.642,-29.365],[-195.602,-45.408],[-182.968,-56.059],[-66.234,-73.021],[-14.03,-178.799],[0.004,-187.523],[14.038,-178.799],[66.242,-73.021],[182.975,-56.059],[195.608,-45.408],[191.648,-29.365],[107.18,52.972],[127.12,169.233],[120.895,184.54],[104.413,185.731],[0.004,130.84],[-104.406,185.731]],"c":true},"ix":2},"nm":"Path 2","mn":"ADBE Vector Shape - Group","hd":false},{"ty":"fl","c":{"a":0,"k":[0.169,0.278,0.208,1],"ix":4,"x":"var $bm_rt;\n$bm_rt = comp('system-regular-95-star').layer('control').effect('primary')('Color');"},"o":{"a":0,"k":100,"ix":5},"r":1,"bm":0,"nm":".primary","mn":"ADBE Vector Graphic - Fill","hd":false,"cl":"primary"},{"ty":"tr","p":{"a":0,"k":[0,0],"ix":2},"a":{"a":0,"k":[0,0],"ix":1},"s":{"a":0,"k":[100,100],"ix":3},"r":{"a":0,"k":0,"ix":6},"o":{"a":0,"k":100,"ix":7},"sk":{"a":0,"k":0,"ix":4},"sa":{"a":0,"k":0,"ix":5},"nm":"Transform"}],"nm":"Group 1","np":3,"cix":2,"bm":0,"ix":1,"mn":"ADBE Vector Group","hd":false}],"ip":60,"op":300,"st":0,"ct":1,"bm":0},{"ddd":0,"ind":2,"ty":4,"nm":".primary.design","cl":"primary design","sr":1,"ks":{"o":{"a":0,"k":100,"ix":11},"r":{"a":0,"k":0,"ix":10},"p":{"a":0,"k":[250,250,0],"ix":2,"l":2},"a":{"a":0,"k":[0,0,0],"ix":1,"l":2},"s":{"a":0,"k":[100,100,100],"ix":6,"l":2}},"ao":0,"shapes":[{"ty":"gr","it":[{"ind":0,"ty":"sh","ix":1,"ks":{"a":0,"k":{"i":[[-2.501,0],[-2.279,-1.199],[0,0],[0,0],[-3.688,3.595],[0,0],[0,0],[2.28,4.619],[0,0],[0,0],[5.098,-0.741],[0,0],[0,0],[0.871,-5.077],[0,0],[0,0]],"o":[[2.502,0],[0,0],[0,0],[-0.871,-5.077],[0,0],[0,0],[-5.098,-0.741],[0,0],[0,0],[-2.28,4.619],[0,0],[0,0],[3.688,3.596],[0,0],[0,0],[2.279,-1.198]],"v":[[0.004,97.509],[7.286,99.307],[90.91,143.27],[74.939,50.154],[79.44,36.302],[147.094,-29.644],[53.6,-43.229],[41.815,-51.79],[0.004,-136.511],[-41.808,-51.79],[-53.592,-43.229],[-147.086,-29.644],[-79.433,36.301],[-74.932,50.154],[-90.903,143.27],[-7.278,99.306]],"c":true},"ix":2},"nm":"Path 1","mn":"ADBE Vector Shape - Group","hd":false},{"ind":1,"ty":"sh","ix":2,"ks":{"a":0,"k":{"i":[[2.49,0],[2.728,1.981],[-1.007,5.871],[0,0],[0,0],[-1.841,5.666],[-5.896,0.856],[0,0],[0,0],[-5.957,0],[-2.637,-5.342],[0,0],[0,0],[-1.841,-5.666],[4.266,-4.158],[0,0],[0,0],[4.819,-3.501],[5.274,2.773],[0,0],[0,0]],"o":[[-3.246,0],[-4.819,-3.501],[0,0],[0,0],[-4.266,-4.158],[1.841,-5.666],[0,0],[0,0],[2.637,-5.342],[5.957,0],[0,0],[0,0],[5.896,0.856],[1.841,5.665],[0,0],[0,0],[1.007,5.871],[-4.819,3.501],[0,0],[0,0],[-2.289,1.204]],"v":[[-111.687,187.528],[-120.888,184.54],[-127.113,169.233],[-107.172,52.972],[-191.642,-29.365],[-195.602,-45.408],[-182.968,-56.059],[-66.234,-73.021],[-14.03,-178.799],[0.004,-187.523],[14.038,-178.799],[66.242,-73.021],[182.975,-56.059],[195.608,-45.408],[191.648,-29.365],[107.18,52.972],[127.12,169.233],[120.895,184.54],[104.413,185.731],[0.004,130.84],[-104.406,185.731]],"c":true},"ix":2},"nm":"Path 2","mn":"ADBE Vector Shape - Group","hd":false},{"ty":"fl","c":{"a":0,"k":[0.169,0.278,0.208,1],"ix":4,"x":"var $bm_rt;\n$bm_rt = comp('system-regular-95-star').layer('control').effect('primary')('Color');"},"o":{"a":0,"k":100,"ix":5},"r":1,"bm":0,"nm":".primary","mn":"ADBE Vector Graphic - Fill","hd":false,"cl":"primary"},{"ty":"tr","p":{"a":0,"k":[0,0],"ix":2},"a":{"a":0,"k":[0,0],"ix":1},"s":{"a":0,"k":[100,100],"ix":3},"r":{"a":0,"k":0,"ix":6},"o":{"a":0,"k":100,"ix":7},"sk":{"a":0,"k":0,"ix":4},"sa":{"a":0,"k":0,"ix":5},"nm":"Transform"}],"nm":"Group 1","np":3,"cix":2,"bm":0,"ix":1,"mn":"ADBE Vector Group","hd":false}],"ip":0,"op":1,"st":0,"ct":1,"bm":0},{"ddd":0,"ind":3,"ty":4,"nm":".primary.design","cl":"primary design","sr":1,"ks":{"o":{"a":0,"k":100,"ix":11},"r":{"a":1,"k":[{"i":{"x":[0.1],"y":[1]},"o":{"x":[0.333],"y":[0]},"t":1,"s":[0]},{"t":60,"s":[144]}],"ix":10},"p":{"a":1,"k":[{"i":{"x":0.1,"y":1},"o":{"x":0.333,"y":0},"t":1,"s":[250.004,267.003,0],"to":[0.167,0.417,0],"ti":[-0.167,-0.417,0]},{"t":60,"s":[251.004,269.503,0]}],"ix":2,"l":2},"a":{"a":0,"k":[0.155,16.8,0],"ix":1,"l":2},"s":{"a":0,"k":[100,100,100],"ix":6,"l":2}},"ao":0,"shapes":[{"ty":"gr","it":[{"ind":0,"ty":"sh","ix":1,"ks":{"a":1,"k":[{"i":{"x":0.667,"y":1},"o":{"x":0.333,"y":0},"t":1,"s":[{"i":[[0,0],[0,0],[0,0],[0,0],[0,0],[0,0],[0,0],[0,0],[0,0],[0,0]],"o":[[0,0],[0,0],[0,0],[0,0],[0,0],[0,0],[0,0],[0,0],[0,0],[0,0]],"v":[[0,-171.876],[55.846,-58.72],[180.721,-40.574],[90.36,47.505],[111.692,171.876],[0,113.156],[-111.692,171.876],[-90.36,47.505],[-180.721,-40.574],[-55.846,-58.72]],"c":true}]},{"i":{"x":0.667,"y":1},"o":{"x":0.333,"y":0},"t":24,"s":[{"i":[[0,0],[0,0],[0,0],[0,0],[0,0],[0,0],[0,0],[0,0],[0,0],[0,0]],"o":[[0,0],[0,0],[0,0],[0,0],[0,0],[0,0],[0,0],[0,0],[0,0],[0,0]],"v":[[0,-196.137],[46.391,-44.17],[206.231,-46.302],[75.061,44.07],[127.458,196.137],[0,98.606],[-127.458,196.137],[-75.061,44.07],[-206.231,-46.302],[-46.391,-44.17]],"c":true}]},{"t":60,"s":[{"i":[[0,0],[0,0],[0,0],[0,0],[0,0],[0,0],[0,0],[0,0],[0,0],[0,0]],"o":[[0,0],[0,0],[0,0],[0,0],[0,0],[0,0],[0,0],[0,0],[0,0],[0,0]],"v":[[0,-171.876],[55.846,-58.72],[180.721,-40.574],[90.36,47.505],[111.692,171.876],[0,113.156],[-111.692,171.876],[-90.36,47.505],[-180.721,-40.574],[-55.846,-58.72]],"c":true}]}],"ix":2},"nm":"Path 1","mn":"ADBE Vector Shape - Group","hd":false},{"ty":"st","c":{"a":0,"k":[0.169,0.278,0.208,1],"ix":3,"x":"var $bm_rt;\n$bm_rt = comp('system-regular-95-star').layer('control').effect('primary')('Color');"},"o":{"a":0,"k":100,"ix":4},"w":{"a":0,"k":31.3,"ix":5},"lc":2,"lj":2,"bm":0,"nm":".primary","mn":"ADBE Vector Graphic - Stroke","hd":false,"cl":"primary"},{"ty":"tr","p":{"a":0,"k":[0,0],"ix":2},"a":{"a":0,"k":[0,0],"ix":1},"s":{"a":0,"k":[100,100],"ix":3},"r":{"a":0,"k":0,"ix":6},"o":{"a":0,"k":100,"ix":7},"sk":{"a":0,"k":0,"ix":4},"sa":{"a":0,"k":0,"ix":5},"nm":"Transform"}],"nm":"Group 1","np":2,"cix":2,"bm":0,"ix":1,"mn":"ADBE Vector Group","hd":false}],"ip":1,"op":60,"st":0,"ct":1,"bm":0}]},{"id":"comp_3","nm":"hover-jump","fr":60,"layers":[{"ddd":0,"ind":1,"ty":4,"nm":".primary.design","cl":"primary design","sr":1,"ks":{"o":{"a":0,"k":100,"ix":11},"r":{"a":0,"k":0,"ix":10},"p":{"a":0,"k":[250,250,0],"ix":2,"l":2},"a":{"a":0,"k":[0,0,0],"ix":1,"l":2},"s":{"a":0,"k":[100,100,100],"ix":6,"l":2}},"ao":0,"shapes":[{"ty":"gr","it":[{"ind":0,"ty":"sh","ix":1,"ks":{"a":0,"k":{"i":[[-2.501,0],[-2.279,-1.199],[0,0],[0,0],[-3.688,3.595],[0,0],[0,0],[2.28,4.619],[0,0],[0,0],[5.098,-0.741],[0,0],[0,0],[0.871,-5.077],[0,0],[0,0]],"o":[[2.502,0],[0,0],[0,0],[-0.871,-5.077],[0,0],[0,0],[-5.098,-0.741],[0,0],[0,0],[-2.28,4.619],[0,0],[0,0],[3.688,3.596],[0,0],[0,0],[2.279,-1.198]],"v":[[0.004,97.509],[7.286,99.307],[90.91,143.27],[74.939,50.154],[79.44,36.302],[147.094,-29.644],[53.6,-43.229],[41.815,-51.79],[0.004,-136.511],[-41.808,-51.79],[-53.592,-43.229],[-147.086,-29.644],[-79.433,36.301],[-74.932,50.154],[-90.903,143.27],[-7.278,99.306]],"c":true},"ix":2},"nm":"Path 1","mn":"ADBE Vector Shape - Group","hd":false},{"ind":1,"ty":"sh","ix":2,"ks":{"a":0,"k":{"i":[[2.49,0],[2.728,1.981],[-1.007,5.871],[0,0],[0,0],[-1.841,5.666],[-5.896,0.856],[0,0],[0,0],[-5.957,0],[-2.637,-5.342],[0,0],[0,0],[-1.841,-5.666],[4.266,-4.158],[0,0],[0,0],[4.819,-3.501],[5.274,2.773],[0,0],[0,0]],"o":[[-3.246,0],[-4.819,-3.501],[0,0],[0,0],[-4.266,-4.158],[1.841,-5.666],[0,0],[0,0],[2.637,-5.342],[5.957,0],[0,0],[0,0],[5.896,0.856],[1.841,5.665],[0,0],[0,0],[1.007,5.871],[-4.819,3.501],[0,0],[0,0],[-2.289,1.204]],"v":[[-111.687,187.528],[-120.888,184.54],[-127.113,169.233],[-107.172,52.972],[-191.642,-29.365],[-195.602,-45.408],[-182.968,-56.059],[-66.234,-73.021],[-14.03,-178.799],[0.004,-187.523],[14.038,-178.799],[66.242,-73.021],[182.975,-56.059],[195.608,-45.408],[191.648,-29.365],[107.18,52.972],[127.12,169.233],[120.895,184.54],[104.413,185.731],[0.004,130.84],[-104.406,185.731]],"c":true},"ix":2},"nm":"Path 2","mn":"ADBE Vector Shape - Group","hd":false},{"ty":"fl","c":{"a":0,"k":[0.169,0.278,0.208,1],"ix":4,"x":"var $bm_rt;\n$bm_rt = comp('system-regular-95-star').layer('control').effect('primary')('Color');"},"o":{"a":0,"k":100,"ix":5},"r":1,"bm":0,"nm":".primary","mn":"ADBE Vector Graphic - Fill","hd":false,"cl":"primary"},{"ty":"tr","p":{"a":0,"k":[0,0],"ix":2},"a":{"a":0,"k":[0,0],"ix":1},"s":{"a":0,"k":[100,100],"ix":3},"r":{"a":0,"k":0,"ix":6},"o":{"a":0,"k":100,"ix":7},"sk":{"a":0,"k":0,"ix":4},"sa":{"a":0,"k":0,"ix":5},"nm":"Transform"}],"nm":"Group 1","np":3,"cix":2,"bm":0,"ix":1,"mn":"ADBE Vector Group","hd":false}],"ip":60,"op":300,"st":0,"ct":1,"bm":0},{"ddd":0,"ind":2,"ty":4,"nm":".primary.design","cl":"primary design","sr":1,"ks":{"o":{"a":0,"k":100,"ix":11},"r":{"a":0,"k":0,"ix":10},"p":{"a":0,"k":[250,250,0],"ix":2,"l":2},"a":{"a":0,"k":[0,0,0],"ix":1,"l":2},"s":{"a":0,"k":[100,100,100],"ix":6,"l":2}},"ao":0,"shapes":[{"ty":"gr","it":[{"ind":0,"ty":"sh","ix":1,"ks":{"a":0,"k":{"i":[[-2.501,0],[-2.279,-1.199],[0,0],[0,0],[-3.688,3.595],[0,0],[0,0],[2.28,4.619],[0,0],[0,0],[5.098,-0.741],[0,0],[0,0],[0.871,-5.077],[0,0],[0,0]],"o":[[2.502,0],[0,0],[0,0],[-0.871,-5.077],[0,0],[0,0],[-5.098,-0.741],[0,0],[0,0],[-2.28,4.619],[0,0],[0,0],[3.688,3.596],[0,0],[0,0],[2.279,-1.198]],"v":[[0.004,97.509],[7.286,99.307],[90.91,143.27],[74.939,50.154],[79.44,36.302],[147.094,-29.644],[53.6,-43.229],[41.815,-51.79],[0.004,-136.511],[-41.808,-51.79],[-53.592,-43.229],[-147.086,-29.644],[-79.433,36.301],[-74.932,50.154],[-90.903,143.27],[-7.278,99.306]],"c":true},"ix":2},"nm":"Path 1","mn":"ADBE Vector Shape - Group","hd":false},{"ind":1,"ty":"sh","ix":2,"ks":{"a":0,"k":{"i":[[2.49,0],[2.728,1.981],[-1.007,5.871],[0,0],[0,0],[-1.841,5.666],[-5.896,0.856],[0,0],[0,0],[-5.957,0],[-2.637,-5.342],[0,0],[0,0],[-1.841,-5.666],[4.266,-4.158],[0,0],[0,0],[4.819,-3.501],[5.274,2.773],[0,0],[0,0]],"o":[[-3.246,0],[-4.819,-3.501],[0,0],[0,0],[-4.266,-4.158],[1.841,-5.666],[0,0],[0,0],[2.637,-5.342],[5.957,0],[0,0],[0,0],[5.896,0.856],[1.841,5.665],[0,0],[0,0],[1.007,5.871],[-4.819,3.501],[0,0],[0,0],[-2.289,1.204]],"v":[[-111.687,187.528],[-120.888,184.54],[-127.113,169.233],[-107.172,52.972],[-191.642,-29.365],[-195.602,-45.408],[-182.968,-56.059],[-66.234,-73.021],[-14.03,-178.799],[0.004,-187.523],[14.038,-178.799],[66.242,-73.021],[182.975,-56.059],[195.608,-45.408],[191.648,-29.365],[107.18,52.972],[127.12,169.233],[120.895,184.54],[104.413,185.731],[0.004,130.84],[-104.406,185.731]],"c":true},"ix":2},"nm":"Path 2","mn":"ADBE Vector Shape - Group","hd":false},{"ty":"fl","c":{"a":0,"k":[0.169,0.278,0.208,1],"ix":4,"x":"var $bm_rt;\n$bm_rt = comp('system-regular-95-star').layer('control').effect('primary')('Color');"},"o":{"a":0,"k":100,"ix":5},"r":1,"bm":0,"nm":".primary","mn":"ADBE Vector Graphic - Fill","hd":false,"cl":"primary"},{"ty":"tr","p":{"a":0,"k":[0,0],"ix":2},"a":{"a":0,"k":[0,0],"ix":1},"s":{"a":0,"k":[100,100],"ix":3},"r":{"a":0,"k":0,"ix":6},"o":{"a":0,"k":100,"ix":7},"sk":{"a":0,"k":0,"ix":4},"sa":{"a":0,"k":0,"ix":5},"nm":"Transform"}],"nm":"Group 1","np":3,"cix":2,"bm":0,"ix":1,"mn":"ADBE Vector Group","hd":false}],"ip":0,"op":1,"st":0,"ct":1,"bm":0},{"ddd":0,"ind":3,"ty":4,"nm":".primary.design","cl":"primary design","sr":1,"ks":{"o":{"a":0,"k":100,"ix":11},"r":{"a":1,"k":[{"i":{"x":[0.575],"y":[1.082]},"o":{"x":[0.167],"y":[0]},"t":1,"s":[0]},{"i":{"x":[0.703],"y":[1]},"o":{"x":[0.341],"y":[0.059]},"t":14,"s":[-56.718]},{"i":{"x":[0.667],"y":[1]},"o":{"x":[0.333],"y":[0]},"t":28.432,"s":[13]},{"i":{"x":[0.667],"y":[1]},"o":{"x":[0.333],"y":[0]},"t":46.471,"s":[-4]},{"t":60,"s":[0]}],"ix":10},"p":{"a":0,"k":[250.004,267.003,0],"ix":2,"l":2},"a":{"a":0,"k":[0.155,16.8,0],"ix":1,"l":2},"s":{"a":0,"k":[100,100,100],"ix":6,"l":2}},"ao":0,"shapes":[{"ty":"gr","it":[{"ind":0,"ty":"sh","ix":1,"ks":{"a":1,"k":[{"i":{"x":0.667,"y":1},"o":{"x":0.167,"y":0},"t":1,"s":[{"i":[[0,0],[0,0],[0,0],[0,0],[0,0],[0,0],[0,0],[0,0],[0,0],[0,0]],"o":[[0,0],[0,0],[0,0],[0,0],[0,0],[0,0],[0,0],[0,0],[0,0],[0,0]],"v":[[0,-171.876],[55.846,-58.72],[180.721,-40.574],[90.36,47.505],[111.692,171.876],[0,113.156],[-111.692,171.876],[-90.36,47.505],[-180.721,-40.574],[-55.846,-58.72]],"c":true}]},{"i":{"x":0.667,"y":1},"o":{"x":0.333,"y":0},"t":14,"s":[{"i":[[0,0],[0,0],[0,0],[0,0],[0,0],[0,0],[0,0],[0,0],[0,0],[0,0]],"o":[[0,0],[0,0],[0,0],[0,0],[0,0],[0,0],[0,0],[0,0],[0,0],[0,0]],"v":[[-0.137,-140.075],[24.504,-10.49],[151.511,-29.897],[39.648,36.12],[93.587,148.375],[0,64.926],[-93.86,148.375],[-39.648,36.12],[-151.784,-29.897],[-24.504,-10.49]],"c":true}]},{"i":{"x":0.667,"y":1},"o":{"x":0.333,"y":0},"t":24.824,"s":[{"i":[[0,0],[0,0],[0,0],[0,0],[0,0],[0,0],[0,0],[0,0],[0,0],[0,0]],"o":[[0,0],[0,0],[0,0],[0,0],[0,0],[0,0],[0,0],[0,0],[0,0],[0,0]],"v":[[0,-204.621],[66.485,-69.907],[215.151,-48.305],[107.576,56.556],[132.971,204.621],[0,134.714],[-132.971,204.621],[-107.576,56.556],[-215.152,-48.305],[-66.485,-69.907]],"c":true}]},{"i":{"x":0.667,"y":1},"o":{"x":0.333,"y":0},"t":42.863,"s":[{"i":[[0,0],[0,0],[0,0],[0,0],[0,0],[0,0],[0,0],[0,0],[0,0],[0,0]],"o":[[0,0],[0,0],[0,0],[0,0],[0,0],[0,0],[0,0],[0,0],[0,0],[0,0]],"v":[[0,-153.264],[49.799,-52.361],[161.151,-36.181],[80.576,42.361],[99.597,153.264],[0,100.903],[-99.597,153.264],[-80.576,42.361],[-161.151,-36.181],[-49.799,-52.361]],"c":true}]},{"t":56.392578125,"s":[{"i":[[0,0],[0,0],[0,0],[0,0],[0,0],[0,0],[0,0],[0,0],[0,0],[0,0]],"o":[[0,0],[0,0],[0,0],[0,0],[0,0],[0,0],[0,0],[0,0],[0,0],[0,0]],"v":[[0,-171.876],[55.846,-58.72],[180.721,-40.574],[90.36,47.505],[111.692,171.876],[0,113.156],[-111.692,171.876],[-90.36,47.505],[-180.721,-40.574],[-55.846,-58.72]],"c":true}]}],"ix":2},"nm":"Path 1","mn":"ADBE Vector Shape - Group","hd":false},{"ty":"st","c":{"a":0,"k":[0.169,0.278,0.208,1],"ix":3,"x":"var $bm_rt;\n$bm_rt = comp('system-regular-95-star').layer('control').effect('primary')('Color');"},"o":{"a":0,"k":100,"ix":4},"w":{"a":0,"k":31.3,"ix":5},"lc":2,"lj":2,"bm":0,"nm":".primary","mn":"ADBE Vector Graphic - Stroke","hd":false,"cl":"primary"},{"ty":"tr","p":{"a":0,"k":[0,0],"ix":2},"a":{"a":0,"k":[0,0],"ix":1},"s":{"a":0,"k":[100,100],"ix":3},"r":{"a":0,"k":0,"ix":6},"o":{"a":0,"k":100,"ix":7},"sk":{"a":0,"k":0,"ix":4},"sa":{"a":0,"k":0,"ix":5},"nm":"Transform"}],"nm":"Group 1","np":2,"cix":2,"bm":0,"ix":1,"mn":"ADBE Vector Group","hd":false}],"ip":1,"op":60,"st":0,"ct":1,"bm":0}]},{"id":"comp_4","nm":"morph-fill-rotation","fr":60,"layers":[{"ddd":0,"ind":1,"ty":4,"nm":".primary.design","cl":"primary design","sr":1,"ks":{"o":{"a":0,"k":100,"ix":11},"r":{"a":1,"k":[{"i":{"x":[0.575],"y":[1.069]},"o":{"x":[0.167],"y":[0]},"t":0,"s":[0]},{"i":{"x":[0.703],"y":[1]},"o":{"x":[0.341],"y":[0.059]},"t":11,"s":[-56.718]},{"i":{"x":[0.667],"y":[1]},"o":{"x":[0.333],"y":[0]},"t":25.432,"s":[13]},{"i":{"x":[0.667],"y":[1]},"o":{"x":[0.333],"y":[0]},"t":43.471,"s":[-4]},{"t":59,"s":[0]}],"ix":10},"p":{"a":0,"k":[250,250,0],"ix":2,"l":2},"a":{"a":0,"k":[0,0,0],"ix":1,"l":2},"s":{"a":1,"k":[{"i":{"x":[0.667,0.667,0.667],"y":[1,1,1]},"o":{"x":[0.333,0.333,0.333],"y":[0,0,0]},"t":0,"s":[100,100,100]},{"i":{"x":[0.667,0.667,0.667],"y":[1,1,1]},"o":{"x":[0.333,0.333,0.333],"y":[0,0,0]},"t":14,"s":[67,67,100]},{"i":{"x":[0.667,0.667,0.667],"y":[1,1,1]},"o":{"x":[0.333,0.333,0.333],"y":[0,0,0]},"t":28,"s":[110,110,100]},{"i":{"x":[0.667,0.667,0.667],"y":[1,1,1]},"o":{"x":[0.333,0.333,0.333],"y":[0,0,0]},"t":46,"s":[93,93,100]},{"t":60,"s":[100,100,100]}],"ix":6,"l":2}},"ao":0,"shapes":[{"ty":"gr","it":[{"ind":0,"ty":"sh","ix":1,"ks":{"a":0,"k":{"i":[[2.49,0],[2.728,1.981],[-1.007,5.871],[0,0],[0,0],[-1.841,5.666],[-5.896,0.856],[0,0],[0,0],[-5.957,0],[-2.637,-5.342],[0,0],[0,0],[-1.841,-5.666],[4.266,-4.158],[0,0],[0,0],[4.819,-3.501],[5.274,2.773],[0,0],[0,0]],"o":[[-3.246,0],[-4.819,-3.501],[0,0],[0,0],[-4.266,-4.158],[1.841,-5.666],[0,0],[0,0],[2.637,-5.342],[5.957,0],[0,0],[0,0],[5.896,0.856],[1.841,5.665],[0,0],[0,0],[1.007,5.871],[-4.819,3.501],[0,0],[0,0],[-2.289,1.204]],"v":[[-111.687,187.528],[-120.888,184.54],[-127.113,169.233],[-107.172,52.972],[-191.642,-29.365],[-195.602,-45.408],[-182.968,-56.059],[-66.234,-73.021],[-14.03,-178.799],[0.004,-187.523],[14.038,-178.799],[66.242,-73.021],[182.975,-56.059],[195.608,-45.408],[191.648,-29.365],[107.18,52.972],[127.12,169.233],[120.895,184.54],[104.413,185.731],[0.004,130.84],[-104.406,185.731]],"c":true},"ix":2},"nm":"Path 2","mn":"ADBE Vector Shape - Group","hd":false},{"ty":"fl","c":{"a":0,"k":[0.169,0.278,0.208,1],"ix":4,"x":"var $bm_rt;\n$bm_rt = comp('system-regular-95-star').layer('control').effect('primary')('Color');"},"o":{"a":0,"k":100,"ix":5},"r":1,"bm":0,"nm":".primary","mn":"ADBE Vector Graphic - Fill","hd":false,"cl":"primary"},{"ty":"tr","p":{"a":0,"k":[0,0],"ix":2},"a":{"a":0,"k":[0,0],"ix":1},"s":{"a":0,"k":[100,100],"ix":3},"r":{"a":0,"k":0,"ix":6},"o":{"a":0,"k":100,"ix":7},"sk":{"a":0,"k":0,"ix":4},"sa":{"a":0,"k":0,"ix":5},"nm":"Transform"}],"nm":"Group 1","np":2,"cix":2,"bm":0,"ix":1,"mn":"ADBE Vector Group","hd":false}],"ip":14,"op":96,"st":0,"ct":1,"bm":0},{"ddd":0,"ind":2,"ty":4,"nm":".primary.design","cl":"primary design","sr":1,"ks":{"o":{"a":0,"k":100,"ix":11},"r":{"a":1,"k":[{"i":{"x":[0.575],"y":[1.069]},"o":{"x":[0.167],"y":[0]},"t":0,"s":[0]},{"i":{"x":[0.703],"y":[1]},"o":{"x":[0.341],"y":[0.059]},"t":11,"s":[-56.718]},{"i":{"x":[0.667],"y":[1]},"o":{"x":[0.333],"y":[0]},"t":25.432,"s":[13]},{"i":{"x":[0.667],"y":[1]},"o":{"x":[0.333],"y":[0]},"t":43.471,"s":[-4]},{"t":59,"s":[0]}],"ix":10},"p":{"a":0,"k":[250,250,0],"ix":2,"l":2},"a":{"a":0,"k":[0,0,0],"ix":1,"l":2},"s":{"a":1,"k":[{"i":{"x":[0.667,0.667,0.667],"y":[1,1,1]},"o":{"x":[0.333,0.333,0.333],"y":[0,0,0]},"t":0,"s":[100,100,100]},{"i":{"x":[0.667,0.667,0.667],"y":[1,1,1]},"o":{"x":[0.333,0.333,0.333],"y":[0,0,0]},"t":14,"s":[67,67,100]},{"i":{"x":[0.667,0.667,0.667],"y":[1,1,1]},"o":{"x":[0.333,0.333,0.333],"y":[0,0,0]},"t":28,"s":[110,110,100]},{"i":{"x":[0.667,0.667,0.667],"y":[1,1,1]},"o":{"x":[0.333,0.333,0.333],"y":[0,0,0]},"t":46,"s":[93,93,100]},{"t":60,"s":[100,100,100]}],"ix":6,"l":2}},"ao":0,"shapes":[{"ty":"gr","it":[{"ind":0,"ty":"sh","ix":1,"ks":{"a":1,"k":[{"i":{"x":0.833,"y":0.833},"o":{"x":0.333,"y":0},"t":0,"s":[{"i":[[-2.501,0],[-2.279,-1.199],[0,0],[0,0],[-3.688,3.595],[0,0],[0,0],[2.28,4.619],[0,0],[0,0],[5.098,-0.741],[0,0],[0,0],[0.871,-5.077],[0,0],[0,0]],"o":[[2.502,0],[0,0],[0,0],[-0.871,-5.077],[0,0],[0,0],[-5.098,-0.741],[0,0],[0,0],[-2.28,4.619],[0,0],[0,0],[3.688,3.596],[0,0],[0,0],[2.279,-1.198]],"v":[[0.004,97.509],[7.286,99.307],[90.91,143.27],[74.939,50.154],[79.44,36.302],[147.094,-29.644],[53.6,-43.229],[41.815,-51.79],[0.004,-136.511],[-41.808,-51.79],[-53.592,-43.229],[-147.086,-29.644],[-79.433,36.301],[-74.932,50.154],[-90.903,143.27],[-7.278,99.306]],"c":true}]},{"i":{"x":0.833,"y":0.833},"o":{"x":0.167,"y":0.167},"t":6,"s":[{"i":[[-1.756,0],[-1.6,-0.842],[0,0],[0,0],[-2.59,2.524],[0,0],[0,0],[1.601,3.243],[0,0],[0,0],[3.579,-0.52],[0,0],[0,0],[0.612,-3.565],[0,0],[0,0]],"o":[[1.757,0],[0,0],[0,0],[-0.612,-3.565],[0,0],[0,0],[-3.579,-0.52],[0,0],[0,0],[-1.601,3.243],[0,0],[0,0],[2.59,2.525],[0,0],[0,0],[1.6,-0.841]],"v":[[-0.363,77.029],[4.75,78.291],[34.484,64.558],[52.254,43.778],[55.414,34.052],[56.02,-1.724],[37.27,-21.792],[28.996,-27.803],[-0.363,-42.688],[-29.721,-27.803],[-37.996,-21.792],[-56.746,-1.724],[-56.14,34.051],[-52.98,43.778],[-35.21,64.558],[-5.476,78.291]],"c":true}]},{"i":{"x":0.833,"y":0.833},"o":{"x":0.167,"y":0.167},"t":12,"s":[{"i":[[-0.449,0],[-0.409,-0.215],[0,0],[0,0],[-0.662,0.645],[0,0],[0,0],[0.409,0.828],[0,0],[0,0],[0.914,-0.133],[0,0],[0,0],[0.156,-0.911],[0,0],[0,0]],"o":[[0.449,0],[0,0],[0,0],[-0.156,-0.911],[0,0],[0,0],[-0.914,-0.133],[0,0],[0,0],[-0.409,0.828],[0,0],[0,0],[0.662,0.645],[0,0],[0,0],[0.409,-0.215]],"v":[[-1.007,41.081],[0.299,41.403],[8.072,38.167],[12.434,32.587],[13.241,30.102],[13.682,20.899],[8.606,15.837],[6.493,14.302],[-1.007,10.227],[-8.506,14.302],[-10.62,15.837],[-15.696,20.899],[-15.255,30.102],[-14.447,32.587],[-10.085,38.167],[-2.313,41.403]],"c":true}]},{"t":14,"s":[{"i":[[-0.007,0],[-0.006,-0.003],[0,0],[0,0],[-0.01,0.01],[0,0],[0,0],[0.006,0.012],[0,0],[0,0],[0.014,-0.002],[0,0],[0,0],[0.002,-0.014],[0,0],[0,0]],"o":[[0.007,0],[0,0],[0,0],[-0.002,-0.014],[0,0],[0,0],[-0.014,-0.002],[0,0],[0,0],[-0.006,0.012],[0,0],[0,0],[0.01,0.01],[0,0],[0,0],[0.006,-0.003]],"v":[[-1.224,28.932],[-1.205,28.937],[-0.98,29.055],[-1.023,28.805],[-1.011,28.768],[-0.829,28.59],[-1.08,28.554],[-1.112,28.531],[-1.224,28.303],[-1.337,28.531],[-1.368,28.554],[-1.619,28.59],[-1.438,28.768],[-1.426,28.805],[-1.469,29.055],[-1.244,28.937]],"c":true}]}],"ix":2},"nm":"Path 1","mn":"ADBE Vector Shape - Group","hd":false},{"ind":1,"ty":"sh","ix":2,"ks":{"a":0,"k":{"i":[[2.49,0],[2.728,1.981],[-1.007,5.871],[0,0],[0,0],[-1.841,5.666],[-5.896,0.856],[0,0],[0,0],[-5.957,0],[-2.637,-5.342],[0,0],[0,0],[-1.841,-5.666],[4.266,-4.158],[0,0],[0,0],[4.819,-3.501],[5.274,2.773],[0,0],[0,0]],"o":[[-3.246,0],[-4.819,-3.501],[0,0],[0,0],[-4.266,-4.158],[1.841,-5.666],[0,0],[0,0],[2.637,-5.342],[5.957,0],[0,0],[0,0],[5.896,0.856],[1.841,5.665],[0,0],[0,0],[1.007,5.871],[-4.819,3.501],[0,0],[0,0],[-2.289,1.204]],"v":[[-111.687,187.528],[-120.888,184.54],[-127.113,169.233],[-107.172,52.972],[-191.642,-29.365],[-195.602,-45.408],[-182.968,-56.059],[-66.234,-73.021],[-14.03,-178.799],[0.004,-187.523],[14.038,-178.799],[66.242,-73.021],[182.975,-56.059],[195.608,-45.408],[191.648,-29.365],[107.18,52.972],[127.12,169.233],[120.895,184.54],[104.413,185.731],[0.004,130.84],[-104.406,185.731]],"c":true},"ix":2},"nm":"Path 2","mn":"ADBE Vector Shape - Group","hd":false},{"ty":"fl","c":{"a":0,"k":[0.169,0.278,0.208,1],"ix":4,"x":"var $bm_rt;\n$bm_rt = comp('system-regular-95-star').layer('control').effect('primary')('Color');"},"o":{"a":0,"k":100,"ix":5},"r":1,"bm":0,"nm":".primary","mn":"ADBE Vector Graphic - Fill","hd":false,"cl":"primary"},{"ty":"tr","p":{"a":0,"k":[0,0],"ix":2},"a":{"a":0,"k":[0,0],"ix":1},"s":{"a":0,"k":[100,100],"ix":3},"r":{"a":0,"k":0,"ix":6},"o":{"a":0,"k":100,"ix":7},"sk":{"a":0,"k":0,"ix":4},"sa":{"a":0,"k":0,"ix":5},"nm":"Transform"}],"nm":"Group 1","np":3,"cix":2,"bm":0,"ix":1,"mn":"ADBE Vector Group","hd":false}],"ip":0,"op":14,"st":0,"ct":1,"bm":0}]},{"id":"comp_5","nm":"morph-fill-position","fr":60,"layers":[{"ddd":0,"ind":1,"ty":4,"nm":".primary.design","cl":"primary design","parent":3,"td":1,"sr":1,"ks":{"o":{"a":0,"k":100,"ix":11},"r":{"a":0,"k":0,"ix":10},"p":{"a":0,"k":[0,0,0],"ix":2,"l":2},"a":{"a":0,"k":[0,0,0],"ix":1,"l":2},"s":{"a":0,"k":[100,100,100],"ix":6,"l":2}},"ao":0,"shapes":[{"ty":"gr","it":[{"ind":0,"ty":"sh","ix":1,"ks":{"a":0,"k":{"i":[[2.49,0],[2.728,1.981],[-1.007,5.871],[0,0],[0,0],[-1.841,5.666],[-5.896,0.856],[0,0],[0,0],[-5.957,0],[-2.637,-5.342],[0,0],[0,0],[-1.841,-5.666],[4.266,-4.158],[0,0],[0,0],[4.819,-3.501],[5.274,2.773],[0,0],[0,0]],"o":[[-3.246,0],[-4.819,-3.501],[0,0],[0,0],[-4.266,-4.158],[1.841,-5.666],[0,0],[0,0],[2.637,-5.342],[5.957,0],[0,0],[0,0],[5.896,0.856],[1.841,5.665],[0,0],[0,0],[1.007,5.871],[-4.819,3.501],[0,0],[0,0],[-2.289,1.204]],"v":[[-111.687,187.528],[-120.888,184.54],[-127.113,169.233],[-107.172,52.972],[-191.642,-29.365],[-195.602,-45.408],[-182.968,-56.059],[-66.234,-73.021],[-14.03,-178.799],[0.004,-187.523],[14.038,-178.799],[66.242,-73.021],[182.975,-56.059],[195.608,-45.408],[191.648,-29.365],[107.18,52.972],[127.12,169.233],[120.895,184.54],[104.413,185.731],[0.004,130.84],[-104.406,185.731]],"c":true},"ix":2},"nm":"Path 2","mn":"ADBE Vector Shape - Group","hd":false},{"ty":"fl","c":{"a":0,"k":[0.169,0.278,0.208,1],"ix":4,"x":"var $bm_rt;\n$bm_rt = comp('system-regular-95-star').layer('control').effect('primary')('Color');"},"o":{"a":0,"k":100,"ix":5},"r":1,"bm":0,"nm":".primary","mn":"ADBE Vector Graphic - Fill","hd":false,"cl":"primary"},{"ty":"tr","p":{"a":0,"k":[0,0],"ix":2},"a":{"a":0,"k":[0,0],"ix":1},"s":{"a":0,"k":[100,100],"ix":3},"r":{"a":0,"k":0,"ix":6},"o":{"a":0,"k":100,"ix":7},"sk":{"a":0,"k":0,"ix":4},"sa":{"a":0,"k":0,"ix":5},"nm":"Transform"}],"nm":"Group 1","np":2,"cix":2,"bm":0,"ix":1,"mn":"ADBE Vector Group","hd":false}],"ip":0,"op":300,"st":0,"ct":1,"bm":0},{"ddd":0,"ind":2,"ty":4,"nm":".primary.design","cl":"primary design","parent":3,"tt":1,"tp":1,"sr":1,"ks":{"o":{"a":0,"k":100,"ix":11},"r":{"a":0,"k":0,"ix":10},"p":{"a":1,"k":[{"i":{"x":0.667,"y":1},"o":{"x":0.333,"y":0},"t":15,"s":[0,226,0],"to":[0,-37.667,0],"ti":[0,37.667,0]},{"t":30,"s":[0,0,0]}],"ix":2,"l":2},"a":{"a":0,"k":[0,0,0],"ix":1,"l":2},"s":{"a":0,"k":[100,100,100],"ix":6,"l":2}},"ao":0,"shapes":[{"ty":"gr","it":[{"ind":0,"ty":"sh","ix":1,"ks":{"a":1,"k":[{"i":{"x":0.667,"y":1},"o":{"x":0.333,"y":0},"t":15,"s":[{"i":[[2.49,0],[2.728,1.981],[-1.007,5.871],[0,0],[0,0],[-0.16,5.955],[-5.411,2.492],[0,0],[0,0],[-5.957,0],[-2.637,-0.326],[0,0],[0,0],[-0.282,-5.95],[5.211,-2.886],[0,0],[0,0],[4.819,-3.501],[5.274,2.773],[0,0],[0,0]],"o":[[-3.246,0],[-4.819,-3.501],[0,0],[0,0],[-5.269,-2.779],[0.16,-5.955],[0,0],[0,0],[2.637,-0.326],[5.957,0],[0,0],[0,0],[5.461,2.38],[0.282,5.95],[0,0],[0,0],[1.007,5.871],[-4.819,3.501],[0,0],[0,0],[-2.289,1.204]],"v":[[-111.687,187.528],[-120.888,184.54],[-127.113,169.233],[-107.172,52.972],[-170.044,22.666],[-178.388,8.403],[-169.291,-5.392],[-62.149,-54.739],[-14.03,-79.468],[0.004,-80],[14.038,-79.468],[63.078,-55.399],[171.209,-8.262],[180.588,5.343],[172.538,19.774],[107.18,52.972],[127.12,169.233],[120.895,184.54],[104.413,185.731],[0.004,130.84],[-104.406,185.731]],"c":true}]},{"t":30,"s":[{"i":[[2.49,0],[2.728,1.981],[-1.007,5.871],[0,0],[0,0],[-1.841,5.666],[-5.896,0.856],[0,0],[0,0],[-5.957,0],[-2.637,-5.342],[0,0],[0,0],[-1.841,-5.666],[4.266,-4.158],[0,0],[0,0],[4.819,-3.501],[5.274,2.773],[0,0],[0,0]],"o":[[-3.246,0],[-4.819,-3.501],[0,0],[0,0],[-4.266,-4.158],[1.841,-5.666],[0,0],[0,0],[2.637,-5.342],[5.957,0],[0,0],[0,0],[5.896,0.856],[1.841,5.665],[0,0],[0,0],[1.007,5.871],[-4.819,3.501],[0,0],[0,0],[-2.289,1.204]],"v":[[-111.687,187.528],[-120.888,184.54],[-127.113,169.233],[-107.172,52.972],[-191.642,-29.365],[-195.602,-45.408],[-182.968,-56.059],[-66.234,-73.021],[-14.03,-178.799],[0.004,-187.523],[14.038,-178.799],[66.242,-73.021],[182.975,-56.059],[195.608,-45.408],[191.648,-29.365],[107.18,52.972],[127.12,169.233],[120.895,184.54],[104.413,185.731],[0.004,130.84],[-104.406,185.731]],"c":true}]}],"ix":2},"nm":"Path 2","mn":"ADBE Vector Shape - Group","hd":false},{"ty":"fl","c":{"a":0,"k":[0.169,0.278,0.208,1],"ix":4,"x":"var $bm_rt;\n$bm_rt = comp('system-regular-95-star').layer('control').effect('primary')('Color');"},"o":{"a":0,"k":100,"ix":5},"r":1,"bm":0,"nm":".primary","mn":"ADBE Vector Graphic - Fill","hd":false,"cl":"primary"},{"ty":"tr","p":{"a":0,"k":[0,0],"ix":2},"a":{"a":0,"k":[0,0],"ix":1},"s":{"a":0,"k":[100,100],"ix":3},"r":{"a":0,"k":0,"ix":6},"o":{"a":0,"k":100,"ix":7},"sk":{"a":0,"k":0,"ix":4},"sa":{"a":0,"k":0,"ix":5},"nm":"Transform"}],"nm":"Group 1","np":2,"cix":2,"bm":0,"ix":1,"mn":"ADBE Vector Group","hd":false}],"ip":0,"op":300,"st":0,"ct":1,"bm":0},{"ddd":0,"ind":3,"ty":4,"nm":".primary.design","cl":"primary design","sr":1,"ks":{"o":{"a":0,"k":100,"ix":11},"r":{"a":0,"k":0,"ix":10},"p":{"a":1,"k":[{"i":{"x":0.236,"y":1},"o":{"x":0.333,"y":0},"t":0,"s":[250,250,0],"to":[0,0,0],"ti":[0,0,0]},{"i":{"x":0.5,"y":1},"o":{"x":0.333,"y":0},"t":15,"s":[250,286,0],"to":[0,0,0],"ti":[0,0,0]},{"i":{"x":0.507,"y":1},"o":{"x":0.502,"y":0},"t":30,"s":[250,222,0],"to":[0,0,0],"ti":[0,0,0]},{"t":60,"s":[250,250,0]}],"ix":2,"l":2},"a":{"a":0,"k":[0,0,0],"ix":1,"l":2},"s":{"a":0,"k":[100,100,100],"ix":6,"l":2}},"ao":0,"shapes":[{"ty":"gr","it":[{"ind":0,"ty":"sh","ix":1,"ks":{"a":0,"k":{"i":[[-2.501,0],[-2.279,-1.199],[0,0],[0,0],[-3.688,3.595],[0,0],[0,0],[2.28,4.619],[0,0],[0,0],[5.098,-0.741],[0,0],[0,0],[0.871,-5.077],[0,0],[0,0]],"o":[[2.502,0],[0,0],[0,0],[-0.871,-5.077],[0,0],[0,0],[-5.098,-0.741],[0,0],[0,0],[-2.28,4.619],[0,0],[0,0],[3.688,3.596],[0,0],[0,0],[2.279,-1.198]],"v":[[0.004,97.509],[7.286,99.307],[90.91,143.27],[74.939,50.154],[79.44,36.302],[147.094,-29.644],[53.6,-43.229],[41.815,-51.79],[0.004,-136.511],[-41.808,-51.79],[-53.592,-43.229],[-147.086,-29.644],[-79.433,36.301],[-74.932,50.154],[-90.903,143.27],[-7.278,99.306]],"c":true},"ix":2},"nm":"Path 1","mn":"ADBE Vector Shape - Group","hd":false},{"ind":1,"ty":"sh","ix":2,"ks":{"a":0,"k":{"i":[[2.49,0],[2.728,1.981],[-1.007,5.871],[0,0],[0,0],[-1.841,5.666],[-5.896,0.856],[0,0],[0,0],[-5.957,0],[-2.637,-5.342],[0,0],[0,0],[-1.841,-5.666],[4.266,-4.158],[0,0],[0,0],[4.819,-3.501],[5.274,2.773],[0,0],[0,0]],"o":[[-3.246,0],[-4.819,-3.501],[0,0],[0,0],[-4.266,-4.158],[1.841,-5.666],[0,0],[0,0],[2.637,-5.342],[5.957,0],[0,0],[0,0],[5.896,0.856],[1.841,5.665],[0,0],[0,0],[1.007,5.871],[-4.819,3.501],[0,0],[0,0],[-2.289,1.204]],"v":[[-111.687,187.528],[-120.888,184.54],[-127.113,169.233],[-107.172,52.972],[-191.642,-29.365],[-195.602,-45.408],[-182.968,-56.059],[-66.234,-73.021],[-14.03,-178.799],[0.004,-187.523],[14.038,-178.799],[66.242,-73.021],[182.975,-56.059],[195.608,-45.408],[191.648,-29.365],[107.18,52.972],[127.12,169.233],[120.895,184.54],[104.413,185.731],[0.004,130.84],[-104.406,185.731]],"c":true},"ix":2},"nm":"Path 2","mn":"ADBE Vector Shape - Group","hd":false},{"ty":"fl","c":{"a":0,"k":[0.169,0.278,0.208,1],"ix":4,"x":"var $bm_rt;\n$bm_rt = comp('system-regular-95-star').layer('control').effect('primary')('Color');"},"o":{"a":0,"k":100,"ix":5},"r":1,"bm":0,"nm":".primary","mn":"ADBE Vector Graphic - Fill","hd":false,"cl":"primary"},{"ty":"tr","p":{"a":0,"k":[0,0],"ix":2},"a":{"a":0,"k":[0,0],"ix":1},"s":{"a":0,"k":[100,100],"ix":3},"r":{"a":0,"k":0,"ix":6},"o":{"a":0,"k":100,"ix":7},"sk":{"a":0,"k":0,"ix":4},"sa":{"a":0,"k":0,"ix":5},"nm":"Transform"}],"nm":"Group 1","np":3,"cix":2,"bm":0,"ix":1,"mn":"ADBE Vector Group","hd":false}],"ip":0,"op":300,"st":0,"ct":1,"bm":0}]},{"id":"comp_6","nm":"hover-filled-rotation","fr":60,"layers":[{"ddd":0,"ind":1,"ty":4,"nm":".primary.design","cl":"primary design","sr":1,"ks":{"o":{"a":0,"k":100,"ix":11},"r":{"a":0,"k":0,"ix":10},"p":{"a":0,"k":[250,250,0],"ix":2,"l":2},"a":{"a":0,"k":[0,0,0],"ix":1,"l":2},"s":{"a":0,"k":[100,100,100],"ix":6,"l":2}},"ao":0,"shapes":[{"ty":"gr","it":[{"ind":0,"ty":"sh","ix":1,"ks":{"a":0,"k":{"i":[[2.49,0],[2.728,1.981],[-1.007,5.871],[0,0],[0,0],[-1.841,5.666],[-5.896,0.856],[0,0],[0,0],[-5.957,0],[-2.637,-5.342],[0,0],[0,0],[-1.841,-5.666],[4.266,-4.158],[0,0],[0,0],[4.819,-3.501],[5.274,2.773],[0,0],[0,0]],"o":[[-3.246,0],[-4.819,-3.501],[0,0],[0,0],[-4.266,-4.158],[1.841,-5.666],[0,0],[0,0],[2.637,-5.342],[5.957,0],[0,0],[0,0],[5.896,0.856],[1.841,5.665],[0,0],[0,0],[1.007,5.871],[-4.819,3.501],[0,0],[0,0],[-2.289,1.204]],"v":[[-111.687,187.528],[-120.888,184.54],[-127.113,169.233],[-107.172,52.972],[-191.642,-29.365],[-195.602,-45.408],[-182.968,-56.059],[-66.234,-73.021],[-14.03,-178.799],[0.004,-187.523],[14.038,-178.799],[66.242,-73.021],[182.975,-56.059],[195.608,-45.408],[191.648,-29.365],[107.18,52.972],[127.12,169.233],[120.895,184.54],[104.413,185.731],[0.004,130.84],[-104.406,185.731]],"c":true},"ix":2},"nm":"Path 2","mn":"ADBE Vector Shape - Group","hd":false},{"ty":"fl","c":{"a":0,"k":[0.169,0.278,0.208,1],"ix":4,"x":"var $bm_rt;\n$bm_rt = comp('system-regular-95-star').layer('control').effect('primary')('Color');"},"o":{"a":0,"k":100,"ix":5},"r":1,"bm":0,"nm":".primary","mn":"ADBE Vector Graphic - Fill","hd":false,"cl":"primary"},{"ty":"tr","p":{"a":0,"k":[0,0],"ix":2},"a":{"a":0,"k":[0,0],"ix":1},"s":{"a":0,"k":[100,100],"ix":3},"r":{"a":0,"k":0,"ix":6},"o":{"a":0,"k":100,"ix":7},"sk":{"a":0,"k":0,"ix":4},"sa":{"a":0,"k":0,"ix":5},"nm":"Transform"}],"nm":"Group 1","np":2,"cix":2,"bm":0,"ix":1,"mn":"ADBE Vector Group","hd":false}],"ip":60,"op":300,"st":0,"ct":1,"bm":0},{"ddd":0,"ind":2,"ty":4,"nm":".primary.design","cl":"primary design","sr":1,"ks":{"o":{"a":0,"k":100,"ix":11},"r":{"a":0,"k":0,"ix":10},"p":{"a":0,"k":[250,250,0],"ix":2,"l":2},"a":{"a":0,"k":[0,0,0],"ix":1,"l":2},"s":{"a":0,"k":[100,100,100],"ix":6,"l":2}},"ao":0,"shapes":[{"ty":"gr","it":[{"ind":0,"ty":"sh","ix":1,"ks":{"a":0,"k":{"i":[[2.49,0],[2.728,1.981],[-1.007,5.871],[0,0],[0,0],[-1.841,5.666],[-5.896,0.856],[0,0],[0,0],[-5.957,0],[-2.637,-5.342],[0,0],[0,0],[-1.841,-5.666],[4.266,-4.158],[0,0],[0,0],[4.819,-3.501],[5.274,2.773],[0,0],[0,0]],"o":[[-3.246,0],[-4.819,-3.501],[0,0],[0,0],[-4.266,-4.158],[1.841,-5.666],[0,0],[0,0],[2.637,-5.342],[5.957,0],[0,0],[0,0],[5.896,0.856],[1.841,5.665],[0,0],[0,0],[1.007,5.871],[-4.819,3.501],[0,0],[0,0],[-2.289,1.204]],"v":[[-111.687,187.528],[-120.888,184.54],[-127.113,169.233],[-107.172,52.972],[-191.642,-29.365],[-195.602,-45.408],[-182.968,-56.059],[-66.234,-73.021],[-14.03,-178.799],[0.004,-187.523],[14.038,-178.799],[66.242,-73.021],[182.975,-56.059],[195.608,-45.408],[191.648,-29.365],[107.18,52.972],[127.12,169.233],[120.895,184.54],[104.413,185.731],[0.004,130.84],[-104.406,185.731]],"c":true},"ix":2},"nm":"Path 2","mn":"ADBE Vector Shape - Group","hd":false},{"ty":"fl","c":{"a":0,"k":[0.169,0.278,0.208,1],"ix":4,"x":"var $bm_rt;\n$bm_rt = comp('system-regular-95-star').layer('control').effect('primary')('Color');"},"o":{"a":0,"k":100,"ix":5},"r":1,"bm":0,"nm":".primary","mn":"ADBE Vector Graphic - Fill","hd":false,"cl":"primary"},{"ty":"tr","p":{"a":0,"k":[0,0],"ix":2},"a":{"a":0,"k":[0,0],"ix":1},"s":{"a":0,"k":[100,100],"ix":3},"r":{"a":0,"k":0,"ix":6},"o":{"a":0,"k":100,"ix":7},"sk":{"a":0,"k":0,"ix":4},"sa":{"a":0,"k":0,"ix":5},"nm":"Transform"}],"nm":"Group 1","np":2,"cix":2,"bm":0,"ix":1,"mn":"ADBE Vector Group","hd":false}],"ip":0,"op":1,"st":0,"ct":1,"bm":0},{"ddd":0,"ind":3,"ty":4,"nm":".primary.design","cl":"primary design","sr":1,"ks":{"o":{"a":0,"k":100,"ix":11},"r":{"a":1,"k":[{"i":{"x":[0.1],"y":[1]},"o":{"x":[0.333],"y":[0]},"t":1,"s":[0]},{"t":60,"s":[144]}],"ix":10},"p":{"a":1,"k":[{"i":{"x":0.1,"y":1},"o":{"x":0.333,"y":0},"t":1,"s":[250.004,267.003,0],"to":[0.167,0.417,0],"ti":[-0.167,-0.417,0]},{"t":60,"s":[251.004,269.503,0]}],"ix":2,"l":2},"a":{"a":0,"k":[0.155,16.8,0],"ix":1,"l":2},"s":{"a":0,"k":[100,100,100],"ix":6,"l":2}},"ao":0,"shapes":[{"ty":"gr","it":[{"ind":0,"ty":"sh","ix":1,"ks":{"a":1,"k":[{"i":{"x":0.667,"y":1},"o":{"x":0.333,"y":0},"t":1,"s":[{"i":[[0,0],[0,0],[0,0],[0,0],[0,0],[0,0],[0,0],[0,0],[0,0],[0,0]],"o":[[0,0],[0,0],[0,0],[0,0],[0,0],[0,0],[0,0],[0,0],[0,0],[0,0]],"v":[[0,-171.876],[55.846,-58.72],[180.721,-40.574],[90.36,47.505],[111.692,171.876],[0,113.156],[-111.692,171.876],[-90.36,47.505],[-180.721,-40.574],[-55.846,-58.72]],"c":true}]},{"i":{"x":0.667,"y":1},"o":{"x":0.333,"y":0},"t":24,"s":[{"i":[[0,0],[0,0],[0,0],[0,0],[0,0],[0,0],[0,0],[0,0],[0,0],[0,0]],"o":[[0,0],[0,0],[0,0],[0,0],[0,0],[0,0],[0,0],[0,0],[0,0],[0,0]],"v":[[0,-196.137],[46.391,-44.17],[206.231,-46.302],[75.061,44.07],[127.458,196.137],[0,98.606],[-127.458,196.137],[-75.061,44.07],[-206.231,-46.302],[-46.391,-44.17]],"c":true}]},{"t":60,"s":[{"i":[[0,0],[0,0],[0,0],[0,0],[0,0],[0,0],[0,0],[0,0],[0,0],[0,0]],"o":[[0,0],[0,0],[0,0],[0,0],[0,0],[0,0],[0,0],[0,0],[0,0],[0,0]],"v":[[0,-171.876],[55.846,-58.72],[180.721,-40.574],[90.36,47.505],[111.692,171.876],[0,113.156],[-111.692,171.876],[-90.36,47.505],[-180.721,-40.574],[-55.846,-58.72]],"c":true}]}],"ix":2},"nm":"Path 1","mn":"ADBE Vector Shape - Group","hd":false},{"ty":"st","c":{"a":0,"k":[0.169,0.278,0.208,1],"ix":3,"x":"var $bm_rt;\n$bm_rt = comp('system-regular-95-star').layer('control').effect('primary')('Color');"},"o":{"a":0,"k":100,"ix":4},"w":{"a":0,"k":31.3,"ix":5},"lc":2,"lj":2,"bm":0,"nm":".primary","mn":"ADBE Vector Graphic - Stroke","hd":false,"cl":"primary"},{"ty":"tr","p":{"a":0,"k":[0,0],"ix":2},"a":{"a":0,"k":[0,0],"ix":1},"s":{"a":0,"k":[100,100],"ix":3},"r":{"a":0,"k":0,"ix":6},"o":{"a":0,"k":100,"ix":7},"sk":{"a":0,"k":0,"ix":4},"sa":{"a":0,"k":0,"ix":5},"nm":"Transform"}],"nm":"Group 1","np":2,"cix":2,"bm":0,"ix":1,"mn":"ADBE Vector Group","hd":false},{"ty":"fl","c":{"a":0,"k":[0.169,0.278,0.208,1],"ix":4,"x":"var $bm_rt;\n$bm_rt = comp('system-regular-95-star').layer('control').effect('primary')('Color');"},"o":{"a":0,"k":100,"ix":5},"r":1,"bm":0,"nm":".primary","mn":"ADBE Vector Graphic - Fill","hd":false,"cl":"primary"}],"ip":1,"op":60,"st":0,"ct":1,"bm":0}]},{"id":"comp_7","nm":"hover-filled-jump","fr":60,"layers":[{"ddd":0,"ind":1,"ty":4,"nm":".primary.design","cl":"primary design","sr":1,"ks":{"o":{"a":0,"k":100,"ix":11},"r":{"a":0,"k":0,"ix":10},"p":{"a":0,"k":[250,250,0],"ix":2,"l":2},"a":{"a":0,"k":[0,0,0],"ix":1,"l":2},"s":{"a":0,"k":[100,100,100],"ix":6,"l":2}},"ao":0,"shapes":[{"ty":"gr","it":[{"ind":0,"ty":"sh","ix":1,"ks":{"a":0,"k":{"i":[[2.49,0],[2.728,1.981],[-1.007,5.871],[0,0],[0,0],[-1.841,5.666],[-5.896,0.856],[0,0],[0,0],[-5.957,0],[-2.637,-5.342],[0,0],[0,0],[-1.841,-5.666],[4.266,-4.158],[0,0],[0,0],[4.819,-3.501],[5.274,2.773],[0,0],[0,0]],"o":[[-3.246,0],[-4.819,-3.501],[0,0],[0,0],[-4.266,-4.158],[1.841,-5.666],[0,0],[0,0],[2.637,-5.342],[5.957,0],[0,0],[0,0],[5.896,0.856],[1.841,5.665],[0,0],[0,0],[1.007,5.871],[-4.819,3.501],[0,0],[0,0],[-2.289,1.204]],"v":[[-111.687,187.528],[-120.888,184.54],[-127.113,169.233],[-107.172,52.972],[-191.642,-29.365],[-195.602,-45.408],[-182.968,-56.059],[-66.234,-73.021],[-14.03,-178.799],[0.004,-187.523],[14.038,-178.799],[66.242,-73.021],[182.975,-56.059],[195.608,-45.408],[191.648,-29.365],[107.18,52.972],[127.12,169.233],[120.895,184.54],[104.413,185.731],[0.004,130.84],[-104.406,185.731]],"c":true},"ix":2},"nm":"Path 2","mn":"ADBE Vector Shape - Group","hd":false},{"ty":"fl","c":{"a":0,"k":[0.169,0.278,0.208,1],"ix":4,"x":"var $bm_rt;\n$bm_rt = comp('system-regular-95-star').layer('control').effect('primary')('Color');"},"o":{"a":0,"k":100,"ix":5},"r":1,"bm":0,"nm":".primary","mn":"ADBE Vector Graphic - Fill","hd":false,"cl":"primary"},{"ty":"tr","p":{"a":0,"k":[0,0],"ix":2},"a":{"a":0,"k":[0,0],"ix":1},"s":{"a":0,"k":[100,100],"ix":3},"r":{"a":0,"k":0,"ix":6},"o":{"a":0,"k":100,"ix":7},"sk":{"a":0,"k":0,"ix":4},"sa":{"a":0,"k":0,"ix":5},"nm":"Transform"}],"nm":"Group 1","np":2,"cix":2,"bm":0,"ix":1,"mn":"ADBE Vector Group","hd":false}],"ip":60,"op":300,"st":0,"ct":1,"bm":0},{"ddd":0,"ind":2,"ty":4,"nm":".primary.design","cl":"primary design","sr":1,"ks":{"o":{"a":0,"k":100,"ix":11},"r":{"a":0,"k":0,"ix":10},"p":{"a":0,"k":[250,250,0],"ix":2,"l":2},"a":{"a":0,"k":[0,0,0],"ix":1,"l":2},"s":{"a":0,"k":[100,100,100],"ix":6,"l":2}},"ao":0,"shapes":[{"ty":"gr","it":[{"ind":0,"ty":"sh","ix":1,"ks":{"a":0,"k":{"i":[[2.49,0],[2.728,1.981],[-1.007,5.871],[0,0],[0,0],[-1.841,5.666],[-5.896,0.856],[0,0],[0,0],[-5.957,0],[-2.637,-5.342],[0,0],[0,0],[-1.841,-5.666],[4.266,-4.158],[0,0],[0,0],[4.819,-3.501],[5.274,2.773],[0,0],[0,0]],"o":[[-3.246,0],[-4.819,-3.501],[0,0],[0,0],[-4.266,-4.158],[1.841,-5.666],[0,0],[0,0],[2.637,-5.342],[5.957,0],[0,0],[0,0],[5.896,0.856],[1.841,5.665],[0,0],[0,0],[1.007,5.871],[-4.819,3.501],[0,0],[0,0],[-2.289,1.204]],"v":[[-111.687,187.528],[-120.888,184.54],[-127.113,169.233],[-107.172,52.972],[-191.642,-29.365],[-195.602,-45.408],[-182.968,-56.059],[-66.234,-73.021],[-14.03,-178.799],[0.004,-187.523],[14.038,-178.799],[66.242,-73.021],[182.975,-56.059],[195.608,-45.408],[191.648,-29.365],[107.18,52.972],[127.12,169.233],[120.895,184.54],[104.413,185.731],[0.004,130.84],[-104.406,185.731]],"c":true},"ix":2},"nm":"Path 2","mn":"ADBE Vector Shape - Group","hd":false},{"ty":"fl","c":{"a":0,"k":[0.169,0.278,0.208,1],"ix":4,"x":"var $bm_rt;\n$bm_rt = comp('system-regular-95-star').layer('control').effect('primary')('Color');"},"o":{"a":0,"k":100,"ix":5},"r":1,"bm":0,"nm":".primary","mn":"ADBE Vector Graphic - Fill","hd":false,"cl":"primary"},{"ty":"tr","p":{"a":0,"k":[0,0],"ix":2},"a":{"a":0,"k":[0,0],"ix":1},"s":{"a":0,"k":[100,100],"ix":3},"r":{"a":0,"k":0,"ix":6},"o":{"a":0,"k":100,"ix":7},"sk":{"a":0,"k":0,"ix":4},"sa":{"a":0,"k":0,"ix":5},"nm":"Transform"}],"nm":"Group 1","np":2,"cix":2,"bm":0,"ix":1,"mn":"ADBE Vector Group","hd":false}],"ip":0,"op":1,"st":0,"ct":1,"bm":0},{"ddd":0,"ind":3,"ty":4,"nm":".primary.design","cl":"primary design","sr":1,"ks":{"o":{"a":0,"k":100,"ix":11},"r":{"a":1,"k":[{"i":{"x":[0.575],"y":[1.082]},"o":{"x":[0.167],"y":[0]},"t":1,"s":[0]},{"i":{"x":[0.703],"y":[1]},"o":{"x":[0.341],"y":[0.059]},"t":14,"s":[-56.718]},{"i":{"x":[0.667],"y":[1]},"o":{"x":[0.333],"y":[0]},"t":28.432,"s":[13]},{"i":{"x":[0.667],"y":[1]},"o":{"x":[0.333],"y":[0]},"t":46.471,"s":[-4]},{"t":60,"s":[0]}],"ix":10},"p":{"a":0,"k":[250.004,267.003,0],"ix":2,"l":2},"a":{"a":0,"k":[0.155,16.8,0],"ix":1,"l":2},"s":{"a":0,"k":[100,100,100],"ix":6,"l":2}},"ao":0,"shapes":[{"ty":"gr","it":[{"ind":0,"ty":"sh","ix":1,"ks":{"a":1,"k":[{"i":{"x":0.667,"y":1},"o":{"x":0.167,"y":0},"t":1,"s":[{"i":[[0,0],[0,0],[0,0],[0,0],[0,0],[0,0],[0,0],[0,0],[0,0],[0,0]],"o":[[0,0],[0,0],[0,0],[0,0],[0,0],[0,0],[0,0],[0,0],[0,0],[0,0]],"v":[[0,-171.876],[55.846,-58.72],[180.721,-40.574],[90.36,47.505],[111.692,171.876],[0,113.156],[-111.692,171.876],[-90.36,47.505],[-180.721,-40.574],[-55.846,-58.72]],"c":true}]},{"i":{"x":0.667,"y":1},"o":{"x":0.333,"y":0},"t":14,"s":[{"i":[[0,0],[0,0],[0,0],[0,0],[0,0],[0,0],[0,0],[0,0],[0,0],[0,0]],"o":[[0,0],[0,0],[0,0],[0,0],[0,0],[0,0],[0,0],[0,0],[0,0],[0,0]],"v":[[-0.137,-140.075],[24.504,-10.49],[151.511,-29.897],[39.648,36.12],[93.587,148.375],[0,64.926],[-93.86,148.375],[-39.648,36.12],[-151.784,-29.897],[-24.504,-10.49]],"c":true}]},{"i":{"x":0.667,"y":1},"o":{"x":0.333,"y":0},"t":24.824,"s":[{"i":[[0,0],[0,0],[0,0],[0,0],[0,0],[0,0],[0,0],[0,0],[0,0],[0,0]],"o":[[0,0],[0,0],[0,0],[0,0],[0,0],[0,0],[0,0],[0,0],[0,0],[0,0]],"v":[[0,-204.621],[66.485,-69.907],[215.151,-48.305],[107.576,56.556],[132.971,204.621],[0,134.714],[-132.971,204.621],[-107.576,56.556],[-215.152,-48.305],[-66.485,-69.907]],"c":true}]},{"i":{"x":0.667,"y":1},"o":{"x":0.333,"y":0},"t":42.863,"s":[{"i":[[0,0],[0,0],[0,0],[0,0],[0,0],[0,0],[0,0],[0,0],[0,0],[0,0]],"o":[[0,0],[0,0],[0,0],[0,0],[0,0],[0,0],[0,0],[0,0],[0,0],[0,0]],"v":[[0,-153.264],[49.799,-52.361],[161.151,-36.181],[80.576,42.361],[99.597,153.264],[0,100.903],[-99.597,153.264],[-80.576,42.361],[-161.151,-36.181],[-49.799,-52.361]],"c":true}]},{"t":56.392578125,"s":[{"i":[[0,0],[0,0],[0,0],[0,0],[0,0],[0,0],[0,0],[0,0],[0,0],[0,0]],"o":[[0,0],[0,0],[0,0],[0,0],[0,0],[0,0],[0,0],[0,0],[0,0],[0,0]],"v":[[0,-171.876],[55.846,-58.72],[180.721,-40.574],[90.36,47.505],[111.692,171.876],[0,113.156],[-111.692,171.876],[-90.36,47.505],[-180.721,-40.574],[-55.846,-58.72]],"c":true}]}],"ix":2},"nm":"Path 1","mn":"ADBE Vector Shape - Group","hd":false},{"ty":"st","c":{"a":0,"k":[0.169,0.278,0.208,1],"ix":3,"x":"var $bm_rt;\n$bm_rt = comp('system-regular-95-star').layer('control').effect('primary')('Color');"},"o":{"a":0,"k":100,"ix":4},"w":{"a":0,"k":31.3,"ix":5},"lc":2,"lj":2,"bm":0,"nm":".primary","mn":"ADBE Vector Graphic - Stroke","hd":false,"cl":"primary"},{"ty":"tr","p":{"a":0,"k":[0,0],"ix":2},"a":{"a":0,"k":[0,0],"ix":1},"s":{"a":0,"k":[100,100],"ix":3},"r":{"a":0,"k":0,"ix":6},"o":{"a":0,"k":100,"ix":7},"sk":{"a":0,"k":0,"ix":4},"sa":{"a":0,"k":0,"ix":5},"nm":"Transform"}],"nm":"Group 1","np":2,"cix":2,"bm":0,"ix":1,"mn":"ADBE Vector Group","hd":false},{"ty":"fl","c":{"a":0,"k":[0.169,0.278,0.208,1],"ix":4,"x":"var $bm_rt;\n$bm_rt = comp('system-regular-95-star').layer('control').effect('primary')('Color');"},"o":{"a":0,"k":100,"ix":5},"r":1,"bm":0,"nm":".primary","mn":"ADBE Vector Graphic - Fill","hd":false,"cl":"primary"}],"ip":1,"op":60,"st":0,"ct":1,"bm":0}]}],"layers":[{"ddd":0,"ind":1,"ty":3,"nm":"control","sr":1,"ks":{"o":{"a":0,"k":0,"ix":11},"r":{"a":0,"k":0,"ix":10},"p":{"a":0,"k":[0,0],"ix":2,"l":2},"a":{"a":0,"k":[0,0,0],"ix":1,"l":2},"s":{"a":0,"k":[100,100,100],"ix":6,"l":2}},"ao":0,"ef":[{"ty":5,"nm":"primary","np":3,"mn":"ADBE Color Control","ix":1,"en":1,"ef":[{"ty":2,"nm":"Color","mn":"ADBE Color Control-0001","ix":1,"v":{"a":0,"k":[0.169,0.278,0.208],"ix":1}}]}],"ip":0,"op":551,"st":0,"bm":0},{"ddd":0,"ind":2,"ty":0,"nm":"in-calm","refId":"comp_0","sr":1,"ks":{"o":{"a":0,"k":100,"ix":11},"r":{"a":0,"k":0,"ix":10},"p":{"a":0,"k":[250,250,0],"ix":2,"l":2},"a":{"a":0,"k":[250,250,0],"ix":1,"l":2},"s":{"a":0,"k":[100,100,100],"ix":6,"l":2}},"ao":0,"w":500,"h":500,"ip":0,"op":70,"st":0,"bm":0},{"ddd":0,"ind":3,"ty":0,"nm":"in-dynamic","refId":"comp_1","sr":1,"ks":{"o":{"a":0,"k":100,"ix":11},"r":{"a":0,"k":0,"ix":10},"p":{"a":0,"k":[250,250,0],"ix":2,"l":2},"a":{"a":0,"k":[250,250,0],"ix":1,"l":2},"s":{"a":0,"k":[100,100,100],"ix":6,"l":2}},"ao":0,"w":500,"h":500,"ip":70,"op":140,"st":70,"bm":0},{"ddd":0,"ind":4,"ty":0,"nm":"hover-rotation","refId":"comp_2","sr":1,"ks":{"o":{"a":0,"k":100,"ix":11},"r":{"a":0,"k":0,"ix":10},"p":{"a":0,"k":[250,250,0],"ix":2,"l":2},"a":{"a":0,"k":[250,250,0],"ix":1,"l":2},"s":{"a":0,"k":[100,100,100],"ix":6,"l":2}},"ao":0,"w":500,"h":500,"ip":140,"op":210,"st":140,"bm":0},{"ddd":0,"ind":5,"ty":0,"nm":"hover-jump","refId":"comp_3","sr":1,"ks":{"o":{"a":0,"k":100,"ix":11},"r":{"a":0,"k":0,"ix":10},"p":{"a":0,"k":[250,250,0],"ix":2,"l":2},"a":{"a":0,"k":[250,250,0],"ix":1,"l":2},"s":{"a":0,"k":[100,100,100],"ix":6,"l":2}},"ao":0,"w":500,"h":500,"ip":210,"op":280,"st":210,"bm":0},{"ddd":0,"ind":6,"ty":0,"nm":"morph-fill-rotation","refId":"comp_4","sr":1,"ks":{"o":{"a":0,"k":100,"ix":11},"r":{"a":0,"k":0,"ix":10},"p":{"a":0,"k":[250,250,0],"ix":2,"l":2},"a":{"a":0,"k":[250,250,0],"ix":1,"l":2},"s":{"a":0,"k":[100,100,100],"ix":6,"l":2}},"ao":0,"w":500,"h":500,"ip":280,"op":350,"st":280,"bm":0},{"ddd":0,"ind":7,"ty":0,"nm":"morph-fill-position","refId":"comp_5","sr":1,"ks":{"o":{"a":0,"k":100,"ix":11},"r":{"a":0,"k":0,"ix":10},"p":{"a":0,"k":[250,250,0],"ix":2,"l":2},"a":{"a":0,"k":[250,250,0],"ix":1,"l":2},"s":{"a":0,"k":[100,100,100],"ix":6,"l":2}},"ao":0,"w":500,"h":500,"ip":350,"op":420,"st":350,"bm":0},{"ddd":0,"ind":8,"ty":0,"nm":"hover-filled-rotation","refId":"comp_6","sr":1,"ks":{"o":{"a":0,"k":100,"ix":11},"r":{"a":0,"k":0,"ix":10},"p":{"a":0,"k":[250,250,0],"ix":2,"l":2},"a":{"a":0,"k":[250,250,0],"ix":1,"l":2},"s":{"a":0,"k":[100,100,100],"ix":6,"l":2}},"ao":0,"w":500,"h":500,"ip":420,"op":490,"st":420,"bm":0},{"ddd":0,"ind":9,"ty":0,"nm":"hover-filled-jump","refId":"comp_7","sr":1,"ks":{"o":{"a":0,"k":100,"ix":11},"r":{"a":0,"k":0,"ix":10},"p":{"a":0,"k":[250,250,0],"ix":2,"l":2},"a":{"a":0,"k":[250,250,0],"ix":1,"l":2},"s":{"a":0,"k":[100,100,100],"ix":6,"l":2}},"ao":0,"w":500,"h":500,"ip":490,"op":560,"st":490,"bm":0}],"markers":[{"tm":0,"cm":"in-calm","dr":60},{"tm":70,"cm":"in-dynamic","dr":60},{"tm":140,"cm":"hover-rotation","dr":60},{"tm":210,"cm":"hover-jump","dr":60},{"tm":280,"cm":"morph-fill-rotation","dr":60},{"tm":350,"cm":"default:morph-fill-position","dr":60},{"tm":420,"cm":"hover-filled-rotation","dr":60},{"tm":490,"cm":"hover-filled-jump","dr":60}],"props":{}}